# https://github.com/mikedh/trimesh
mtllib material.mtl
usemtl material_0
v -0.63485063 -0.00043775 -0.29255239
v -0.61420636 -0.04410764 -0.30959835
v -0.63560356 -0.04541214 -0.28905915
v -0.44984017 0.15460438 -0.38860339
v -0.43704913 0.14234739 -0.41023697
v -0.45398128 0.12358545 -0.40203354
v -0.44945495 0.10847433 -0.41287222
v -0.46122166 0.08630670 -0.40979047
v -0.47157881 0.10830799 -0.38685239
v -0.45987339 0.14667236 -0.38273754
v -0.41511788 0.15244190 -0.41267086
v -0.43266288 0.13783857 -0.41363391
v -0.40861292 0.18237521 -0.41173407
v -0.42213938 0.17152778 -0.40756670
v -0.44208325 0.10230206 -0.41366893
v -0.43099943 0.08925713 -0.40729529
v -0.41583579 0.12347163 -0.40661240
v -0.41335812 0.07182594 -0.39091471
v -0.61102830 0.05330038 -0.31135811
v -0.58460574 0.06546982 -0.33010254
v -0.58823906 0.02520562 -0.33055780
v -0.56819889 0.03346157 -0.34259591
v -0.54793984 0.06809632 -0.35111452
v -0.53719747 0.11910289 -0.35039661
v -0.49337874 0.08648180 -0.37503315
v -0.54082203 0.01251088 -0.35742687
v -0.56912692 -0.01084743 -0.34302491
v -0.50211622 0.06153007 -0.37348352
v -0.50894511 0.01054101 -0.37247670
v -0.61157111 0.00436874 -0.31376573
v -0.59218756 -0.02903155 -0.32797508
v -0.56730588 -0.08951978 -0.33876123
v -0.59606602 -0.09552570 -0.31807318
v -0.61945936 -0.08854797 -0.29865462
v -0.65579257 -0.04784602 -0.26577087
v -0.64097912 -0.09322314 -0.27445582
v -0.55708880 -0.03353161 -0.34919718
v -0.53209331 -0.07146699 -0.35882767
v -0.47858280 -0.00778319 -0.40508904
v -0.46967022 -0.00066538 -0.41351134
v -0.46900484 -0.02950432 -0.41400162
v -0.46227226 0.01870066 -0.41384403
v -0.45577605 -0.04392379 -0.41383527
v -0.44823801 -0.01348269 -0.40983424
v -0.46368181 0.05806310 -0.41351134
v -0.46987159 0.06175770 -0.40704140
v -0.46994163 0.03095765 -0.41268837
v -0.48643603 0.06797375 -0.38377063
v -0.47973846 0.03284872 -0.39960841
v -0.47942328 0.12593178 -0.37559347
v -0.49329119 0.02669397 -0.38265875
v -0.49923583 -0.01244084 -0.37845635
v -0.48291652 0.00711781 -0.39590505
v -0.49076975 -0.00443003 -0.38706251
v -0.45195012 0.06385015 -0.41369519
v -0.44883335 0.02537196 -0.41053464
v -0.43699660 0.05865844 -0.40585072
v -0.42372403 0.02849749 -0.39232426
v -0.39221482 0.05674985 -0.38215096
v -0.40971605 0.02566088 -0.38514517
v -0.42236701 -0.00450007 -0.39001294
v -0.40110114 -0.00689018 -0.38236108
v -0.42052846 -0.03400438 -0.38968901
v -0.48474632 -0.03397812 -0.39377759
v -0.47673550 -0.03671843 -0.40654236
v -0.45799107 -0.06879672 -0.41485085
v -0.46598437 -0.07036386 -0.41168154
v -0.47858280 -0.06019056 -0.39291084
v -0.48304785 -0.07025004 -0.38646717
v -0.43949177 -0.05179452 -0.40619216
v -0.43639250 -0.09279414 -0.41006187
v -0.41107307 -0.07606336 -0.38967150
v -0.47515085 -0.10047227 -0.38670356
v -0.49507721 -0.07750793 -0.37494560
v -0.47520338 -0.12036361 -0.37966454
v -0.45940937 -0.10820293 -0.40578943
v -0.48807321 -0.12400569 -0.37156618
v -0.45400755 -0.10241588 -0.41402788
v -0.44347529 -0.10943738 -0.41469326
v -0.44432453 -0.13055442 -0.41313487
v -0.45625758 -0.14164699 -0.38862965
v -0.50813965 -0.03348784 -0.37224907
v -0.50250144 -0.05173324 -0.37288818
v -0.49380773 -0.04314459 -0.38070639
v -0.51966122 -0.12103774 -0.35830237
v -0.53785409 -0.14164699 -0.34590530
v -0.48582318 -0.07305164 -0.32564625
v -0.49962980 -0.02899653 -0.32409662
v -0.51180799 -0.07603709 -0.31633094
v -0.46646590 -0.03090512 -0.33312301
v -0.51121265 -0.10535756 -0.31283770
v -0.47453800 -0.11776338 -0.32456063
v -0.45184506 -0.09049158 -0.33298293
v -0.43417749 -0.03474856 -0.33720284
v -0.41123942 -0.11866514 -0.33636236
v -0.38430907 -0.08914331 -0.33660750
v -0.43168232 -0.15055957 -0.33153836
v -0.35456836 0.05679362 -0.37747580
v -0.33413421 -0.00067413 -0.37505942
v -0.38158626 -0.07830464 -0.38120542
v -0.42263841 -0.14985042 -0.41474579
v -0.42810153 -0.15870171 -0.41352009
v -0.40879677 -0.13948451 -0.40662991
v -0.39874604 -0.17090617 -0.41133134
v -0.39612830 -0.12027606 -0.39082716
v -0.37697238 -0.14658481 -0.38878724
v -0.40520723 -0.06080341 -0.38536404
v -0.38545597 -0.11525070 -0.38512766
v -0.31015430 -0.07302538 -0.37498938
v -0.34906147 -0.15418414 -0.38220349
v -0.32182470 -0.15172399 -0.37899916
v -0.20777344 -0.16405977 -0.37303702
v -0.44901720 0.46849705 -0.07414164
v -0.48563057 0.44780901 -0.03429768
v -0.47159632 0.46086270 0.02471096
v -0.62461605 0.13765472 -0.28099580
v -0.62461605 0.13765472 -0.28099580
v -0.59691526 0.19572657 -0.28693168
v -0.59691526 0.19572657 -0.28693168
v -0.58998130 0.16130195 -0.30603507
v -0.62304015 0.22057323 -0.23916445
v -0.63688179 0.17099372 -0.25036209
v -0.64510272 0.18347834 -0.22798433
v -0.58961359 0.26687838 -0.25023076
v -0.57388088 0.25717785 -0.27642569
v -0.60374415 0.24612905 -0.24830466
v -0.60972381 0.20732693 -0.26654131
v -0.56523095 0.23980795 -0.29470611
v -0.56523095 0.23980795 -0.29470611
v -0.62294384 0.17223693 -0.26842363
v -0.56979230 0.20052430 -0.30890671
v -0.64967283 0.24631290 -0.12872900
v -0.66502033 0.20639015 -0.14695689
v -0.67226070 0.20811488 -0.10194749
v -0.54088332 0.30921751 -0.27128651
v -0.56542356 0.28841565 -0.26142840
v -0.55666856 0.32063402 -0.24301665
v -0.57661243 0.32315546 -0.20538770
v -0.59118074 0.28307511 -0.23237058
v -0.60013709 0.29257427 -0.20275245
v -0.53579667 0.33033455 -0.25752367
v -0.59371093 0.31770985 -0.17195239
v -0.53900099 0.35890208 -0.21639272
v -0.50163469 0.39403586 -0.21583240
v -0.51194807 0.37018727 -0.23693193
v -0.53535016 0.37989655 -0.18102256
v -0.55565299 0.35861317 -0.18188931
v -0.56826893 0.35548764 -0.15628971
v -0.61022284 0.28932617 -0.18232706
v -0.62899354 0.25586460 -0.18698471
v -0.61930177 0.25097056 -0.21662035
v -0.64086531 0.21538152 -0.20954632
v -0.65245692 0.21014604 -0.18575901
v -0.55162569 0.20841255 -0.24895253
v -0.55162569 0.20841255 -0.24895253
v -0.56342742 0.22312969 -0.22103287
v -0.58060471 0.18388107 -0.22544538
v -0.63012294 0.27308567 -0.15137816
v -0.61658772 0.30004228 -0.13694118
v -0.64135559 0.24531484 -0.16600775
v -0.67160408 0.17486343 -0.16883562
v -0.60637940 0.12928495 -0.30151750
v -0.62337284 0.09372217 -0.29367303
v -0.64554923 0.07970543 -0.27208322
v -0.64554923 0.07970543 -0.27208322
v -0.59743180 0.09872127 -0.31584942
v -0.62890599 0.04746956 -0.29559912
v -0.64795685 0.02510931 -0.27676714
v -0.65115242 0.11631880 -0.25342633
v -0.66593085 0.07577444 -0.24340187
v -0.66338314 0.03873208 -0.25415300
v -0.66338314 0.03873208 -0.25415300
v -0.65802509 0.14584063 -0.22881606
v -0.66770811 0.10633812 -0.22969155
v -0.67732984 0.11093449 -0.20639452
v -0.68189119 0.06744845 -0.21501819
v -0.66475768 0.16167841 -0.20269116
v -0.69072498 0.06648540 -0.19184373
v -0.68949928 0.09614731 -0.18039220
v -0.58670694 0.10428945 -0.25600906
v -0.59213503 0.10041099 -0.25039711
v -0.60623057 0.08658686 -0.23392897
v -0.62607813 0.07866359 -0.19826989
v -0.61420636 0.05227605 -0.23014681
v -0.61300693 0.10083123 -0.21692678
v -0.67451074 0.03731377 -0.23631908
v -0.67040465 -0.00518295 -0.24614218
v -0.67040465 -0.00518295 -0.24614218
v -0.68558580 0.01944483 -0.21559602
v -0.68546323 -0.00766062 -0.21618260
v -0.67872189 -0.04337222 -0.22786176
v -0.67872189 -0.04337222 -0.22786176
v -0.65579257 -0.00847483 -0.26838861
v -0.66510788 -0.07765677 -0.24405849
v -0.66510788 -0.07765677 -0.24405849
v -0.69492738 0.03367169 -0.18832422
v -0.69427951 -0.00675010 -0.19360348
v -0.70180004 0.06598636 -0.15182467
v -0.70408510 0.01844677 -0.15807573
v -0.70047804 -0.03232343 -0.16943971
v -0.69251975 -0.05268753 -0.19042542
v -0.70650147 -0.02803348 -0.14316598
v -0.62098273 0.01202936 -0.22329166
v -0.60401555 0.01490099 -0.24947783
v -0.63272317 0.04030798 -0.19489047
v -0.69940118 0.09879131 -0.13751901
v -0.68412372 0.13188518 -0.17212749
v -0.68414123 0.16569695 -0.12800234
v -0.69541766 0.12644833 -0.12548966
v -0.65901440 0.24167276 -0.08157462
v -0.67690960 0.20474421 -0.07091105
v -0.70399755 0.10932357 -0.08779942
v -0.69285244 0.15450807 -0.08878874
v -0.70298197 0.13550974 -0.02377418
v -0.70752581 0.04717189 -0.13024362
v -0.71094901 0.05731017 -0.10041536
v -0.71166692 0.00501661 -0.11782029
v -0.71303270 0.08908203 -0.02253097
v -0.71625453 0.05123420 -0.04435716
v -0.71843453 0.01285233 -0.04973272
v -0.59570707 0.14738151 -0.22379069
v -0.59762441 0.17003943 -0.20478361
v -0.62423958 0.30364058 -0.06451990
v -0.60949618 0.31963595 -0.09671200
v -0.63461425 0.28174435 -0.09954862
v -0.64388578 0.27194752 -0.06650729
v -0.61917920 0.32043265 0.03587357
v -0.59137335 0.34933288 -0.04897104
v -0.65991617 0.25261650 0.01495790
v -0.64176707 0.28728626 0.04117910
v -0.59861372 0.32598332 -0.13285260
v -0.54852642 0.38262811 -0.13460360
v -0.58346759 0.35157416 -0.10209632
v -0.50263276 0.40648546 -0.18814912
v -0.51168542 0.40974231 -0.15685879
v -0.56024060 0.38020297 -0.08118940
v -0.53888718 0.40163519 -0.07906194
v -0.51280606 0.41814710 -0.11775900
v -0.47578121 0.44316011 -0.13394698
v -0.51222823 0.42800522 -0.03873646
v -0.48173460 0.44488485 -0.09862935
v -0.59892015 0.34536687 0.02169924
v -0.58768750 0.36309572 0.09155531
v -0.57394216 0.37516010 0.03208266
v -0.61771711 0.32639480 0.13343043
v -0.64423598 0.28687478 0.14131868
v -0.54862273 0.39750284 -0.02195314
v -0.54217906 0.40855163 0.06801314
v -0.67201557 0.22494197 -0.01257654
v -0.68967438 0.18153473 -0.01265534
v -0.67634929 0.22390888 0.06856471
v -0.69664335 0.16875244 0.04729008
v -0.61381239 0.21344667 0.02968380
v -0.63436911 0.16495278 -0.00107249
v -0.62205959 0.19422071 -0.02187434
v -0.63668918 0.15563747 0.05563359
v -0.64853468 0.12077509 0.01955427
v -0.71874970 0.07392714 0.05302460
v -0.72187524 0.01032213 0.01009013
v -0.71072138 0.12226344 0.07921953
v -0.59905147 0.24162898 0.01845114
v -0.60819168 0.22300712 -0.02403683
v -0.59138210 0.25187232 -0.04298263
v -0.66206114 0.25568950 0.12196140
v -0.69702857 0.17444319 0.11889715
v -0.68368597 0.21063632 0.16247074
v -0.71866215 0.08761119 0.16265459
v -0.72231299 0.05351050 0.12257425
v -0.64693252 0.10064737 0.15433735
v -0.65527602 0.07995933 0.05998482
v -0.70791978 0.13903801 0.19640508
v -0.69115397 0.19146289 0.24857607
v -0.71730513 0.09495663 0.26294301
v -0.39777424 0.39199595 -0.30298834
v -0.41492527 0.36393620 -0.31581440
v -0.44847439 0.36454030 -0.29819936
v -0.46402325 0.40845533 -0.23922574
v -0.49880683 0.37822435 -0.24373456
v -0.43625242 0.40349125 -0.27048106
v -0.43625242 0.40349125 -0.27048106
v -0.47624522 0.36423387 -0.27930609
v -0.47624522 0.36423387 -0.27930609
v -0.41018882 0.40382394 -0.28608245
v -0.39293273 0.43098192 -0.26764444
v -0.39293273 0.43098192 -0.26764444
v -0.43994703 0.42453825 -0.24002244
v -0.45081197 0.39856219 -0.26431754
v -0.41483772 0.43871258 -0.24154581
v -0.41483772 0.43871258 -0.24154581
v -0.35127649 0.41039018 -0.30745338
v -0.35976007 0.38674295 -0.32200418
v -0.38810873 0.34705658 -0.33628356
v -0.36328833 0.32706018 -0.35292680
v -0.33943098 0.36236906 -0.34200933
v -0.32008245 0.38569235 -0.33330687
v -0.34639120 0.44060365 -0.28119716
v -0.34639120 0.44060365 -0.28119716
v -0.37053747 0.42015200 -0.29068757
v -0.33055342 0.42836418 -0.29925871
v -0.35736996 0.45200265 -0.26154221
v -0.30502387 0.42402170 -0.31057016
v -0.28204202 0.45472545 -0.28848132
v -0.28204202 0.45472545 -0.28848132
v -0.31722833 0.46096776 -0.26939544
v -0.37945880 0.35933108 -0.27030596
v -0.33448441 0.36401500 -0.28487426
v -0.33448441 0.36401500 -0.28487426
v -0.35013834 0.38092964 -0.26441385
v -0.30206468 0.38596376 -0.27739750
v -0.30206468 0.38596376 -0.27739750
v -0.31227300 0.40782497 -0.25264714
v -0.29176006 0.36692165 -0.29382186
v -0.21818312 0.31320979 -0.39098475
v -0.21211591 0.30280010 -0.40822332
v -0.22749843 0.30414837 -0.40334679
v -0.18732178 0.31197533 -0.40216487
v -0.18201625 0.30547913 -0.40903754
v -0.32641231 0.30299271 -0.37150489
v -0.29206649 0.36808607 -0.34828666
v -0.24018441 0.33613911 -0.36935116
v -0.27182495 0.31970599 -0.37374617
v -0.25040148 0.37543151 -0.35001139
v -0.22673675 0.32198229 -0.37968205
v -0.25041899 0.31242184 -0.38498758
v -0.21142427 0.33670818 -0.36988522
v -0.20407883 0.38134988 -0.35011645
v -0.26838424 0.41244761 -0.32627661
v -0.22806750 0.40298346 -0.33665127
v -0.24940342 0.44237216 -0.30637652
v -0.24940342 0.44237216 -0.30637652
v -0.21103029 0.42401295 -0.32454312
v -0.20786974 0.44826427 -0.30577242
v -0.20786974 0.44826427 -0.30577242
v -0.27563337 0.33853797 -0.31298653
v -0.25535681 0.38165630 -0.29052998
v -0.22833015 0.36554712 -0.30333854
v -0.27491546 0.40674811 -0.26577087
v -0.27491546 0.40674811 -0.26577087
v -0.15266077 0.43795089 -0.31531536
v -0.15266077 0.43795089 -0.31531536
v -0.15549739 0.40765863 -0.33588084
v -0.20953319 0.33714593 -0.31816949
v -0.17265717 0.35657326 -0.30948454
v -0.18453769 0.38655034 -0.29241231
v -0.19684721 0.32822460 -0.37800109
v -0.18505424 0.31668552 -0.39464433
v -0.16537302 0.32763801 -0.37915675
v -0.16302668 0.31331485 -0.40173587
v -0.14292522 0.30477873 -0.40866983
v -0.17581772 0.29528832 -0.41018444
v -0.12481115 0.37161433 -0.35349588
v -0.18903776 0.33777629 -0.37153116
v -0.15685441 0.34668012 -0.36550772
v -0.14346803 0.33427429 -0.37196891
v -0.14586690 0.29172504 -0.40868734
v -0.14390578 0.32041514 -0.38508388
v -0.12199204 0.30856964 -0.40351314
v -0.09022018 0.29200520 -0.40831087
v -0.09929910 0.28057994 -0.40564936
v -0.08777754 0.29984092 -0.40651610
v -0.12892599 0.32199104 -0.38263248
v -0.10226704 0.32497649 -0.37521701
v -0.09281165 0.31601138 -0.38268501
v -0.14823075 0.31854158 -0.32322112
v -0.11926924 0.34577835 -0.31208477
v -0.11926924 0.34577835 -0.31208477
v -0.10394800 0.40508466 -0.33392847
v -0.06277328 0.37948507 -0.34272724
v -0.11299191 0.33796015 -0.36778402
v -0.12088891 0.31161638 -0.32351879
v -0.12088891 0.31161638 -0.32351879
v -0.08672694 0.32478388 -0.31705761
v -0.46666726 0.42293608 -0.21156872
v -0.47779485 0.43078056 -0.17364211
v -0.43450143 0.46207965 -0.16220809
v -0.43915908 0.44423698 -0.20499373
v -0.39972660 0.46079266 -0.21543843
v -0.37652588 0.45765838 -0.24167714
v -0.36943434 0.47308467 -0.21878284
v -0.37796170 0.48190095 -0.18858687
v -0.44185562 0.46671979 -0.12118220
v -0.40518972 0.47034436 -0.18435821
v -0.39206599 0.48639226 -0.15055520
v -0.35330764 0.49845663 -0.16689201
v -0.41367330 0.48232118 -0.12061313
v -0.26904086 0.50744801 -0.21179635
v -0.26953114 0.48912381 -0.24694764
v -0.29925433 0.48885241 -0.23523346
v -0.24193541 0.49685447 -0.24209738
v -0.33064097 0.47128114 -0.24861984
v -0.32910885 0.48557804 -0.22454362
v -0.33261085 0.49460444 -0.20116780
v -0.39070021 0.38142867 -0.24125690
v -0.35991766 0.40503213 -0.22900867
v -0.36841876 0.41163339 -0.21167378
v -0.33622666 0.40597767 -0.24330557
v -0.37122911 0.38362618 -0.25087863
v -0.40611775 0.39271386 -0.20864456
v -0.39905247 0.40849035 -0.18459460
v -0.29405387 0.46948637 -0.26723295
v -0.31822640 0.43015895 -0.21581489
v -0.29416768 0.42386411 -0.23823643
v -0.27411875 0.41703522 -0.25354890
v -0.30289641 0.49935840 -0.21096463
v -0.31961844 0.51074864 -0.16317989
v -0.29023669 0.51291988 -0.18311501
v -0.40549614 0.49288846 -0.06086032
v -0.39436855 0.49196918 -0.11619186
v -0.35258098 0.50751805 -0.12673287
v -0.36907538 0.50656375 -0.08507662
v -0.43183991 0.48264512 -0.00995005
v -0.33063222 0.52030033 -0.08371084
v -0.36838374 0.51185177 -0.01276040
v -0.24552496 0.52184121 -0.18161790
v -0.22922316 0.51439947 -0.20998407
v -0.26915467 0.52497550 -0.15448619
v -0.23415222 0.53197074 -0.14846275
v -0.27459152 0.53162054 -0.11121027
v -0.24011437 0.53909730 -0.09419057
v -0.20335217 0.53798541 -0.13064635
v -0.18199874 0.54216155 -0.10818104
v -0.30690619 0.52056298 -0.13291389
v -0.29241668 0.53255732 -0.05673672
v -0.25568950 0.47698064 -0.26816974
v -0.21640586 0.47420531 -0.27962127
v -0.17084489 0.47053697 -0.28577602
v -0.20658276 0.49333496 -0.25576392
v -0.21002347 0.50799082 -0.22880730
v -0.23236620 0.50497035 -0.22655727
v -0.17713972 0.52208635 -0.19906660
v -0.16571446 0.48619089 -0.26774950
v -0.13735705 0.47573743 -0.27825549
v -0.16542555 0.49790507 -0.25050217
v -0.13989599 0.50033896 -0.24266645
v -0.16442748 0.51365530 -0.21925561
v -0.24253950 0.42158782 -0.25679701
v -0.24253950 0.42158782 -0.25679701
v -0.22552856 0.40108363 -0.27972633
v -0.22009171 0.43083309 -0.24970546
v -0.22009171 0.43083309 -0.24970546
v -0.26064482 0.43291677 -0.23737844
v -0.15396526 0.45816617 -0.29791044
v -0.19361662 0.41604591 -0.26859873
v -0.18737431 0.43153348 -0.25164032
v -0.18737431 0.43153348 -0.25164032
v -0.21567919 0.44389553 -0.23137251
v -0.15666180 0.43282047 -0.25094867
v -0.15666180 0.43282047 -0.25094867
v -0.12153678 0.44916604 -0.22166323
v -0.17272721 0.45388498 -0.21804742
v -0.10098882 0.44572532 -0.30415275
v -0.09824850 0.46905737 -0.28121467
v -0.05980534 0.44372043 -0.29824313
v -0.11716804 0.48823956 -0.25952856
v -0.08270840 0.48565684 -0.25656062
v -0.12224593 0.50368336 -0.23593386
v -0.05625081 0.46331410 -0.27821171
v -0.04956200 0.48274142 -0.25060723
v -0.01859560 0.46171194 -0.26687400
v -0.01264221 0.47431912 -0.24688636
v -0.15710831 0.40418289 -0.27980512
v -0.15710831 0.40418289 -0.27980512
v -0.11240532 0.41550310 -0.26556075
v -0.11684410 0.39664485 -0.28235282
v -0.13595625 0.37940627 -0.29609816
v -0.13595625 0.37940627 -0.29609816
v -0.08816275 0.43010642 -0.31486010
v -0.08816275 0.43010642 -0.31486010
v -0.06936579 0.41079291 -0.32547991
v -0.03009966 0.41755176 -0.31282895
v -0.03009966 0.41755176 -0.31282895
v -0.07748167 0.38055317 -0.28817489
v -0.07040763 0.40116242 -0.27090130
v -0.07990680 0.35263351 -0.30515957
v -0.04584113 0.35673085 -0.29699992
v -0.03139540 0.37492372 -0.28237909
v -0.11431391 0.43298681 -0.24569568
v -0.07479388 0.44070871 -0.22353680
v -0.06500580 0.42270845 -0.24679005
v -0.04022918 0.40083849 -0.26326694
v -0.02173864 0.41062657 -0.24520540
v -0.03001211 0.42100999 -0.23499708
v -0.21219471 0.52549204 -0.18290489
v -0.19334521 0.53099018 -0.16778502
v -0.12924117 0.51877697 -0.20382056
v -0.14886110 0.52986078 -0.17273159
v -0.15758108 0.53732879 -0.14109105
v -0.09889637 0.52534321 -0.17350203
v -0.10715233 0.53248728 -0.14875167
v -0.12952133 0.54069946 -0.11042232
v -0.13093964 0.46276254 -0.19516187
v -0.16419985 0.47013424 -0.17985815
v -0.09506169 0.51490726 -0.20405694
v -0.07504778 0.50185357 -0.22614578
v -0.06563616 0.51253466 -0.19662396
v -0.03895095 0.49610154 -0.22167198
v -0.02515309 0.50176602 -0.20003840
v -0.04811743 0.51712227 -0.16958854
v -0.08423176 0.53562157 -0.10838241
v -0.05964775 0.52606112 -0.14250936
v -0.01514613 0.51163289 -0.15800569
v -0.06819262 0.44991896 -0.20215711
v -0.09157720 0.45757958 -0.19457529
v -0.03057243 0.44048984 -0.20068627
v -0.05069140 0.45874400 -0.16747859
v -0.53642703 0.28240973 -0.29450475
v -0.53642703 0.28240973 -0.29450475
v -0.50344698 0.29592744 -0.30972092
v -0.53238222 0.25296670 -0.31343304
v -0.48767924 0.28350410 -0.32592641
v -0.46415458 0.31790246 -0.32051583
v -0.42391664 0.32970419 -0.33211619
v -0.45815741 0.28367920 -0.34043343
v -0.43806471 0.34418494 -0.31776676
v -0.50461139 0.23680498 -0.33719408
v -0.47832015 0.21292137 -0.35663016
v -0.55809563 0.17614166 -0.32596143
v -0.52988705 0.22107227 -0.32871925
v -0.52402120 0.19100763 -0.34150154
v -0.55263251 0.14327542 -0.33771938
v -0.57944905 0.12678102 -0.32351879
v -0.50627484 0.16504908 -0.35629747
v -0.54037553 0.14799436 -0.28636261
v -0.51138775 0.14175205 -0.30618391
v -0.51272727 0.18914282 -0.29202709
v -0.56980981 0.16968923 -0.24953912
v -0.54823751 0.18459022 -0.26591095
v -0.53056994 0.19502617 -0.27651324
v -0.52865259 0.22411025 -0.26367843
v -0.52865259 0.22411025 -0.26367843
v -0.50874375 0.23765422 -0.27337896
v -0.50874375 0.23765422 -0.27337896
v -0.48408969 0.24894816 -0.28498808
v -0.48408969 0.24894816 -0.28498808
v -0.47283953 0.21815685 -0.30382006
v -0.46561666 0.24395781 -0.29738514
v -0.44568155 0.22727080 -0.31242622
v -0.48851096 0.16697518 -0.31229489
v -0.44954250 0.20142607 -0.31889615
v -0.45195888 0.17171163 -0.32391276
v -0.48364319 0.13740958 -0.31937768
v -0.37328653 0.26667701 -0.37478801
v -0.40337743 0.22303338 -0.38481248
v -0.41700020 0.22880292 -0.37446408
v -0.36341966 0.23803944 -0.40511530
v -0.37556283 0.21805179 -0.41140138
v -0.39852717 0.20702926 -0.40381081
v -0.34658381 0.24250448 -0.40998308
v -0.35645069 0.22178142 -0.41141014
v -0.38975467 0.19342401 -0.41214556
v -0.37168437 0.25008631 -0.38595938
v -0.41327057 0.30246741 -0.34909212
v -0.43231268 0.25498035 -0.36042107
v -0.34687273 0.27242904 -0.38191458
v -0.40082973 0.23737406 -0.32350128
v -0.40549614 0.20032294 -0.33068913
v -0.35989140 0.24173404 -0.33017258
v -0.44382549 0.18336452 -0.37920928
v -0.42360146 0.19436955 -0.38872596
v -0.46930251 0.15970854 -0.37326464
v -0.44714363 0.19429951 -0.37343099
v -0.37750644 0.19054361 -0.40860854
v -0.38983346 0.16307921 -0.40498398
v -0.35732618 0.18979069 -0.39954713
v -0.39401835 0.11653768 -0.38996917
v -0.36759579 0.15513843 -0.38872596
v -0.37048494 0.13159626 -0.38490003
v -0.40000676 0.26232578 -0.31581440
v -0.42731358 0.27161483 -0.30275195
v -0.44575159 0.13739207 -0.33049652
v -0.46594060 0.09357334 -0.32999748
v -0.43666391 0.10404431 -0.33497032
v -0.40469944 0.15850910 -0.33534678
v -0.35929606 0.21395446 -0.33436622
v -0.38823130 0.11638009 -0.33701023
v -0.51883825 0.35357029 -0.25200803
v -0.51370783 0.34302053 -0.26816098
v -0.49675816 0.36282432 -0.26183113
v -0.49688949 0.32797946 -0.29411078
v -0.49688949 0.32797946 -0.29411078
v -0.49272211 0.30692370 -0.23365757
v -0.51200060 0.26806906 -0.24959165
v -0.48695257 0.27974821 -0.26357337
v -0.48672495 0.29671539 -0.25011695
v -0.46931127 0.29366865 -0.26763568
v -0.45269430 0.27882018 -0.28726437
v -0.45269430 0.27882018 -0.28726437
v -0.43983322 0.31239557 -0.27381671
v -0.40714208 0.31237806 -0.29090645
v -0.40714208 0.31237806 -0.29090645
v -0.45831500 0.32453874 -0.25030956
v -0.46359426 0.35385045 -0.20509879
v -0.49631166 0.31957467 -0.21258430
v -0.46223724 0.34114696 -0.22620707
v -0.41693016 0.33821404 -0.26753938
v -0.42336508 0.35499736 -0.24786692
v -0.42194677 0.37272621 -0.22511269
v -0.47543101 0.31166015 -0.24593206
v -0.53994653 0.23773301 -0.24178220
v -0.39970034 0.33370522 -0.28033042
v -0.37410950 0.33239197 -0.29228098
v -0.37410950 0.33239197 -0.29228098
v -0.37984402 0.29679418 -0.30875787
v -0.34211001 0.31236055 -0.31186590
v -0.34295925 0.33635798 -0.29986280
v -0.32039763 0.33276844 -0.30725202
v -0.35878827 0.27078310 -0.32349252
v -0.30511142 0.30702001 -0.32036699
v -0.31086345 0.26719356 -0.33093427
v -0.57083414 0.09462394 -0.33515417
v -0.58011443 0.07380457 -0.26985945
v -0.59430627 0.05157565 -0.25843419
v -0.58183916 0.04949196 -0.27218828
v -0.56282332 0.08993126 -0.28342969
v -0.56277955 0.02742063 -0.29018854
v -0.58812525 0.00694271 -0.26894893
v -0.54907799 0.04748707 -0.29813807
v -0.51572147 0.10498985 -0.31141064
v -0.49272211 0.07539798 -0.32350128
v -0.52002893 0.05231107 -0.31446613
v -0.52052796 0.00736295 -0.31536789
v -0.54353608 0.00760809 -0.30305838
v -0.54197769 0.09270660 -0.29784040
v -0.58896572 0.12783162 -0.24513536
v -0.56311224 0.14399333 -0.26822227
v -0.59554072 0.07811203 -0.25226192
v -0.59962930 -0.02496923 -0.25483589
v -0.56917069 -0.00743299 -0.28602992
v -0.58293354 -0.04869526 -0.27084001
v -0.56465312 -0.03724373 -0.28806983
v -0.57885371 -0.10838678 -0.26363465
v -0.55982912 -0.07798070 -0.28712429
v -0.59814095 -0.06886676 -0.25042337
v -0.61017031 -0.07336682 -0.23231805
v -0.53880838 -0.04458917 -0.30506327
v -0.53649707 -0.09967557 -0.29916240
v -0.44934114 0.05090152 -0.33551313
v -0.48585820 0.03080881 -0.32843034
v -0.39307281 0.09070170 -0.38506637
v -0.33452819 0.24014939 -0.41083231
v -0.33463325 0.26023334 -0.40362695
v -0.30209970 0.27114206 -0.40930019
v -0.32732283 0.23077280 -0.40605208
v -0.30227480 0.26001446 -0.41065721
v -0.29793233 0.27945054 -0.40477386
v -0.30757157 0.29023669 -0.38588934
v -0.30364934 0.30394701 -0.37640769
v -0.28118403 0.30476998 -0.38256244
v -0.29017541 0.24766993 -0.40294406
v -0.27992331 0.22952083 -0.38699247
v -0.31480320 0.20990090 -0.38979407
v -0.25751929 0.29445660 -0.40627096
v -0.26399799 0.28243600 -0.41070974
v -0.27065178 0.26777139 -0.40826710
v -0.22357619 0.28555277 -0.40930019
v -0.23051015 0.29665410 -0.40939649
v -0.25827222 0.26318377 -0.40359193
v -0.21179198 0.29506069 -0.41015818
v -0.20737946 0.27642132 -0.40270768
v -0.23933518 0.24288970 -0.38594187
v -0.29881658 0.20406132 -0.38271128
v -0.24096361 0.22257812 -0.37953322
v -0.34607602 0.17944229 -0.38844580
v -0.34878131 0.14895741 -0.38212470
v -0.36897908 0.10687217 -0.38140679
v -0.35031344 0.11015529 -0.38090775
v -0.29552471 0.09717164 -0.37477926
v -0.26126643 0.16596836 -0.37582986
v -0.32266518 0.02694786 -0.37588239
v -0.27797971 0.18234019 -0.37717813
v -0.29626013 0.23017746 -0.33440124
v -0.25132076 0.17294608 -0.33194109
v -0.27209635 0.08544871 -0.33080294
v -0.19543765 0.25612725 -0.38760532
v -0.15467442 0.27870637 -0.40130688
v -0.19923732 0.24313484 -0.38227353
v -0.18997454 0.20775593 -0.37591741
v -0.16813959 0.19469348 -0.37551468
v -0.23138565 0.09727670 -0.37165373
v -0.26590657 0.30054132 -0.32640794
v -0.25190734 0.27446020 -0.33161715
v -0.20997969 0.31623901 -0.32450810
v -0.17292857 0.28885340 -0.32916576
v -0.19392304 0.23726024 -0.33145081
v -0.15586510 0.25833351 -0.38714130
v -0.15784372 0.24958727 -0.38289513
v -0.16701895 0.23458122 -0.37892037
v -0.11820988 0.25208244 -0.38521521
v -0.11434018 0.23273391 -0.37829876
v -0.10730116 0.21682610 -0.37841258
v -0.07736785 0.16934778 -0.37343974
v -0.10280110 0.26963620 -0.32873676
v -0.10280110 0.26963620 -0.32873676
v -0.04542965 0.28270740 -0.32428923
v -0.08913456 0.19436079 -0.32905194
v -0.08913456 0.19436079 -0.32905194
v -0.15255571 0.00457011 -0.32655677
v -0.33086860 -0.03062496 -0.33331562
v -0.26378787 -0.13722572 -0.33286036
v -0.25517295 -0.05513018 -0.37402633
v -0.11540829 -0.00425493 -0.37244168
v -0.23430106 -0.06679182 -0.37238039
v -0.14190089 -0.13768974 -0.37078698
v -0.22559860 -0.22418029 -0.33467265
v -0.49071722 0.34109443 -0.18477845
v -0.47050195 0.36263171 -0.17682017
v -0.43333701 0.38144618 -0.19700918
v -0.58429056 0.20944564 -0.19570468
v -0.56221047 0.24619909 -0.19818234
v -0.54531334 0.27740188 -0.18912093
v -0.53476358 0.26213317 -0.22704755
v -0.52649011 0.28865204 -0.20762022
v -0.56322605 0.26515364 -0.16603402
v -0.57423108 0.24012313 -0.17858867
v -0.55799057 0.28363543 -0.13734391
v -0.58767874 0.23807446 -0.14222044
v -0.54153119 0.29526206 -0.16423925
v -0.51947736 0.31064457 -0.18657323
v -0.61323456 0.17834791 -0.15249880
v -0.59670514 0.20262550 -0.17323938
v -0.61275303 -0.01897206 -0.23598639
v -0.63833512 -0.00225879 -0.18539130
v -0.64491887 0.04197142 -0.15829461
v -0.62388063 -0.01786018 -0.21728573
v -0.62853828 -0.05177701 -0.20154426
v -0.64053262 -0.04804739 -0.17016637
v -0.64610955 -0.00611974 -0.15977420
v -0.61420636 0.15684566 -0.17657503
v -0.63138365 0.13999230 -0.13420087
v -0.62786415 0.12466231 -0.16515852
v -0.63780982 0.08459072 -0.16342503
v -0.64850842 0.07793693 -0.11805667
v -0.60875200 0.14072772 -0.20358417
v -0.62213838 0.11321078 -0.19051297
v -0.61570347 0.19152417 -0.11761892
v -0.60750879 0.21395446 -0.10086187
v -0.64393831 0.12285878 -0.07710958
v -0.63701311 0.15224929 -0.05880289
v -0.65159893 0.02481164 -0.13108410
v -0.65286840 0.05186456 -0.09718477
v -0.65352503 -0.02254410 -0.12358107
v -0.65732469 0.02510056 -0.09385788
v -0.65519723 0.07002241 -0.07150639
v -0.66172845 0.01724733 -0.05091465
v -0.50989065 0.33216434 -0.16219933
v -0.58679449 0.25540934 -0.07742476
v -0.53135789 0.32146574 -0.12516572
v -0.56117738 0.28799541 -0.10343584
v -0.57866110 0.27335707 -0.02738999
v -0.54978714 0.31124867 -0.06741780
v -0.56108108 0.29903546 -0.00986250
v -0.50401605 0.35611800 -0.08613597
v -0.46728887 0.39064768 -0.04250986
v -0.50545187 0.36001397 -0.01740930
v -0.47295334 0.38716319 0.01281293
v -0.50022514 0.36060055 0.08646866
v -0.55768414 0.30322034 0.02628686
v -0.52508931 0.34070046 -0.01819725
v -0.52797846 0.33606907 0.04237853
v -0.58168157 0.26754376 0.05318219
v -0.56038068 0.29197018 0.12931559
v -0.65812140 0.07133566 0.00179915
v -0.65007556 0.11370982 -0.02526253
v -0.66106307 0.03036231 0.05511704
v -0.66101930 0.04606876 -0.00676323
v -0.62459854 0.18741808 -0.05680676
v -0.62373179 0.18234019 -0.08872745
v -0.66312049 0.00103309 -0.00721849
v -0.61818988 0.19234714 0.14594132
v -0.59170604 0.24562126 0.12547215
v -0.63698685 0.14303028 0.12894788
v -0.65351627 0.06015554 0.15220989
v -0.63787986 0.13605255 0.17540186
v -0.36470664 0.42985253 -0.17347576
v -0.39939391 0.41594960 -0.16228688
v -0.35015585 0.42747117 -0.19628251
v -0.29013163 0.44014840 -0.21368743
v -0.32451248 0.44503368 -0.17739800
v -0.35467342 0.44238092 -0.14560863
v -0.29489435 0.46271876 -0.14773609
v -0.40050580 0.42277849 -0.13513766
v -0.25213497 0.44619809 -0.21831007
v -0.24563877 0.46236856 -0.18439323
v -0.29569981 0.45074193 -0.18549636
v -0.35798281 0.45084699 -0.08779067
v -0.39100663 0.43704913 -0.05694684
v -0.36001397 0.45289566 -0.04703619
v -0.34239017 0.45503188 -0.10052042
v -0.34058664 0.45930431 -0.01871379
v -0.36927675 0.44872829 -0.00875061
v -0.33333751 0.46069636 -0.03844754
v -0.23965911 0.47373254 -0.14937327
v -0.26906712 0.47552731 -0.10425005
v -0.28534265 0.47565864 -0.05722700
v -0.30142557 0.47208660 -0.02851938
v -0.22990605 0.48115677 -0.10941549
v -0.21983781 0.48548174 -0.08155711
v -0.24556873 0.48350311 -0.04240480
v -0.20401754 0.45827998 -0.20600055
v -0.20875399 0.46966147 -0.17545439
v -0.19142787 0.47926569 -0.14561738
v -0.13381128 0.47646410 -0.15358442
v -0.19010586 0.48291652 -0.12384372
v -0.14471999 0.48300407 -0.12492934
v -0.16457631 0.48973666 -0.06357436
v -0.14272386 0.48745161 -0.09019829
v -0.11772836 0.48279395 -0.11262858
v -0.09317936 0.46928500 -0.16270712
v -0.07753420 0.47539599 -0.12080574
v -0.00665379 0.44454340 -0.16841538
v -0.02970568 0.46346294 -0.12194389
v 0.00896511 0.44575159 -0.14045194
v -0.48649732 0.36239532 -0.13625830
v -0.44328268 0.39053386 -0.15716521
v -0.45516320 0.39366815 -0.10142219
v -0.41720157 0.42117633 -0.07349377
v -0.42772506 0.41883875 -0.02556895
v -0.39147940 0.43815226 0.02943866
v -0.43252280 0.41483772 0.03308949
v -0.46410205 0.39161948 0.05672796
v -0.60741249 -0.14028997 -0.29706996
v -0.58129635 -0.15899063 -0.31378324
v -0.62743515 -0.12282376 -0.28189756
v -0.65313105 -0.11623125 -0.25116755
v -0.65313105 -0.11623125 -0.25116755
v -0.61680659 -0.16792947 -0.27656577
v -0.63749464 -0.15881553 -0.25505476
v -0.63749464 -0.15881553 -0.25505476
v -0.59375470 -0.19078000 -0.29084516
v -0.62017727 -0.18996579 -0.26152470
v -0.62017727 -0.18996579 -0.26152470
v -0.56538854 -0.13610508 -0.33138077
v -0.53236471 -0.14662858 -0.29156307
v -0.56291963 -0.12568664 -0.27357157
v -0.54723944 -0.16196733 -0.27493735
v -0.54364114 -0.18976442 -0.33014632
v -0.55297396 -0.21775413 -0.31335424
v -0.56723584 -0.24375645 -0.28901537
v -0.62748768 -0.20505063 -0.24210613
v -0.60176552 -0.22714823 -0.26245273
v -0.60176552 -0.22714823 -0.26245273
v -0.63014920 -0.22633402 -0.21996476
v -0.60700101 -0.24829153 -0.23887554
v -0.58224189 -0.23923887 -0.27662706
v -0.55931257 -0.28958007 -0.26541192
v -0.58543746 -0.26577525 -0.25411798
v -0.58543746 -0.26577525 -0.25411798
v -0.59441133 -0.28093889 -0.22724891
v -0.61484548 -0.25713407 -0.21668164
v -0.57339060 -0.29267933 -0.24603712
v -0.57339060 -0.29267933 -0.24603712
v -0.57676127 -0.31860286 -0.21056190
v -0.49751985 -0.16651117 -0.35946678
v -0.51120390 -0.18987824 -0.34761252
v -0.52643758 -0.20878901 -0.33373586
v -0.46404952 -0.16419109 -0.37385123
v -0.43735555 -0.15667931 -0.40444992
v -0.43842366 -0.17706093 -0.38616950
v -0.45482176 -0.15854412 -0.38128422
v -0.47247182 -0.21316651 -0.35794341
v -0.43158601 -0.19544641 -0.38083771
v -0.44056863 -0.20000776 -0.37346601
v -0.48941273 -0.23578941 -0.34353270
v -0.51178173 -0.24568255 -0.32799259
v -0.44325642 -0.24733724 -0.35814478
v -0.49814145 -0.15252945 -0.30966839
v -0.45854263 -0.16120564 -0.32301975
v -0.53108648 -0.18867005 -0.27712609
v -0.50543436 -0.19048233 -0.29458354
v -0.55390199 -0.18657760 -0.25699837
v -0.50851612 -0.22596631 -0.27753758
v -0.47291832 -0.19007960 -0.31122678
v -0.46611570 -0.23698008 -0.29877719
v -0.41536302 -0.18764571 -0.32953347
v -0.44818548 -0.21296515 -0.31464998
v -0.47585125 -0.27581722 -0.33388470
v -0.50713283 -0.28064122 -0.31397585
v -0.45729942 -0.28097391 -0.34013576
v -0.47739213 -0.30639840 -0.31716267
v -0.53616438 -0.25972555 -0.30529090
v -0.53072753 -0.23027376 -0.25611412
v -0.49603150 -0.26117012 -0.26666388
v -0.53552526 -0.28931742 -0.28797353
v -0.52916914 -0.31377886 -0.27555020
v -0.49847414 -0.32053771 -0.29543278
v -0.54798361 -0.32773432 -0.24259641
v -0.54798361 -0.32773432 -0.24259641
v -0.47830264 -0.26140651 -0.27937613
v -0.42131641 -0.26116137 -0.30733081
v -0.44481481 -0.28281246 -0.28729939
v -0.44801038 -0.34766943 -0.30802246
v -0.47062452 -0.35159167 -0.29150179
v -0.48879988 -0.28945750 -0.25174538
v -0.45863018 -0.29637394 -0.27035849
v -0.50751805 -0.34652253 -0.26746934
v -0.51432943 -0.35873574 -0.24851478
v -0.51432943 -0.35873574 -0.24851478
v -0.55374440 -0.34397482 -0.21299579
v -0.52283928 -0.37770780 -0.20920488
v -0.48583194 -0.38803869 -0.24354195
v -0.48583194 -0.38803869 -0.24354195
v -0.47800497 -0.37985278 -0.26131458
v -0.44560275 -0.37341786 -0.28975955
v -0.45708055 -0.41158962 -0.23922574
v -0.45708055 -0.41158962 -0.23922574
v -0.46572172 -0.42328628 -0.20882841
v -0.48461499 -0.40337743 -0.22017488
v -0.41522294 -0.18982571 -0.40466004
v -0.40758859 -0.18765447 -0.41311736
v -0.40284338 -0.18387231 -0.41427302
v -0.39368566 -0.20554967 -0.41295977
v -0.40685317 -0.21302643 -0.38768411
v -0.41486398 -0.20270430 -0.39087093
v -0.37924868 -0.18189368 -0.40592076
v -0.41578326 -0.22481940 -0.37484930
v -0.39700380 -0.23260259 -0.38201088
v -0.39039378 -0.25232758 -0.37389500
v -0.37587801 -0.21305270 -0.41400162
v -0.36763081 -0.20876275 -0.41160275
v -0.37771656 -0.22165010 -0.41311736
v -0.35092629 -0.18664764 -0.39087093
v -0.35094380 -0.21166065 -0.40600831
v -0.38624392 -0.22333105 -0.40486141
v -0.39226735 -0.22606261 -0.39299839
v -0.36122216 -0.23491391 -0.41343254
v -0.35851686 -0.24761740 -0.40492269
v -0.33833661 -0.23752289 -0.41221560
v -0.33997379 -0.25416613 -0.41091110
v -0.36501307 -0.26342016 -0.37979587
v -0.36346343 -0.25457762 -0.39022306
v -0.32004743 -0.23303158 -0.40380205
v -0.34296800 -0.26842801 -0.38698372
v -0.35849060 -0.27301563 -0.37520825
v -0.37976523 -0.19754761 -0.33357827
v -0.34210126 -0.18882764 -0.33613473
v -0.42926594 -0.23593824 -0.31320541
v -0.40653799 -0.23466877 -0.32127751
v -0.38253180 -0.22768228 -0.32836905
v -0.35029593 -0.17593154 -0.38704500
v -0.31806881 -0.19042104 -0.38246614
v -0.32886371 -0.20242414 -0.38842829
v -0.31200160 -0.23484387 -0.33462887
v -0.33786384 -0.26331510 -0.32779122
v -0.41359451 -0.30756282 -0.34579148
v -0.43486038 -0.32523039 -0.32847411
v -0.37546653 -0.30754531 -0.35700663
v -0.37463480 -0.27061676 -0.37139983
v -0.35063737 -0.28656835 -0.37118971
v -0.39479754 -0.36091573 -0.32421919
v -0.36208014 -0.35278234 -0.33971552
v -0.32903881 -0.34759064 -0.35063299
v -0.41566944 -0.29089332 -0.29657093
v -0.38267188 -0.26320128 -0.31937768
v -0.39026246 -0.29022794 -0.30682302
v -0.42938851 -0.30974281 -0.27891211
v -0.44249473 -0.32712147 -0.25663066
v -0.38891419 -0.32699890 -0.28756204
v -0.41236881 -0.34213628 -0.26395859
v -0.35451583 -0.29154994 -0.31658484
v -0.34056038 -0.31596761 -0.30931819
v -0.30569801 -0.30097031 -0.32080474
v -0.36482046 -0.38802994 -0.31714516
v -0.35044476 -0.34811593 -0.28799104
v -0.37952884 -0.35369286 -0.27201318
v -0.32240253 -0.25795704 -0.41360764
v -0.33077230 -0.27223643 -0.39564240
v -0.31097726 -0.27185997 -0.41168154
v -0.30499761 -0.22180769 -0.39045069
v -0.33907203 -0.27885520 -0.38117916
v -0.28922987 -0.25978683 -0.40896750
v -0.26194056 -0.24161147 -0.38795552
v -0.29351981 -0.27993207 -0.41227688
v -0.26853307 -0.27938050 -0.41290724
v -0.25241513 -0.27493297 -0.40907256
v -0.27157981 -0.29346728 -0.40606959
v -0.25137329 -0.29530583 -0.41144516
v -0.21299141 -0.29680293 -0.41151520
v -0.27774332 -0.22082713 -0.38310525
v -0.26163414 -0.20795729 -0.37888535
v -0.28450217 -0.27653513 -0.33023387
v -0.26030338 -0.26073237 -0.33383217
v -0.18445014 -0.23389833 -0.37830752
v -0.21741268 -0.24617282 -0.38298268
v -0.23070276 -0.25231007 -0.38771038
v -0.21921621 -0.28454595 -0.40896750
v -0.31482071 -0.29305580 -0.38103032
v -0.32025755 -0.30751029 -0.36955253
v -0.27865384 -0.32180719 -0.37113718
v -0.28697108 -0.30420966 -0.38231731
v -0.23262010 -0.30766788 -0.40234872
v -0.25556693 -0.31494328 -0.38286011
v -0.32790066 -0.38376626 -0.33111812
v -0.28766272 -0.36501307 -0.34976625
v -0.31299967 -0.34876380 -0.29811181
v -0.30511142 -0.37208710 -0.28480422
v -0.26774512 -0.34063917 -0.31047385
v -0.25795704 -0.31663299 -0.32128627
v -0.27488919 -0.37568540 -0.28908541
v -0.23904626 -0.32522163 -0.37671411
v -0.23776803 -0.33855548 -0.36814298
v -0.27861882 -0.39950773 -0.33105684
v -0.23824080 -0.37912611 -0.34835670
v -0.44011338 -0.39331795 -0.27482353
v -0.40932207 -0.39262631 -0.29423335
v -0.40323736 -0.42098372 -0.26992949
v -0.43654134 -0.43225139 -0.22791429
v -0.43654134 -0.43225139 -0.22791429
v -0.43106072 -0.41989810 -0.25138642
v -0.40652923 -0.44091008 -0.24193103
v -0.36545957 -0.42195552 -0.28844630
v -0.37802298 -0.44050735 -0.26191868
v -0.37308517 -0.45481300 -0.24543303
v -0.33286474 -0.41452254 -0.30735708
v -0.29033300 -0.41415483 -0.31873856
v -0.34256527 -0.45127599 -0.26711038
v -0.32443369 -0.44201321 -0.28474294
v -0.33251454 -0.46975777 -0.24692138
v -0.30565423 -0.46554662 -0.26486911
v -0.23710265 -0.41210616 -0.32920078
v -0.28129785 -0.43401990 -0.30508078
v -0.24540239 -0.44203947 -0.30439789
v -0.27640381 -0.45878777 -0.28228278
v -0.68128710 -0.08024824 -0.21080704
v -0.67125388 -0.12259613 -0.21423900
v -0.65695698 -0.14183085 -0.23197661
v -0.64635469 -0.18349585 -0.22527904
v -0.66470515 -0.16412981 -0.20031856
v -0.68469279 -0.10341395 -0.19006647
v -0.68100694 -0.14209350 -0.17164597
v -0.67172665 -0.17085364 -0.17194364
v -0.69615307 -0.07768303 -0.16632293
v -0.70416389 -0.07109928 -0.13413959
v -0.69286120 -0.11225649 -0.15372450
v -0.68745061 -0.15876300 -0.11706736
v -0.70475923 -0.09404611 -0.10686779
v -0.65456687 -0.19789781 -0.19272798
v -0.63728452 -0.23869606 -0.18944486
v -0.66006500 -0.20984837 -0.15980922
v -0.63709191 -0.25395601 -0.16445812
v -0.67407299 -0.18817101 -0.13638087
v -0.65523225 -0.23191094 -0.13554914
v -0.65874300 -0.23606957 -0.10439888
v -0.63681175 -0.26655444 -0.13529525
v -0.67932598 -0.19353782 -0.08457759
v -0.71347920 -0.04550844 -0.08581204
v -0.71648216 -0.02090692 -0.06775049
v -0.70978459 -0.08676196 -0.06372320
v -0.71803180 -0.04903670 -0.00831286
v -0.71417960 -0.08933592 0.01678769
v -0.69970760 -0.13155249 -0.07782749
v -0.69294875 -0.16077665 -0.05573865
v -0.68113827 -0.20153988 -0.00992378
v -0.66368957 -0.23528162 -0.05722700
v -0.70530204 -0.13750588 0.05792740
v -0.69152168 -0.18133336 0.05682427
v -0.63573488 -0.27994082 -0.09524992
v -0.64160073 -0.27857504 -0.03178499
v -0.66087922 -0.24987619 0.03375487
v -0.63359867 -0.29842261 0.06985169
v -0.61731438 -0.31873419 0.01606979
v -0.72401145 -0.02712296 0.09278101
v -0.72333732 0.02714923 0.06551797
v -0.72213789 -0.05337042 0.11815298
v -0.71337414 -0.10742373 0.10735807
v -0.72518462 0.02257912 0.21544719
v -0.65640542 -0.01826291 0.16448439
v -0.65853288 -0.01821914 0.11377548
v -0.65763112 0.02326201 0.12772218
v -0.72264568 0.05283637 0.28250166
v -0.65703578 0.00998944 0.19535448
v -0.65184407 -0.06877921 0.21016793
v -0.65644044 -0.02839243 0.21126230
v -0.71439847 -0.10727490 0.22059512
v -0.70138856 -0.15848284 0.18983008
v -0.72191901 -0.05639965 0.23378889
v -0.72407274 -0.02542449 0.29461856
v -0.71570297 -0.09458016 0.33846356
v -0.65317483 -0.06173144 0.13909491
v -0.64648601 -0.09648875 0.18150409
v -0.64754537 -0.10320383 0.24382211
v -0.63601504 -0.13778604 0.19674653
v -0.63798492 -0.13419650 0.13772038
v -0.63103345 -0.15561120 0.21929938
v -0.67887948 -0.21715879 0.12292444
v -0.65832276 -0.25980434 0.14676428
v -0.63891295 -0.29227660 0.17822972
v -0.61357600 -0.32790942 0.11350408
v -0.68913157 -0.19346778 0.23287837
v -0.67516736 -0.22582623 0.25558882
v -0.70817368 -0.13130735 0.29050372
v -0.69437581 -0.17820783 0.29533647
v -0.61411006 -0.19652327 0.22155817
v -0.62209461 -0.17783137 0.16432680
v -0.59846489 -0.22656165 0.17548941
v -0.60441828 -0.21788545 0.23062834
v -0.62703242 -0.17404921 0.26137587
v -0.65622156 -0.26325381 0.26508798
v -0.58206679 -0.25587335 0.22456989
v -0.57953660 -0.25874499 0.16034327
v -0.55798181 -0.28812674 0.18634560
v -0.59109319 -0.24744230 0.26632244
v -0.56887302 -0.27817231 0.25225317
v -0.62432713 -0.31355999 0.25955483
v -0.59626739 -0.34980565 0.22351053
v -0.58593650 -0.36081943 0.06550922
v -0.56452179 -0.38501822 0.16191042
v -0.54163625 -0.31338489 0.26073675
v -0.54090958 -0.31028562 0.21318840
v -0.58035957 -0.36619499 0.31825704
v -0.61082694 -0.32952909 0.33490903
v -0.60288616 -0.09772320 -0.23570623
v -0.59275664 -0.14227735 -0.23075091
v -0.59338700 -0.17492471 -0.20752392
v -0.57142948 -0.21064507 -0.21581489
v -0.57236626 -0.15272206 -0.25312866
v -0.57903757 -0.17003943 -0.23511965
v -0.59210001 -0.20525200 -0.17935911
v -0.61456532 -0.15540108 -0.17508668
v -0.61094075 -0.28061496 -0.19509183
v -0.61840876 -0.28796915 -0.15865356
v -0.55752655 -0.20613625 -0.24068782
v -0.54859646 -0.22833891 -0.23508463
v -0.55194087 -0.25303674 -0.20536144
v -0.53206704 -0.25858740 -0.23052328
v -0.56739343 -0.24001807 -0.19143225
v -0.55944390 -0.27003893 -0.16178785
v -0.50639741 -0.29508696 -0.22498137
v -0.52601734 -0.28958882 -0.20262988
v -0.53382679 -0.29276688 -0.18239710
v -0.48085910 -0.31827017 -0.22921879
v -0.45880528 -0.33279470 -0.23668679
v -0.59177608 -0.31660672 -0.17941164
v -0.56703447 -0.34240768 -0.18829796
v -0.58702212 -0.33277719 -0.15503775
v -0.55634463 -0.36582728 -0.16006311
v -0.61713053 -0.30080397 -0.12786226
v -0.61477544 -0.31438296 -0.07737223
v -0.59194242 -0.33600778 -0.11974638
v -0.56868041 -0.36285934 -0.12035048
v -0.54241544 -0.38922062 -0.12218027
v -0.58939472 -0.34681144 -0.07327489
v -0.56202662 -0.37810178 -0.06805692
v -0.53941248 -0.40057584 -0.06091285
v -0.53832686 -0.37155304 -0.19129217
v -0.52161358 -0.39827328 -0.16268086
v -0.48905377 -0.41609844 -0.18760632
v -0.44025346 -0.44546267 -0.19714050
v -0.51685087 -0.41203612 -0.12387874
v -0.48281146 -0.43214633 -0.15178089
v -0.45603870 -0.44710861 -0.16353885
v -0.48489515 -0.43846744 -0.11455467
v -0.51068735 -0.42548379 -0.05181641
v -0.46023234 -0.45350851 -0.12361609
v -0.43453645 -0.46854958 -0.12812491
v -0.46910115 -0.45399879 -0.07485079
v -0.59566329 -0.34343201 -0.02989392
v -0.56467063 -0.38021173 -0.00171160
v -0.53830935 -0.40818392 0.05672796
v -0.49583889 -0.44152293 0.04356921
v -0.42259464 -0.48032505 -0.08640738
v -0.44928861 -0.46888227 -0.02449209
v -0.45595115 -0.46802429 0.05284950
v -0.42280476 -0.48500897 0.00266589
v -0.42277849 -0.35605671 -0.24270147
v -0.20948941 -0.30122421 -0.32826399
v -0.21332410 -0.33262836 -0.31797688
v -0.21613445 -0.35484852 -0.30796117
v -0.22825136 -0.37141296 -0.29790169
v -0.37324276 -0.37734009 -0.25311991
v -0.39886861 -0.45791227 -0.21952701
v -0.39886861 -0.45791227 -0.21952701
v -0.34822099 -0.37186822 -0.27041102
v -0.33668192 -0.39596196 -0.25137767
v -0.37344412 -0.38888793 -0.23830647
v -0.39645224 -0.47332981 -0.18653821
v -0.41662374 -0.46952139 -0.16648928
v -0.36339339 -0.48288150 -0.19943431
v -0.36339339 -0.48288150 -0.19943431
v -0.35905967 -0.47077335 -0.22903493
v -0.34356334 -0.49851792 -0.17736298
v -0.39943769 -0.48697008 -0.12547215
v -0.37647335 -0.49238942 -0.15094917
v -0.33190169 -0.50898013 -0.15219238
v -0.35683591 -0.50771941 -0.10862755
v -0.39303779 -0.49569881 -0.07754733
v -0.33695332 -0.51320879 -0.11727748
v -0.30375440 -0.39527907 -0.26534188
v -0.30441102 -0.41737666 -0.23870920
v -0.31152007 -0.43610359 -0.20207831
v -0.33688328 -0.41604591 -0.22275760
v -0.27706043 -0.43775828 -0.21774099
v -0.25719536 -0.40146009 -0.27139157
v -0.27078310 -0.41736791 -0.25164907
v -0.23095665 -0.39527031 -0.28102206
v -0.23467752 -0.42113256 -0.25543998
v -0.27074808 -0.48438736 -0.25144771
v -0.29696928 -0.48508776 -0.24032011
v -0.25332565 -0.47782987 -0.26495666
v -0.25779070 -0.43372223 -0.23261572
v -0.34947296 -0.42165786 -0.20255984
v -0.32582573 -0.44222333 -0.17532306
v -0.28465976 -0.45386747 -0.17792330
v -0.25165345 -0.45310578 -0.19800724
v -0.22153628 -0.44086630 -0.23039195
v -0.32557183 -0.48734655 -0.22079648
v -0.29436029 -0.50387597 -0.20382056
v -0.22986228 -0.49976988 -0.23736093
v -0.26025960 -0.50138080 -0.22502514
v -0.26504858 -0.51346269 -0.19511810
v -0.23874859 -0.51180799 -0.20990528
v -0.29564728 -0.51567770 -0.16652430
v -0.28997404 -0.52476538 -0.13015607
v -0.23142942 -0.52082563 -0.18860438
v -0.24875555 -0.46435594 -0.16905449
v -0.22150126 -0.46186953 -0.18691467
v -0.26153783 -0.52402996 -0.16295226
v -0.22100223 -0.53315266 -0.14779737
v -0.24224183 -0.53224214 -0.13800929
v -0.36448777 -0.50884005 -0.05356741
v -0.32439867 -0.52124587 -0.07999873
v -0.38651532 -0.50263276 0.01719918
v -0.27620244 -0.53244351 -0.09314872
v -0.23081657 -0.54006035 -0.08857862
v -0.20787850 -0.54031424 -0.10760321
v -0.24272336 -0.54119850 -0.04511884
v -0.61834747 -0.20014784 0.03865766
v -0.58903576 -0.25522548 0.03021785
v -0.59971685 -0.23937895 -0.02573529
v -0.53519257 -0.31976728 0.11681346
v -0.51353273 -0.34621610 0.06986920
v -0.54401760 -0.31362127 0.06625339
v -0.53051741 -0.41594085 0.13923499
v -0.50054032 -0.35526001 0.10604482
v -0.49646925 -0.44257353 0.18129397
v -0.57000242 -0.27762075 0.10049416
v -0.53464101 -0.31720206 0.16930838
v -0.51131771 -0.34082303 0.18441074
v -0.47147375 -0.37776909 0.13948013
v -0.49032325 -0.36013654 0.19737688
v -0.45652898 -0.38694432 0.19011900
v -0.51606292 -0.33875685 0.24497777
v -0.56101979 -0.38612135 0.31262758
v -0.48734655 -0.36399749 0.22962151
v -0.50801708 -0.35206444 0.28491804
v -0.47263817 -0.38015920 0.27700352
v -0.45022539 -0.39440357 0.26033402
v -0.42888072 -0.40624032 0.16015942
v -0.42276098 -0.40973356 0.21473803
v -0.41742919 -0.41451378 0.24930273
v -0.38227791 -0.43148095 0.22249495
v -0.39650477 -0.42494973 0.15777806
v -0.37001217 -0.44555022 0.01144715
v -0.32299787 -0.46392695 -0.01874006
v -0.35520748 -0.45130225 -0.04566165
v -0.29534085 -0.47256813 -0.00830411
v -0.32609713 -0.46054752 0.06163951
v -0.28275993 -0.47313720 0.05875912
v -0.24930711 -0.48071902 0.05046814
v -0.33777629 -0.52212137 0.05173762
v -0.30220476 -0.53075379 -0.01356586
v -0.27091443 -0.53849320 0.01130707
v -0.17854928 -0.54609254 -0.06451115
v -0.22538848 -0.54582113 0.02270607
v -0.41229877 -0.49268709 0.10419752
v -0.45199390 -0.47128990 0.13850833
v -0.53145419 -0.41372583 0.28588108
v -0.48965787 -0.44551520 0.29478491
v -0.46026736 -0.46603690 0.23879674
v -0.42022204 -0.48802068 0.26183113
v -0.37857455 -0.50804335 0.18131148
v -0.36599363 -0.44182060 0.26074551
v -0.34696903 -0.44640821 0.20952006
v -0.37296260 -0.50901515 0.26634870
v -0.36430391 -0.51334012 0.10176363
v -0.29196143 -0.53560406 0.11037854
v -0.32692010 -0.52599108 0.19246533
v -0.25385971 -0.54272186 0.10240275
v -0.20897287 -0.54835132 0.14600260
v -0.18147344 -0.54895542 0.02333643
v -0.35514619 -0.44393055 0.16499217
v -0.31832270 -0.45707179 0.16849417
v -0.31212417 -0.45963700 0.23734342
v -0.28040484 -0.46745521 0.21519329
v -0.32449497 -0.52511558 0.27987516
v -0.27209635 -0.46993287 0.17269657
v -0.23662988 -0.47575494 0.22318660
v -0.27369851 -0.53869457 0.22534908
v -0.15997994 -0.48316166 0.12801109
v -0.17332255 -0.48584069 0.08153085
v -0.20355353 -0.48374825 0.09285105
v -0.21348169 -0.47894176 0.17108565
v -0.24077100 -0.47786489 0.12190887
v -0.19326642 -0.47988730 0.21773224
v -0.17439941 -0.48043886 0.18234457
v -0.13463424 -0.47893300 0.19436517
v -0.19395806 -0.54716940 0.27040226
v -0.15426293 -0.54955076 0.17574330
v -0.62280376 -0.09190114 -0.20025728
v -0.63518332 -0.08784758 -0.16860799
v -0.64421847 -0.06838523 -0.14517088
v -0.62433589 -0.12284127 -0.17677639
v -0.63562982 -0.11730812 -0.14201908
v -0.63042061 -0.14097286 -0.13369308
v -0.65130126 -0.06422661 -0.10410997
v -0.65778871 -0.02907532 -0.08652995
v -0.64420096 -0.10249467 -0.10851373
v -0.64788681 -0.10945489 -0.06638472
v -0.63803745 -0.13918684 -0.06328545
v -0.65548614 -0.06285208 -0.07644420
v -0.65966227 -0.05201340 -0.03505060
v -0.65109989 -0.10307250 -0.01856496
v -0.62262866 -0.17442568 -0.11205950
v -0.61224524 -0.18110573 -0.14924195
v -0.62561412 -0.17699964 -0.07288967
v -0.59815846 -0.23647229 -0.07492959
v -0.61596612 -0.20475296 -0.03855260
v -0.65096857 -0.10437700 0.02112141
v -0.64411341 -0.13253305 0.01257654
v -0.62998286 -0.17341010 -0.02746003
v -0.66249014 -0.02037286 0.03225776
v -0.65862918 -0.06052325 0.03554964
v -0.63287200 -0.16283407 0.04511009
v -0.62599933 -0.17386536 0.10218387
v -0.60720237 -0.21710626 0.09287732
v -0.64872729 -0.09619984 0.11436206
v -0.60995144 -0.13199024 -0.20544899
v -0.59804465 -0.22025805 -0.13182827
v -0.57774183 -0.24753860 -0.15028379
v -0.53450968 -0.30526901 -0.15415350
v -0.56480195 -0.27759449 -0.11998277
v -0.49927960 -0.31415533 -0.20996656
v -0.56820764 -0.28506249 -0.05875912
v -0.53648831 -0.31440922 -0.11773274
v -0.51109884 -0.31818262 -0.18350022
v -0.48546423 -0.33993877 -0.18963747
v -0.50253646 -0.33624417 -0.16286471
v -0.46288511 -0.34890388 -0.20998407
v -0.46819939 -0.36309572 -0.17289793
v -0.43064048 -0.38311839 -0.19102076
v -0.49217930 -0.35575029 -0.13310650
v -0.53211082 -0.32483641 -0.09047845
v -0.44521753 -0.38639275 -0.15787437
v -0.47255937 -0.38144618 -0.07672436
v -0.45898038 -0.38665540 -0.11285621
v -0.43992077 -0.40463815 -0.08599589
v -0.54594370 -0.31482946 -0.03116339
v -0.52213013 -0.33962359 -0.04736012
v -0.56709576 -0.28879212 0.00427681
v -0.52263792 -0.34103315 0.00087988
v -0.49037578 -0.36977578 0.01896769
v -0.47604386 -0.38230417 -0.02443080
v -0.45302699 -0.39882484 -0.01658633
v -0.47329479 -0.38266313 0.04335034
v -0.41448752 -0.42219191 -0.04988156
v -0.44210076 -0.40522474 0.04512760
v -0.41243010 -0.42402170 0.03280057
v -0.41564318 -0.37332155 -0.22655727
v -0.39157571 -0.40306226 -0.19933800
v -0.40631911 -0.40396402 -0.17715286
v -0.37069506 -0.40307977 -0.21881786
v -0.40621405 -0.41443499 -0.14693938
v -0.37277874 -0.42376781 -0.17253022
v -0.35429696 -0.43871258 -0.14958339
v -0.36988084 -0.43816101 -0.11666463
v -0.31555612 -0.45925178 -0.11676093
v -0.31546857 -0.45406008 -0.14637031
v -0.27610614 -0.46643088 -0.13760656
v -0.23214733 -0.47680554 -0.12890410
v -0.21186202 -0.47121110 -0.16328495
v -0.39816822 -0.42635053 -0.09730734
v -0.36971450 -0.44324766 -0.06762792
v -0.32044141 -0.46241234 -0.08034893
v -0.37841696 -0.44119024 -0.03988336
v -0.25807086 -0.47578121 -0.10693783
v -0.27749818 -0.47470434 -0.06733901
v -0.19429075 -0.47647285 -0.14819135
v -0.22453049 -0.48424728 -0.06761917
v -0.24085855 -0.48410720 -0.03610120
v -0.20646894 -0.48756542 0.01262032
v -0.17734984 -0.48760044 -0.06750535
v -0.53363418 -0.32743665 0.03730064
v -0.36751699 -0.44374670 0.07368638
v -0.16788570 -0.48960534 -0.00957358
v -0.05781796 0.28847694 -0.40701513
v -0.04833630 0.27422381 -0.40820581
v -0.04685671 0.30248492 -0.38206341
v -0.06974225 0.31735965 -0.37448159
v -0.04989469 0.29046432 -0.40141194
v -0.02881267 0.27919665 -0.40334679
v -0.06610018 0.32941527 -0.36619937
v -0.03507249 0.30171448 -0.37700303
v -0.03095765 0.31350746 -0.36745133
v -0.03087885 0.34777449 -0.35244528
v -0.00634737 0.28326772 -0.38075892
v 0.01125016 0.28124532 -0.37372866
v 0.01779014 0.28875710 -0.36709238
v 0.00988438 0.34025395 -0.34726232
v 0.06302718 0.29590117 -0.35169235
v 0.04027296 0.26879572 -0.36808169
v -0.01640685 0.43823105 -0.29139673
v 0.01504107 0.43567460 -0.28197636
v 0.02430385 0.45095205 -0.25930969
v -0.02777083 0.38099968 -0.33582831
v 0.00567323 0.37867961 -0.32934961
v 0.01666075 0.41020633 -0.30418777
v 0.01666075 0.41020633 -0.30418777
v -0.04373993 0.32541424 -0.31162951
v -0.04192765 0.30377191 -0.31835334
v -0.00891258 0.33141141 -0.30321597
v -0.00287164 0.28928240 -0.31754789
v 0.04500941 0.37215714 -0.32064715
v 0.05262625 0.33613035 -0.33748300
v 0.02911910 0.29732823 -0.30806623
v 0.02960938 0.33054467 -0.29154556
v 0.01391168 0.37745391 -0.26465023
v 0.03257732 0.38852022 -0.24403223
v 0.05289765 0.40758859 -0.29082765
v 0.05289765 0.40758859 -0.29082765
v 0.06392894 0.38141116 -0.30690182
v 0.05353677 0.42818032 -0.27019214
v 0.07616842 0.42678828 -0.25690207
v 0.09910649 0.39731023 -0.27396554
v 0.01476091 0.36264046 -0.27592666
v 0.04701430 0.34055162 -0.27873701
v 0.05261749 0.36232528 -0.25841668
v 0.09757437 0.30047128 -0.33778067
v 0.08854797 0.33831910 -0.32337871
v 0.11742193 0.24794133 -0.35018649
v 0.10749377 0.35120645 -0.30661290
v 0.12383934 0.30987414 -0.32206546
v 0.14232113 0.26648440 -0.33308799
v 0.16153833 0.28936119 -0.31232116
v 0.17470584 0.26341140 -0.31701383
v 0.09029897 0.38497444 -0.29045994
v 0.09029897 0.38497444 -0.29045994
v 0.12816431 0.35385045 -0.29248235
v 0.12816431 0.35385045 -0.29248235
v 0.06770234 0.30812314 -0.28962822
v 0.10684590 0.30723888 -0.27080499
v 0.08047587 0.34068295 -0.26102567
v 0.08612284 0.29070946 -0.29069633
v 0.08530863 0.35164420 -0.24820836
v 0.13241048 0.31006675 -0.25024827
v 0.14022868 0.31858535 -0.30860028
v 0.17116007 0.30456861 -0.29707872
v 0.15966476 0.33659437 -0.28332463
v 0.15966476 0.33659437 -0.28332463
v 0.04421270 0.45648521 -0.23904188
v 0.01012952 0.47978224 -0.22300274
v 0.03974766 0.47467808 -0.20852199
v 0.08758493 0.44614556 -0.21773224
v 0.09364338 0.42931847 -0.23950590
v 0.02096820 0.49020943 -0.18811410
v 0.02512682 0.50082048 -0.14298213
v 0.05752029 0.47579872 -0.18417436
v 0.05505138 0.48519282 -0.15601831
v 0.08254205 0.45847259 -0.19641384
v 0.09291671 0.46307772 -0.16651554
v 0.01236205 0.40884055 -0.22779172
v 0.04459792 0.39969158 -0.21781979
v 0.00194361 0.42605286 -0.20602682
v 0.07202731 0.39051635 -0.20698986
v 0.10578655 0.41199235 -0.25192048
v 0.13571111 0.40082098 -0.23738719
v 0.11980329 0.42311994 -0.22227608
v 0.09282041 0.36141477 -0.23089974
v 0.14848464 0.37691985 -0.25656938
v 0.15950717 0.39393080 -0.22112917
v 0.18166605 0.34863248 -0.25302360
v 0.13499320 0.34436004 -0.20699862
v 0.13687552 0.31709700 -0.23891931
v 0.16050524 0.31570496 -0.21279442
v 0.15890308 0.30119794 -0.23177524
v 0.19703106 0.35897212 -0.21914179
v 0.11792972 0.44107642 -0.18702849
v 0.13691930 0.42150902 -0.20203454
v 0.14800312 0.42691085 -0.16826654
v 0.18544821 0.38127984 -0.20213084
v 0.17230697 0.40489205 -0.17668009
v 0.20164494 0.38203277 -0.16582390
v 0.21243109 0.35639816 -0.19827865
v 0.19964005 0.26622175 -0.29820811
v 0.19273236 0.31510962 -0.27200442
v 0.19273236 0.31510962 -0.27200442
v 0.21134547 0.28388932 -0.27787027
v 0.22210536 0.30450733 -0.25040586
v 0.22210536 0.30450733 -0.25040586
v 0.21927749 0.32744540 -0.22957774
v 0.25202991 0.29505194 -0.21824003
v 0.24044706 0.32689384 -0.19424260
v 0.22553731 0.35835052 -0.16393282
v 0.26813034 0.30739647 -0.16125379
v 0.26563517 0.29850140 -0.18522496
v -0.07082787 0.08923086 -0.37081325
v -0.08420550 0.24188288 -0.38398951
v -0.04908048 0.26173920 -0.40405595
v -0.04074573 0.24319613 -0.39734087
v -0.07237751 0.22479314 -0.38466364
v -0.02706168 0.18571961 -0.38061008
v -0.00216248 0.25630235 -0.40732156
v 0.00330063 0.25998820 -0.40407346
v -0.00953418 0.24331870 -0.40515908
v -0.03113275 0.21358675 -0.38772789
v -0.00854487 0.20463915 -0.38540782
v -0.00149710 0.18379352 -0.37958575
v -0.02178242 0.16021633 -0.37554094
v -0.03241098 0.24287219 -0.32802761
v 0.01094374 0.26876070 -0.38560918
v 0.03080881 0.25244140 -0.32111992
v 0.02001391 0.23072902 -0.32557621
v 0.00294168 0.19056112 -0.32883307
v -0.07411975 0.04286443 -0.32664432
v -0.07411975 0.04286443 -0.32664432
v 0.00998069 0.10323009 -0.37328215
v 0.02501301 0.10026215 -0.32906070
v -0.02201880 -0.02049543 -0.32820271
v -0.02201880 -0.02049543 -0.32820271
v 0.02791091 0.21734264 -0.40550052
v 0.01551384 0.21743019 -0.40127186
v 0.04451913 0.21394570 -0.40692758
v 0.03323394 0.23738281 -0.40404719
v 0.03937995 0.24450938 -0.39058202
v 0.06460308 0.20084824 -0.40554430
v 0.05298520 0.22486318 -0.39824263
v 0.02374353 0.17660567 -0.38413834
v 0.01048848 0.16282531 -0.37687170
v 0.05621579 0.18543946 -0.40461627
v 0.04268933 0.14100788 -0.37994470
v 0.07412851 0.19753885 -0.40063275
v 0.07579195 0.17490720 -0.40638477
v 0.06645913 0.14345052 -0.39267446
v 0.08067724 0.14821324 -0.40338181
v 0.08844291 0.17005694 -0.40494020
v 0.09809091 0.16588956 -0.39956464
v 0.09061415 0.19475476 -0.38468991
v 0.11067184 0.10813289 -0.40611337
v 0.10762510 0.13632396 -0.40473008
v 0.02195752 0.26201060 -0.38250116
v 0.04223407 0.25893760 -0.37369364
v 0.06152132 0.23681374 -0.37668785
v 0.07470633 0.24752985 -0.36513126
v 0.04333720 0.16664249 -0.32867548
v 0.06277328 0.21275503 -0.32309855
v 0.08049338 0.22172014 -0.37378119
v 0.11258042 0.20130350 -0.36601551
v 0.10845682 0.18670893 -0.37344850
v 0.16321929 0.21149431 -0.34223696
v 0.03598301 0.11292187 -0.37451661
v -0.03391683 0.01380662 -0.37004281
v 0.05115541 0.04752209 -0.37378994
v 0.07786689 0.10787024 -0.38786797
v 0.06301842 0.10236335 -0.37933185
v 0.06840274 0.05519146 -0.37587363
v 0.09971934 0.10652197 -0.40247129
v 0.07857604 0.07482015 -0.38132799
v 0.08906452 0.03333900 -0.38176574
v 0.08478333 0.16862987 -0.32491083
v 0.10216198 0.07547677 -0.32793130
v 0.12090642 0.10683715 -0.32382521
v 0.07798946 -0.00142706 -0.32982238
v -0.03918734 -0.07735034 -0.37028795
v -0.06266822 -0.17261339 -0.33192358
v -0.04286443 -0.19357284 -0.37580359
v -0.00344947 -0.20224028 -0.38307023
v -0.01483971 -0.19281991 -0.37812366
v 0.03276993 -0.16444499 -0.38140679
v 0.01173169 -0.13705062 -0.33141579
v 0.01173169 -0.13705062 -0.33141579
v 0.02298185 -0.13944073 -0.37566351
v 0.05207468 -0.05838703 -0.37474424
v 0.06346493 -0.08342631 -0.37758961
v 0.04038677 -0.13906427 -0.37874527
v 0.01916467 -0.20096205 -0.39103728
v -0.02828737 -0.22383884 -0.33156462
v 0.04053561 -0.18586845 -0.32991869
v 0.04053561 -0.18586845 -0.32991869
v 0.02482915 0.01669577 -0.37159244
v 0.06647664 -0.01663448 -0.37528705
v 0.04388877 -0.11398122 -0.33156462
v 0.11856008 0.13118478 -0.39741091
v 0.11896281 0.15913071 -0.37857017
v 0.13987848 0.12207959 -0.37588239
v 0.13462549 0.16226500 -0.36636571
v 0.13128984 0.15291467 -0.37147863
v 0.16480394 0.17401419 -0.35079934
v 0.15418414 0.12031984 -0.36640949
v 0.12700865 0.10894710 -0.39832143
v 0.12421581 0.09244395 -0.40464253
v 0.11260669 0.07526665 -0.40297908
v 0.13861777 0.06965470 -0.39856657
v 0.14552545 0.09479028 -0.37976085
v 0.10517370 0.02842745 -0.39124740
v 0.11834996 0.03966886 -0.40248880
v 0.13439786 0.04327592 -0.40544799
v 0.12882969 0.02224643 -0.40535169
v 0.14424722 0.02773581 -0.40049267
v 0.15906942 0.04682169 -0.37706431
v 0.15043700 0.01084743 -0.39473188
v 0.16391969 0.01283482 -0.37579484
v 0.14212852 0.04841510 -0.32262578
v 0.14774922 0.08684951 -0.31858973
v 0.16975927 0.03126407 -0.31500894
v 0.16919895 0.06418284 -0.36594547
v 0.18994828 0.13077329 -0.34784891
v 0.21867340 0.08257707 -0.34038090
v 0.17913586 0.01202936 -0.36450965
v 0.21913741 0.03750638 -0.34396169
v 0.24719716 0.06737841 -0.32555870
v 0.24492962 -0.00379091 -0.33120567
v 0.09365213 -0.09228636 -0.39257815
v 0.10398302 -0.04540338 -0.39141374
v 0.11769334 -0.05535781 -0.40382832
v 0.08339129 -0.06968972 -0.38197586
v 0.12208834 -0.01280855 -0.40299659
v 0.12955635 -0.04876530 -0.40642855
v 0.13874034 -0.04049183 -0.40409097
v 0.12432962 -0.09966681 -0.40532542
v 0.13866154 -0.07537171 -0.39884673
v 0.10933232 -0.11154733 -0.40656863
v 0.10502487 -0.09397607 -0.40229619
v 0.13011667 -0.10623306 -0.39775235
v 0.15154013 -0.08738356 -0.37713435
v 0.04363487 -0.17349765 -0.38987286
v 0.05163693 -0.19028096 -0.40364446
v 0.02649260 -0.21669477 -0.40445868
v 0.07821709 -0.15833400 -0.40492269
v 0.08471329 -0.16531173 -0.40719023
v 0.08049338 -0.18431882 -0.40678750
v 0.04944819 -0.21035616 -0.40783810
v 0.08966861 -0.18006389 -0.40149073
v 0.07485517 -0.20767713 -0.39665798
v 0.06398147 -0.21139800 -0.40327675
v 0.06497078 -0.11798225 -0.38300019
v 0.09349454 -0.12823435 -0.40437988
v 0.07225494 -0.14100788 -0.39330482
v 0.10463089 -0.15902565 -0.40012496
v 0.11956691 -0.13549223 -0.39632529
v 0.12299011 -0.15864918 -0.37730945
v 0.13742709 -0.12542399 -0.37901667
v 0.13790861 -0.16002372 -0.36560403
v 0.10563772 -0.17803273 -0.38359553
v 0.09764441 -0.18851246 -0.38236984
v 0.08065097 -0.21051375 -0.38616075
v 0.10020087 -0.20518196 -0.37065566
v 0.11141601 -0.18902025 -0.37125100
v 0.11172243 -0.20796605 -0.36289874
v 0.12179943 -0.19329268 -0.36395809
v 0.13609633 -0.24319613 -0.34363776
v 0.16554812 -0.19382674 -0.34546755
v 0.08845167 -0.02463654 -0.38048751
v 0.10248592 -0.00944663 -0.38797303
v 0.07941652 -0.04440531 -0.37819370
v 0.13884540 -0.00450882 -0.40498398
v 0.14588441 -0.02937299 -0.39953837
v 0.16281656 -0.00469267 -0.37821121
v 0.17650936 -0.03643827 -0.36561278
v 0.16198484 -0.04506194 -0.37596118
v 0.17067854 -0.07657115 -0.36529760
v 0.16192355 -0.10647820 -0.36543768
v 0.11055802 -0.06433167 -0.32874552
v 0.13437160 0.01629304 -0.32490208
v 0.14601573 -0.03514253 -0.32266955
v 0.21634457 -0.00860616 -0.34681582
v 0.19358160 -0.03074753 -0.30500198
v 0.19728496 0.01203811 -0.30263814
v 0.13642902 -0.09077174 -0.32217052
v 0.17175540 -0.06716829 -0.31209353
v 0.19561275 -0.07629099 -0.30056320
v 0.08718220 -0.13844267 -0.32829901
v 0.11276428 -0.10477097 -0.32672312
v 0.08725224 -0.18618363 -0.32235437
v 0.05664479 -0.21096901 -0.32458690
v 0.05664479 -0.21096901 -0.32458690
v 0.12384810 -0.14925508 -0.31915880
v 0.09664634 -0.20998845 -0.31540291
v 0.14716264 -0.13719946 -0.36672467
v 0.15016560 -0.10985762 -0.31584066
v 0.13196397 -0.18431006 -0.30980847
v 0.16032139 -0.15090102 -0.30587748
v 0.18782957 -0.12065252 -0.29788418
v 0.14772296 -0.20632886 -0.29600185
v 0.18237521 -0.17300737 -0.28837626
v 0.20266052 -0.09043030 -0.34798899
v 0.21551285 -0.03804919 -0.34634305
v 0.24590142 -0.05277508 -0.32815018
v 0.23660362 -0.10610173 -0.32669685
v 0.25373714 -0.08993126 -0.31809945
v 0.27016150 -0.04754835 -0.31161200
v 0.20228406 -0.12895226 -0.34230700
v 0.21433968 -0.16579326 -0.32783500
v 0.18575463 -0.22989730 -0.32372891
v 0.21784168 -0.11578475 -0.27951621
v 0.23830209 -0.17670197 -0.30881916
v 0.21958392 -0.20938435 -0.31046510
v 0.20364108 -0.16033014 -0.27788778
v 0.20027041 -0.20724814 -0.26106069
v 0.21933878 -0.18304059 -0.25548376
v 0.25125947 -0.12810302 -0.31232116
v 0.27451273 -0.11054927 -0.29789293
v 0.26376160 -0.17204432 -0.28956694
v 0.24329243 -0.21043495 -0.29160685
v 0.25984812 -0.22902180 -0.26661135
v 0.05548913 0.26153783 -0.31350308
v 0.09715413 0.22261314 -0.31197096
v 0.08442437 0.25420991 -0.30636776
v 0.12072256 0.21982030 -0.30459050
v 0.11205512 0.18201625 -0.31647102
v 0.15210045 0.18033530 -0.30203404
v 0.11497054 0.27143973 -0.28674783
v 0.14502642 0.23462499 -0.28742196
v 0.14221607 0.27621120 -0.26720669
v 0.16594209 0.24966607 -0.26585842
v 0.16349069 0.27335707 -0.25247204
v 0.18942298 0.27758573 -0.21848517
v 0.18156099 0.30530403 -0.19468910
v 0.16929525 0.32727906 -0.17976184
v 0.19431702 0.30960273 -0.15967790
v 0.17884695 0.23305785 -0.32693323
v 0.20986588 0.19215453 -0.32257325
v 0.20952443 0.22409274 -0.31103417
v 0.14686497 0.13541344 -0.31298653
v 0.20238036 0.16412981 -0.33483024
v 0.22611514 0.14164699 -0.32660930
v 0.23585069 0.17936349 -0.30852149
v 0.16931276 0.22719200 -0.27530506
v 0.17370777 0.18294428 -0.28973328
v 0.19682094 0.23196347 -0.24908386
v 0.19253975 0.21178322 -0.26467650
v 0.19561275 0.17550254 -0.27808039
v 0.23396837 0.22366374 -0.29176444
v 0.23321544 0.25298421 -0.27670585
v 0.26485597 0.21569670 -0.26570083
v 0.26949612 0.16991686 -0.28286061
v 0.22075709 0.17031083 -0.25889820
v 0.21405952 0.13663038 -0.27660079
v 0.21314900 0.20910419 -0.24621222
v 0.17570391 0.09127078 -0.30833763
v 0.18383729 0.12287629 -0.29991533
v 0.19804664 0.06126742 -0.30037059
v 0.22531844 0.08934468 -0.27863195
v 0.22139620 0.05235484 -0.28662526
v 0.24319613 0.10446455 -0.25963362
v 0.24668061 0.13706813 -0.24458379
v 0.25407858 0.15353627 -0.30245428
v 0.29252174 0.17318247 -0.25531741
v 0.26259719 0.09528932 -0.30983474
v 0.26963620 0.03433707 -0.31248750
v 0.29005284 0.07698263 -0.28901537
v 0.29127854 -0.00261774 -0.29565165
v 0.30101409 0.03958131 -0.28320206
v 0.27562461 0.11875269 -0.29304267
v 0.26890078 0.10255596 -0.22699502
v 0.30309777 0.11630129 -0.26486911
v 0.24571756 0.05891233 -0.26581465
v 0.27062551 0.07548553 -0.23421788
v 0.26222948 0.05039373 -0.24968795
v 0.31121365 0.06272075 -0.26830982
v 0.32312919 0.09397607 -0.24545929
v 0.32748918 0.05924502 -0.24753423
v 0.33198924 0.03610558 -0.24547680
v 0.18529938 0.25941913 -0.24164212
v 0.21524144 0.22545852 -0.23213420
v 0.21073262 0.24541990 -0.22104162
v 0.20636388 0.27497674 -0.19420758
v 0.22848774 0.23664739 -0.20106274
v 0.23951903 0.27270920 -0.25687580
v 0.26185301 0.24447436 -0.25125510
v 0.24895691 0.28089512 -0.23770237
v 0.24895691 0.28089512 -0.23770237
v 0.27712172 0.24783627 -0.22626835
v 0.27712172 0.24783627 -0.22626835
v 0.23459873 0.19598922 -0.22773044
v 0.23135938 0.18058044 -0.24162461
v 0.25170598 0.19422947 -0.20037985
v 0.22417153 0.27333956 -0.15441615
v 0.22813754 0.25588211 -0.17604973
v 0.28405567 0.25690644 -0.20383807
v 0.28783782 0.27354968 -0.16954477
v 0.30027867 0.24470199 -0.18061983
v 0.24968358 0.22597506 -0.16819650
v 0.28827557 0.21301768 -0.23682687
v 0.30197713 0.19344152 -0.22947268
v 0.30350050 0.21771035 -0.20683227
v 0.30350050 0.21771035 -0.20683227
v 0.31363003 0.16536426 -0.22737148
v 0.31588006 0.19104265 -0.20550152
v 0.32348815 0.19946495 -0.17873751
v 0.32348815 0.19946495 -0.17873751
v 0.32264767 0.13668291 -0.22931509
v 0.32628099 0.15435924 -0.21114848
v 0.28439711 0.09230387 -0.20382056
v 0.27163234 0.12650086 -0.21195394
v 0.32549304 0.12337533 -0.23226552
v 0.33399413 0.09872127 -0.23477820
v 0.33316241 0.13468677 -0.22054259
v 0.33592023 0.11510186 -0.22923630
v 0.35620555 0.12477613 -0.21915930
v 0.35299246 0.11000646 -0.22653100
v 0.33566634 0.07407598 -0.23872671
v 0.35808787 0.08497594 -0.23088223
v 0.34734550 0.01270349 -0.23704575
v 0.38321469 0.01552260 -0.22513020
v 0.43100819 0.11692290 -0.19587103
v 0.32894251 0.17181669 -0.18774640
v 0.33290852 0.16124942 -0.19301690
v 0.33812649 0.16968047 -0.16391531
v 0.33812649 0.16968047 -0.16391531
v 0.33573638 0.18972065 -0.14917191
v 0.33435309 0.15157515 -0.20727878
v 0.34246021 0.15699449 -0.19510934
v 0.34424623 0.16045271 -0.18038345
v 0.36570471 0.14387076 -0.20496746
v 0.33820529 0.16406852 -0.17766940
v 0.36323580 0.16019006 -0.18459460
v 0.35167046 0.15978733 -0.17097183
v 0.34657506 0.16025135 -0.16050086
v 0.34657506 0.16025135 -0.16050086
v 0.34772196 0.15895561 -0.14805127
v 0.37686732 0.16188853 -0.16936091
v 0.36671153 0.15789625 -0.15961661
v 0.40589887 0.15880677 -0.17998947
v 0.44555898 0.16656370 -0.15198226
v 0.21959267 0.01950612 -0.28968075
v 0.22701691 -0.01947985 -0.28469916
v 0.27160607 0.00021887 -0.31231240
v 0.24286344 0.01888451 -0.27232836
v 0.24610278 -0.02620369 -0.26892267
v 0.21697493 -0.05506889 -0.28947939
v 0.24127878 -0.06314099 -0.27014837
v 0.23102669 -0.08703336 -0.27506867
v 0.26166040 -0.04314459 -0.25147397
v 0.26641436 -0.07040763 -0.24109931
v 0.31258818 -0.00837853 -0.27325639
v 0.29342351 -0.05417588 -0.29003970
v 0.28980770 -0.08229691 -0.28922549
v 0.31336738 -0.06230927 -0.26676894
v 0.26223823 0.00389597 -0.25360143
v 0.28106146 0.02092443 -0.22723140
v 0.27289306 -0.02553831 -0.23812261
v 0.28779405 -0.01561890 -0.21510574
v 0.31538102 0.01297490 -0.26962307
v 0.33220812 0.00457011 -0.24766555
v 0.33316241 -0.01025209 -0.24555560
v 0.34565578 -0.00309051 -0.23691442
v 0.33375775 -0.04479929 -0.24004871
v 0.23398588 -0.13329473 -0.26071924
v 0.24943844 -0.09816971 -0.25451195
v 0.25920025 -0.11933928 -0.23658173
v 0.24421171 -0.16269399 -0.23667804
v 0.29243419 -0.12811178 -0.27576032
v 0.31764857 -0.10502487 -0.25081735
v 0.29977963 -0.15421040 -0.25697211
v 0.28272491 -0.18083433 -0.26626991
v 0.29518326 -0.18942298 -0.24553809
v 0.28301382 -0.22050319 -0.24297288
v 0.43050915 0.08249828 -0.20349662
v 0.40384145 0.06483946 -0.21551723
v 0.42693711 0.14158571 -0.18707226
v 0.42572017 0.15217925 -0.18049726
v 0.45294819 0.10535756 -0.18936607
v 0.43178738 0.02142346 -0.20683227
v 0.46940757 0.07756922 -0.18593411
v 0.47213913 0.02432136 -0.18652070
v 0.50289541 0.07120434 -0.16732976
v 0.34826477 -0.02049543 -0.23321106
v 0.33740858 -0.06484822 -0.22856216
v 0.33905452 -0.03909103 -0.23474318
v 0.34917529 -0.03508125 -0.22851839
v 0.34901770 -0.04405511 -0.22392202
v 0.34567329 -0.05413211 -0.22070018
v 0.35094380 -0.05237235 -0.21570983
v 0.34864999 -0.06267698 -0.20554529
v 0.33582393 -0.09437880 -0.22301150
v 0.32052020 -0.12683355 -0.23815763
v 0.31390143 -0.16722907 -0.22829951
v 0.33136764 -0.13403891 -0.21401137
v 0.34621610 -0.10027091 -0.19677279
v 0.32121185 -0.18735680 -0.19774459
v 0.30184581 -0.21054877 -0.21905424
v 0.33891444 -0.14543790 -0.18778141
v 0.33713718 -0.17674575 -0.16033452
v 0.39230237 -0.00723162 -0.22127801
v 0.37308517 -0.03053741 -0.22356306
v 0.38565733 -0.03762895 -0.21613883
v 0.35469969 -0.05446480 -0.20689356
v 0.36041670 -0.05086650 -0.21242671
v 0.37200830 -0.05182954 -0.19714050
v 0.38496569 -0.04961453 -0.20358417
v 0.35729992 -0.05540158 -0.19517938
v 0.35239712 -0.06418284 -0.19340212
v 0.37530018 -0.04529832 -0.21418647
v 0.40678313 -0.02397116 -0.21228663
v 0.40982986 -0.03916983 -0.20245478
v 0.37082638 -0.04964955 -0.20848697
v 0.36552961 -0.04848514 -0.18009453
v 0.36060931 -0.05232858 -0.17825599
v 0.37268244 -0.04982465 -0.18535628
v 0.36176496 -0.05969153 -0.16270712
v 0.37884595 -0.04539463 -0.17670635
v 0.37353167 -0.03303258 -0.16160399
v 0.36314825 -0.04360861 -0.16886188
v 0.39127804 -0.05031493 -0.18427066
v 0.40996119 -0.04713687 -0.18543508
v 0.40134628 -0.04360861 -0.16800389
v 0.43569211 0.00182979 -0.20401317
v 0.44929736 -0.00886881 -0.19536324
v 0.45892785 -0.02109953 -0.18649443
v 0.41953039 -0.04225158 -0.19129217
v 0.37451223 -0.01125892 -0.14393642
v 0.37516010 -0.02159856 -0.15492394
v 0.38134988 -0.01280855 -0.14752597
v 0.36837498 -0.03476607 -0.15906505
v 0.38231293 -0.03583418 -0.16411668
v 0.39404462 -0.03140415 -0.15705140
v 0.40612650 -0.04654153 -0.17487656
v 0.38737331 -0.01810532 -0.14972347
v 0.41590583 -0.03532639 -0.15169334
v 0.37923117 0.00048152 -0.13898985
v 0.37061626 -0.02237776 -0.14964468
v 0.37327778 -0.00196112 -0.12904418
v 0.37507255 0.00167220 -0.13295766
v 0.41476768 -0.01118888 -0.12898290
v 0.40309728 0.00961298 -0.12415890
v 0.40309728 0.00961298 -0.12415890
v 0.47833766 -0.00091052 -0.17977935
v 0.46564293 -0.03727875 -0.16631418
v 0.43556078 -0.04377495 -0.16191917
v 0.45562722 -0.03288374 -0.18107509
v 0.42972996 -0.01955865 -0.12886033
v 0.44066494 -0.03538767 -0.14194028
v 0.48225990 -0.03718244 -0.14764854
v 0.47299712 -0.03642952 -0.13390320
v 0.36178247 -0.08050214 -0.15979171
v 0.35867445 -0.10632936 -0.15319045
v 0.34671514 -0.14929010 -0.15728778
v 0.35387672 -0.13899423 -0.13782544
v 0.37034486 -0.06216919 -0.12358982
v 0.36730687 -0.05474496 -0.14868163
v 0.36734189 -0.09692650 -0.11634945
v 0.37406573 -0.04605125 -0.11448463
v 0.37447721 -0.06214292 -0.09216816
v 0.35933108 -0.14049133 -0.09771007
v 0.34639996 -0.16947035 -0.12680291
v 0.36744695 -0.12045992 -0.06139437
v 0.51799777 0.04756586 -0.15855726
v 0.50415613 0.02520562 -0.16686574
v 0.50521549 -0.00801082 -0.15951155
v 0.51578276 0.01124141 -0.15673622
v 0.48180464 -0.02679903 -0.16767996
v 0.52041415 -0.02369100 -0.13884977
v 0.03935368 0.41661498 -0.19022406
v 0.03143042 0.42855679 -0.16942220
v 0.06524219 0.40838529 -0.17646997
v 0.06950587 0.41770060 -0.13933130
v 0.09330193 0.37570291 -0.20823307
v 0.09106941 0.39378197 -0.17349327
v 0.11216894 0.38657661 -0.15138692
v 0.11482170 0.37242854 -0.18446327
v 0.13607882 0.36085445 -0.17310805
v 0.16165215 0.34488534 -0.15486265
v 0.26845428 0.19346778 -0.16046584
v 0.26278104 0.22236801 -0.12641769
v 0.25628484 0.15796629 -0.21942195
v 0.26699219 0.16487398 -0.19460155
v 0.28437085 0.13431031 -0.17897389
v 0.28841565 0.14959652 -0.15186844
v 0.28114026 0.18238396 -0.12864145
v 0.29973586 0.08028326 -0.17351078
v 0.29318712 0.04887911 -0.19982828
v 0.30515520 0.03868830 -0.17397479
v 0.30175826 0.09932537 -0.15568562
v 0.30420090 0.11764956 -0.12546339
v 0.31029438 0.06117112 -0.14810380
v 0.31379637 0.08241948 -0.11373170
v 0.28254106 -0.06166140 -0.21706686
v 0.29748582 -0.05012232 -0.18895458
v 0.26283357 -0.16541679 -0.20389060
v 0.27579971 -0.09721542 -0.21763593
v 0.27427634 -0.12518761 -0.20778657
v 0.29055187 -0.10035846 -0.18659074
v 0.28489615 -0.13793488 -0.17530555
v 0.27976572 -0.16274652 -0.16756614
v 0.29370367 0.01612669 -0.20339156
v 0.30286139 -0.01300992 -0.18350022
v 0.31397147 0.01540878 -0.14735962
v 0.31389268 -0.02853251 -0.14686059
v 0.31907563 0.03398687 -0.11890590
v 0.31664174 -0.05793177 -0.11330271
v 0.32284903 -0.02075808 -0.09124889
v 0.30566299 -0.07826086 -0.15542297
v 0.29699554 -0.11290436 -0.15910007
v 0.29857144 -0.12707869 -0.13908616
v 0.28279495 -0.17563387 -0.13737018
v 0.30125047 -0.13731327 -0.10805847
v 0.31263196 -0.09036026 -0.10213134
v 0.32040639 -0.06922571 -0.05804996
v 0.31109108 -0.12072256 -0.04807803
v 0.30319408 -0.14609453 -0.06044008
v 0.38458047 0.01395545 -0.13073390
v 0.38022048 0.02045166 -0.12806362
v 0.38022048 0.02045166 -0.12806362
v 0.38022048 0.02045166 -0.12806362
v 0.38341606 0.00908768 -0.13345670
v 0.38341606 0.00908768 -0.13345670
v 0.36646639 -0.03773401 -0.15629847
v 0.37000341 -0.02614240 -0.14095973
v 0.38693556 0.00142706 -0.13859588
v 0.37555407 0.00847483 -0.12555970
v 0.37797921 0.00810712 -0.10069552
v -0.18452894 -0.28856449 -0.40831087
v -0.20737946 -0.25931407 -0.38882226
v -0.16532924 -0.26289486 -0.38752652
v -0.14436104 -0.28926489 -0.40747039
v -0.16525045 -0.25195987 -0.38264124
v -0.12077509 -0.29678542 -0.41021071
v -0.14973660 -0.30426219 -0.41043833
v -0.20011282 -0.30580307 -0.40993055
v -0.11964570 -0.30631961 -0.40765425
v -0.12380432 -0.24929836 -0.38180952
v -0.11592483 -0.26327132 -0.39067832
v -0.08758493 -0.27987078 -0.40671746
v -0.19506994 -0.31181774 -0.40404719
v -0.21799051 -0.32184221 -0.38421714
v -0.21356048 -0.33592899 -0.37154867
v -0.19415067 -0.32182470 -0.38806933
v -0.18100943 -0.32368951 -0.38439224
v -0.19028096 -0.33064973 -0.37753708
v -0.19069245 -0.34397482 -0.36783655
v -0.19877331 -0.37552781 -0.35260287
v -0.15558494 -0.31684311 -0.39931950
v -0.15091853 -0.30988289 -0.40732156
v -0.16853357 -0.34205748 -0.36822177
v -0.15546237 -0.33141141 -0.37744953
v -0.13740958 -0.32147450 -0.38962772
v -0.13578990 -0.31749098 -0.39714826
v -0.10991891 -0.31937330 -0.38400702
v -0.15518221 -0.34486783 -0.36730250
v -0.12681604 -0.32910885 -0.37745829
v -0.12879467 -0.34260905 -0.36749511
v -0.15364133 -0.38161253 -0.34927597
v -0.19192690 -0.40928705 -0.33336815
v -0.13927439 -0.41603715 -0.32846536
v -0.09152467 -0.37047618 -0.35065050
v -0.07967917 -0.29562977 -0.40866107
v -0.09226885 -0.30600443 -0.40158704
v -0.04284692 -0.27445144 -0.40941400
v -0.05017485 -0.24827402 -0.39363751
v -0.05253870 -0.26638810 -0.40655112
v -0.04378371 -0.28928240 -0.40198101
v -0.03582542 -0.27760324 -0.40815328
v -0.09298675 -0.31628279 -0.38517143
v -0.05546287 -0.30706378 -0.38370059
v -0.01520742 -0.24927209 -0.40652485
v -0.11226524 -0.33699710 -0.36785406
v -0.08689328 -0.32346188 -0.37545339
v -0.09456265 -0.33707589 -0.36689977
v -0.20697673 -0.42909960 -0.31896619
v -0.20218775 -0.45191510 -0.29983654
v -0.16555687 -0.43194497 -0.31812571
v -0.22699940 -0.46851456 -0.28065435
v -0.17021453 -0.27186872 -0.33318430
v -0.13445914 -0.22284953 -0.33340317
v -0.10161042 -0.22686807 -0.37720439
v -0.10073492 -0.26581027 -0.33186229
v -0.12194826 -0.29766968 -0.32777371
v -0.15295844 -0.32192976 -0.32239815
v -0.17407548 -0.34778324 -0.31217232
v -0.16245760 -0.37772531 -0.29622948
v -0.14810818 -0.34145339 -0.31481633
v -0.10203941 -0.33494843 -0.31502645
v -0.12815555 -0.35046227 -0.30987851
v -0.11085569 -0.36895281 -0.29883847
v -0.14657605 -0.39443859 -0.28456784
v -0.08511602 -0.24395781 -0.38288638
v -0.04075448 -0.21477743 -0.37923555
v -0.04172628 -0.22831264 -0.38391947
v -0.05993667 -0.27241153 -0.32850913
v -0.01505858 -0.22972220 -0.39315598
v 0.01525119 -0.24127003 -0.40872236
v -0.00465765 -0.26391919 -0.40737409
v -0.00984061 -0.29587491 -0.37412263
v -0.04873903 -0.31469814 -0.37269557
v 0.00499034 -0.26768384 -0.39703444
v -0.01328132 -0.29105966 -0.37991844
v 0.01606541 -0.26762255 -0.38703625
v -0.03431081 -0.32126438 -0.36526258
v 0.00354577 -0.30215223 -0.36495616
v -0.00478022 -0.23687502 -0.32896439
v -0.06741343 -0.31501332 -0.31809069
v -0.02426008 -0.27909159 -0.32326489
v 0.02276298 -0.25499785 -0.32189912
v -0.01637183 -0.30856089 -0.31301280
v 0.02563461 -0.28229592 -0.31345930
v -0.06755351 -0.32948531 -0.36697856
v -0.04195391 -0.35680089 -0.35030030
v -0.09990320 -0.39826452 -0.33632734
v -0.06374509 -0.40170523 -0.32963853
v -0.10289740 -0.39351932 -0.28141604
v -0.01308871 -0.35818417 -0.34411053
v -0.02179993 -0.39509521 -0.32512971
v -0.04467672 -0.42009947 -0.31277642
v 0.02026780 -0.37059875 -0.32911323
v 0.01271225 -0.40455936 -0.30878414
v -0.05078770 -0.34023644 -0.30646407
v -0.07101173 -0.37755897 -0.28781594
v -0.02168611 -0.36130095 -0.28730815
v -0.07019751 -0.40455936 -0.26604228
v -0.03846067 -0.38557854 -0.27430699
v -0.00144457 -0.32685006 -0.30224416
v 0.02006644 -0.34057789 -0.28826244
v -0.00310802 -0.37322525 -0.27302000
v -0.02091567 -0.39938516 -0.25600030
v 0.03695482 -0.36795474 -0.26071049
v 0.01039217 -0.39867601 -0.24248260
v -0.20554967 -0.39350181 -0.28448029
v -0.19828303 -0.41769184 -0.26359963
v -0.21207214 -0.43025526 -0.24748170
v -0.16634482 -0.41127444 -0.27096258
v -0.17780510 -0.43483412 -0.24443496
v -0.21403325 -0.48865104 -0.25702464
v -0.18743559 -0.47830264 -0.27262603
v -0.14034250 -0.44312509 -0.30740961
v -0.11114461 -0.41641362 -0.26199747
v -0.15269579 -0.46852332 -0.28416511
v -0.17631675 -0.49442934 -0.25007317
v -0.15582132 -0.49204798 -0.25628922
v -0.10900839 -0.46198334 -0.28719433
v -0.19569155 -0.45412136 -0.21094712
v -0.14774922 -0.44406188 -0.22983163
v -0.15221427 -0.42849550 -0.25212184
v -0.20147860 -0.51671079 -0.20760271
v -0.19547267 -0.50410360 -0.23446302
v -0.15663554 -0.50129325 -0.24123939
v -0.15987488 -0.51910090 -0.20484489
v -0.19652327 -0.53046488 -0.16837160
v -0.18128959 -0.52572843 -0.18540881
v -0.12988904 -0.51159787 -0.21872155
v -0.11156484 -0.49447311 -0.24818209
v -0.15141756 -0.53149797 -0.16638422
v -0.11209014 -0.51992387 -0.19531946
v -0.10529627 -0.53021098 -0.15968665
v -0.09010636 -0.43276794 -0.31167329
v -0.06147754 -0.44854443 -0.29203584
v -0.10230206 -0.48353813 -0.26129707
v -0.06052325 -0.47128114 -0.26739054
v -0.01307120 -0.44145289 -0.28518068
v -0.07733283 -0.42551005 -0.24447873
v -0.04185761 -0.42285729 -0.23575876
v -0.06138124 -0.48697008 -0.24612467
v -0.10149661 -0.50293043 -0.23094352
v -0.02144973 -0.47553607 -0.24758676
v -0.06102228 -0.49708210 -0.22948144
v 0.00539307 -0.45204643 -0.26682147
v -0.04382748 -0.50616978 -0.20163181
v -0.00157590 -0.48743410 -0.21639272
v 0.01242333 -0.46587931 -0.24462757
v -0.08285723 -0.51281482 -0.20376803
v -0.08234069 -0.52180619 -0.17884257
v -0.17132641 -0.53900099 -0.13162691
v -0.14433477 -0.54268684 -0.10143970
v -0.12891724 -0.53658462 -0.13871845
v -0.10304624 -0.53756518 -0.11963257
v -0.10368535 -0.54198645 -0.07140133
v -0.14241743 -0.54726570 -0.02235587
v -0.01245835 -0.42549254 -0.21486060
v -0.06726459 -0.43935169 -0.22066516
v 0.01487473 -0.42147400 -0.20247229
v -0.01961118 -0.44137409 -0.18765885
v -0.06983856 -0.52729557 -0.14986355
v -0.04323214 -0.51551135 -0.17433375
v -0.03928364 -0.52336458 -0.13753652
v 0.00303798 -0.49948972 -0.18264224
v -0.01815785 -0.51288486 -0.15924890
v -0.05905241 -0.53288126 -0.10271793
v -0.07041639 -0.53964011 -0.02338020
v -0.03773401 -0.53162054 -0.05566861
v -0.02832239 -0.52597357 -0.10049416
v 0.00763435 -0.51077490 -0.13287887
v 0.02437389 -0.49845663 -0.16129757
v 0.01836797 -0.51213193 -0.09825288
v 0.00794953 -0.51848805 -0.06141188
v 0.02833115 -0.24309107 -0.40575441
v 0.04177006 -0.22943328 -0.40666493
v 0.04933437 -0.24305605 -0.38261497
v 0.04537712 -0.25280035 -0.37726568
v 0.02293808 -0.27229772 -0.37635516
v 0.06371007 -0.21956641 -0.39763854
v 0.06854282 -0.22347113 -0.38672107
v 0.03297129 -0.27998460 -0.36647077
v 0.04022918 -0.32423232 -0.34658819
v 0.08044961 -0.22168512 -0.37501564
v 0.07553806 -0.23353062 -0.37122473
v 0.06093473 -0.26032089 -0.36494740
v 0.05933257 -0.24693451 -0.31608580
v 0.05933257 -0.24693451 -0.31608580
v 0.08157900 -0.30329914 -0.34196555
v 0.09697903 -0.21990785 -0.36668089
v 0.10894710 -0.27401369 -0.34338386
v 0.12768278 -0.30505014 -0.32250321
v 0.10431571 -0.33080732 -0.31988547
v 0.06233553 -0.33535116 -0.33405104
v 0.06759728 -0.36636133 -0.31471127
v 0.04899293 -0.29999851 -0.29985405
v 0.05593563 -0.38978093 -0.30283950
v 0.03812798 -0.34911400 -0.27553269
v 0.03030978 -0.42605286 -0.28278182
v 0.07010121 -0.40971605 -0.27843934
v 0.11996088 -0.35757132 -0.29449599
v 0.09880882 -0.38141992 -0.28808734
v 0.08391658 -0.24399283 -0.30929193
v 0.07552930 -0.27490670 -0.30152625
v 0.07552930 -0.27490670 -0.30152625
v 0.08209555 -0.29583113 -0.28902413
v 0.08209555 -0.29583113 -0.28902413
v 0.11304444 -0.22271820 -0.30565861
v 0.11203761 -0.25009506 -0.29643960
v 0.14189213 -0.23664739 -0.28778967
v 0.12714873 -0.26751749 -0.28156487
v 0.10931481 -0.29847514 -0.27367663
v 0.14170828 -0.30001602 -0.25060723
v 0.16585454 -0.22706944 -0.27759886
v 0.15037572 -0.27214888 -0.26430879
v 0.06136373 -0.31967973 -0.28466414
v 0.08342631 -0.32511657 -0.27046355
v 0.08342631 -0.32511657 -0.27046355
v 0.07264891 -0.34399233 -0.26214630
v 0.05635587 -0.37708620 -0.23961096
v 0.02367349 -0.40181029 -0.22923630
v 0.08091362 -0.36081943 -0.24048646
v 0.14381823 -0.32598332 -0.30195525
v 0.11352596 -0.33097366 -0.24661495
v 0.11352596 -0.33097366 -0.24661495
v 0.13039683 -0.37948507 -0.26882636
v 0.15621530 -0.34326567 -0.28159989
v 0.09929035 -0.41490776 -0.25447693
v 0.13310212 -0.40321985 -0.24007497
v 0.17338383 -0.28914232 -0.22895614
v 0.13378501 -0.33929966 -0.21556976
v 0.13378501 -0.33929966 -0.21556976
v 0.10892959 -0.35568900 -0.22039375
v 0.10666205 -0.37078261 -0.19932049
v 0.08232318 -0.38315341 -0.20711243
v 0.13138614 -0.35745751 -0.18938358
v 0.15826396 -0.28075504 -0.31841463
v 0.19413316 -0.25651247 -0.30801370
v 0.16457631 -0.30779920 -0.30083461
v 0.19361662 -0.29209275 -0.28956694
v 0.18886266 -0.31835772 -0.27500739
v 0.17452198 -0.24288095 -0.26294301
v 0.20442027 -0.23931767 -0.23634535
v 0.22718325 -0.24644423 -0.28870019
v 0.23029127 -0.28073753 -0.26451891
v 0.21459357 -0.30690619 -0.26088559
v 0.17771755 -0.26441822 -0.24549431
v 0.26412931 -0.24907073 -0.24813832
v 0.23273391 -0.30912996 -0.23731715
v 0.24430801 -0.29877281 -0.23056705
v 0.24283717 -0.28399438 -0.24704395
v 0.15374639 -0.36814735 -0.26105193
v 0.17333130 -0.37808427 -0.22964778
v 0.18804844 -0.34301178 -0.25464328
v 0.20093579 -0.34276664 -0.24167714
v 0.17165034 -0.39294149 -0.20877588
v 0.20595240 -0.36559965 -0.20060748
v 0.22059950 -0.33985998 -0.21652405
v 0.04268933 -0.45348225 -0.24408476
v 0.06166140 -0.43011518 -0.26204124
v 0.04500065 -0.40220427 -0.21125354
v 0.03877585 -0.46750774 -0.22394828
v 0.02895275 -0.48226865 -0.20219213
v 0.07333180 -0.44220582 -0.23793876
v 0.07719275 -0.45728191 -0.20804922
v 0.07298160 -0.47228797 -0.17710033
v 0.10850060 -0.43006265 -0.22411463
v 0.13101843 -0.42642057 -0.20419702
v 0.06457681 -0.48253130 -0.15503775
v 0.10731867 -0.45243165 -0.17892136
v 0.13710315 -0.43577090 -0.17185609
v 0.10181179 -0.46663224 -0.14244807
v 0.08084358 -0.48198850 -0.12126975
v 0.13137739 -0.44843062 -0.14213289
v 0.04579736 -0.49728346 -0.12748580
v 0.15925328 -0.41460133 -0.18448078
v 0.19235590 -0.39118173 -0.17429873
v -0.10430696 -0.54431527 -0.01127205
v -0.01576774 -0.52913412 0.03919172
v -0.02209760 -0.46802429 0.02928982
v 0.02286804 -0.45233534 -0.01329445
v -0.01154783 -0.46436470 -0.02868573
v 0.03712116 -0.50942664 -0.03163616
v -0.09958802 -0.47544852 0.19792845
v -0.06582002 -0.46956516 0.19144976
v -0.10941987 -0.47905557 0.14036439
v 0.07475886 -0.49524355 0.05850522
v 0.03116777 -0.51408429 0.08572449
v 0.05134802 -0.50590713 0.17491158
v 0.16105681 -0.33780256 -0.17634740
v 0.16105681 -0.33780256 -0.17634740
v 0.22198279 -0.21188828 -0.23448053
v 0.28592924 -0.24997249 -0.21251426
v 0.26247462 -0.28230467 -0.22070893
v 0.27851376 -0.28034355 -0.18993514
v 0.30491006 -0.22936324 -0.19300814
v 0.30322034 -0.24991121 -0.16901072
v 0.28611309 -0.28229592 -0.16564880
v 0.30723013 -0.25890258 -0.13329035
v 0.22292832 -0.36178247 -0.17216251
v 0.20810613 -0.38614761 -0.14651039
v 0.24740728 -0.31630905 -0.20435461
v 0.24179533 -0.33454570 -0.18543508
v 0.26766633 -0.30734394 -0.17157593
v 0.24946470 -0.33915958 -0.15360193
v 0.24033325 -0.36597612 -0.07226807
v 0.23290026 -0.36612495 -0.12506066
v 0.25426244 -0.34584839 -0.10313817
v 0.27999335 -0.30444604 -0.13648593
v 0.32319048 -0.23543045 -0.10818104
v 0.29974461 -0.28050114 -0.10553703
v 0.31756102 -0.25662628 -0.05781358
v 0.33742609 -0.21857709 -0.03217021
v 0.28143793 -0.31206288 -0.08994440
v 0.29817747 -0.29144488 -0.05702563
v 0.26622175 -0.33924713 -0.02475474
v 0.31544231 -0.26914592 0.02697850
v 0.29368616 -0.30491006 0.04910236
v 0.27337458 -0.33355639 0.08801830
v 0.16538177 -0.42036212 -0.15546674
v 0.12782286 -0.45891910 -0.09501354
v 0.10923602 -0.47203407 -0.07320485
v 0.16473390 -0.42981751 -0.11786406
v 0.14945644 -0.44866700 -0.04129291
v 0.06616146 -0.49344002 -0.08652119
v 0.07543300 -0.49250324 -0.03068186
v 0.11701045 -0.47165761 0.01475654
v 0.20418389 -0.39814195 -0.10524812
v 0.18592973 -0.41847979 -0.07144510
v 0.21003222 -0.39950773 -0.04405949
v 0.17789265 -0.42849550 -0.00784009
v 0.16492651 -0.44022719 0.04159934
v 0.20934933 -0.40387647 0.05505576
v 0.09988569 -0.48273267 0.13286136
v 0.14002732 -0.45835878 0.13385067
v 0.24160272 -0.37184196 0.04533772
v -0.13007289 -0.54857020 0.04679105
v -0.07208859 -0.54187263 0.06062393
v -0.11648515 -0.54773847 0.13149558
v -0.07962664 -0.54265182 0.17369464
v -0.04540338 -0.53633948 0.18246714
v 0.00600592 -0.52305816 0.13965523
v 0.32014374 -0.21758778 -0.16359138
v 0.32520412 -0.21967147 -0.13961146
v 0.34354583 -0.19070996 -0.09431314
v 0.35934859 -0.15947215 -0.02687344
v -0.17905707 -0.46680734 -0.18329010
v -0.16731662 -0.45989965 -0.19993334
v -0.11842000 -0.43945675 -0.23346496
v -0.13466051 -0.46675481 -0.18013831
v -0.11804354 -0.45513694 -0.20556280
v -0.10534880 -0.46230728 -0.18427066
v -0.10913096 -0.47180644 -0.15722650
v -0.15900814 -0.47417904 -0.16043082
v -0.18982571 -0.48316166 -0.11423949
v -0.13768098 -0.48011493 -0.13305397
v -0.09763565 -0.47934449 -0.11296127
v -0.08171033 -0.46924123 -0.15272643
v -0.11358725 -0.48298656 -0.09279852
v -0.13668291 -0.48675121 -0.05188645
v -0.10967377 -0.48528037 -0.06913378
v -0.06788620 -0.47932698 -0.06286521
v -0.06829768 -0.45224779 -0.19376107
v -0.04557848 -0.45352602 -0.17655752
v 0.02463654 -0.43306561 -0.16476454
v -0.03669217 -0.46217595 -0.13959395
v -0.01644187 -0.45112715 -0.15558931
v -0.01479593 -0.46219346 -0.08876247
v -0.04845012 -0.46779666 -0.11482608
v 0.01210815 -0.44850066 -0.12593616
v -0.06964595 -0.47657791 -0.10206130
v -0.03886340 -0.47252435 -0.05319970
v 0.07650111 -0.40124122 -0.17849237
v 0.11436644 -0.38215534 -0.16353009
v 0.17015324 -0.31679933 -0.19743817
v 0.19791532 -0.28524635 -0.19698291
v 0.05058634 -0.41344567 -0.18437572
v 0.07121309 -0.41512663 -0.14762227
v -0.10674960 -0.48595451 -0.00910957
v -0.07418979 -0.48120055 -0.01325943
v -0.13472179 -0.48693506 0.04889224
v -0.10370286 -0.48312664 0.06700632
v 0.01985632 -0.45337719 -0.04837570
v 0.03800541 -0.44349280 -0.06334673
v 0.06196782 -0.43507926 -0.00643930
v -0.06652917 -0.47317222 0.12573480
v -0.05226729 -0.47426659 0.06633219
v -0.02701790 -0.46067009 0.17344074
v -0.01393794 -0.45986463 0.11281243
v 0.01981254 -0.45344723 0.03233656
v 0.04277688 -0.44195192 0.05529214
v 0.00921025 -0.44842186 0.16193668
v 0.05754655 -0.42984377 0.11854695
v 0.08893319 -0.41897007 0.03037544
v 0.14880857 -0.35915598 -0.15094917
v 0.16314925 -0.35556643 -0.11641949
v 0.18302308 -0.32689384 -0.14911938
v 0.18302308 -0.32689384 -0.14911938
v 0.24322239 -0.20237161 -0.20991403
v 0.22030183 -0.24248697 -0.21108720
v 0.23510652 -0.23299656 -0.19354220
v 0.24296850 -0.24232938 -0.16397660
v 0.22122110 -0.26783267 -0.17485029
v 0.22654414 -0.27702541 -0.14295586
v 0.25730042 -0.23234869 -0.13412208
v 0.26347269 -0.19932487 -0.17041151
v 0.19398433 -0.30431472 -0.17438628
v 0.20516445 -0.31447926 -0.10840867
v 0.20516445 -0.31447926 -0.10840867
v 0.21676481 -0.30591688 -0.07062213
v 0.21676481 -0.30591688 -0.07062213
v 0.22594004 -0.28485237 -0.11912478
v 0.17402295 -0.35156540 -0.08110186
v 0.18507175 -0.34513048 -0.01820600
v 0.16897132 -0.35916473 -0.05281448
v 0.22245556 -0.30237986 -0.02269731
v 0.22245556 -0.30237986 -0.02269731
v 0.20131225 -0.32476637 0.05544098
v 0.22318222 -0.29865024 0.04621322
v 0.22318222 -0.29865024 0.04621322
v 0.24546367 -0.26295614 -0.09315748
v 0.28395061 -0.19224208 -0.09048720
v 0.26775388 -0.21863838 -0.11373170
v 0.25425368 -0.25517295 -0.05519584
v 0.27801473 -0.20951568 -0.02869448
v 0.28945750 -0.18831109 -0.02956123
v 0.26972375 -0.22883794 0.00192172
v 0.24900069 -0.26537252 0.00207931
v 0.08540493 -0.41838349 -0.08089174
v 0.05795804 -0.42833791 -0.11733876
v 0.11375359 -0.39677617 -0.11234842
v 0.06438420 -0.43073678 -0.07186534
v 0.12692985 -0.39066519 -0.07799383
v 0.09006259 -0.41900509 -0.03408756
v 0.13069450 -0.39271386 -0.01897644
v 0.14370442 -0.37614941 -0.07837030
v 0.17111629 -0.35828923 -0.00966989
v 0.12595805 -0.39315161 0.04744767
v 0.16133697 -0.36516190 0.04578422
v 0.10502487 -0.39936765 0.15818079
v 0.16640611 -0.35770265 0.07903568
v -0.70530204 0.14802938 0.28339467
v -0.62713748 0.31286834 0.26617360
v -0.64646850 0.28293503 0.27052483
v -0.64511148 0.27925793 0.38662476
v -0.68020148 0.21281631 0.36144541
v -0.66787445 0.24502592 0.25027454
v -0.69950624 0.16280780 0.34829541
v -0.66376836 0.24761740 0.36413319
v -0.66118564 0.24963980 0.39159760
v -0.67824036 0.21293888 0.39191277
v -0.69249349 0.17675450 0.39066957
v -0.68537568 0.18234019 0.40129812
v -0.70096832 0.13318967 0.40108800
v -0.68803720 0.16001496 0.40357442
v -0.66888128 0.13975591 0.38385818
v -0.65679939 0.15189033 0.35691908
v -0.65265828 0.18766322 0.38504011
v -0.66910015 0.15833400 0.39566867
v -0.65668558 0.19379172 0.39611517
v -0.56474067 0.38801243 0.16793385
v -0.59743180 0.35206444 0.24462757
v -0.53923738 0.41200986 0.24004871
v -0.51082743 0.43487789 0.08599589
v -0.49935840 0.44463971 0.14405024
v -0.46875970 0.46509136 0.14953962
v -0.42738362 0.48843217 0.10420628
v -0.54227536 0.31251814 0.17567326
v -0.53432583 0.32420606 0.11905474
v -0.51399674 0.34246897 0.18102256
v -0.48879112 0.36637884 0.15139567
v -0.45924303 0.39143563 0.12549841
v -0.46420711 0.38474682 0.19306067
v -0.57775058 0.37322525 0.29575671
v -0.49716965 0.44344903 0.33567947
v -0.53887842 0.41101179 0.31042132
v -0.44041105 0.48064898 0.26451891
v -0.39928010 0.50175726 0.17213625
v -0.46988034 0.46303394 0.26285546
v -0.53930742 0.31697443 0.23246689
v -0.52252410 0.33528112 0.22744152
v -0.49140011 0.36341966 0.20699862
v -0.51800653 0.34400984 0.26565706
v -0.48251379 0.37428460 0.25525613
v -0.42325126 0.41447876 0.13552288
v -0.43700535 0.40399904 0.20153551
v -0.41585330 0.41698269 0.16845040
v -0.51182550 0.35620555 0.29881221
v -0.47398643 0.38614761 0.29311271
v -0.44818548 0.39935014 0.25782134
v -0.40329864 0.42454700 0.22869349
v -0.41219371 0.42297110 0.26914154
v -0.58424678 0.25761560 0.24103802
v -0.57384586 0.27086190 0.16913329
v -0.56427665 0.28634072 0.23154761
v -0.60104761 0.22604510 0.21211153
v -0.63642653 0.14555172 0.23049701
v -0.61934554 0.18817977 0.18961996
v -0.61856635 0.19101638 0.22096283
v -0.64499766 0.10934108 0.20702488
v -0.65319234 0.06866539 0.22407961
v -0.63577866 0.15847408 0.27312506
v -0.61988835 0.19777524 0.26979817
v -0.64792183 0.12165935 0.28012030
v -0.65146760 0.09467647 0.25917836
v -0.57436240 0.27781336 0.26954427
v -0.60433949 0.23111424 0.27834304
v -0.59875380 0.24682945 0.29587053
v -0.59908649 0.34574333 0.37241541
v -0.60711482 0.25046277 0.33814838
v -0.58665441 0.27530068 0.32166273
v -0.56425039 0.29703932 0.29288508
v -0.53995529 0.32224494 0.27495486
v -0.56967848 0.30433223 0.33662501
v -0.54279190 0.33329374 0.32864921
v -0.62076385 0.21400699 0.31520155
v -0.64201221 0.16286909 0.31390581
v -0.63962210 0.18424878 0.33771938
v -0.65883930 0.11159986 0.32291469
v -0.62627074 0.22737586 0.35976445
v -0.63635649 0.22856654 0.38970652
v -0.61243785 0.26954865 0.38841078
v -0.61989711 0.31760479 0.38320156
v -0.62361798 0.30658226 0.39884673
v -0.65124873 0.26117012 0.40029130
v -0.62816182 0.29367740 0.40282149
v -0.66962545 0.22354993 0.40125435
v -0.65343748 0.24894816 0.40357442
v -0.67054473 0.20127723 0.40461627
v -0.65137130 0.23337303 0.40428358
v -0.61948562 0.29047308 0.40493145
v -0.63619890 0.24354633 0.40014247
v -0.66038018 0.20031418 0.40193724
v -0.67789016 0.15955095 0.40265515
v -0.55740398 0.39134808 0.37644271
v -0.52227021 0.36716679 0.36543768
v -0.51410180 0.36240408 0.33071539
v -0.49407914 0.38295204 0.34214065
v -0.56190405 0.38239172 0.39689436
v -0.57796070 0.36708800 0.39143125
v -0.53539394 0.40812264 0.39601011
v -0.53182190 0.41420736 0.37688046
v -0.55115292 0.38874785 0.40297908
v -0.53461474 0.40186282 0.40406470
v -0.55166947 0.37537022 0.40581570
v -0.50265903 0.43571837 0.39185149
v -0.46859336 0.46049499 0.37659154
v -0.53254857 0.36778840 0.38868218
v -0.49322990 0.40042700 0.38926001
v -0.50873499 0.42523865 0.40279523
v -0.50677387 0.42041465 0.40612212
v -0.51940732 0.39185587 0.40269892
v -0.53860702 0.37972145 0.40472133
v -0.54674916 0.36088947 0.39779613
v -0.51312124 0.38795990 0.39458305
v -0.52338209 0.39974411 0.40631473
v -0.50087301 0.41501282 0.40612212
v -0.47241929 0.42035336 0.39671926
v -0.49850916 0.40528602 0.40083411
v -0.46144053 0.42007320 0.38164317
v -0.40813139 0.49562002 0.30707692
v -0.37544902 0.50939162 0.30389010
v -0.43415123 0.47919565 0.38505762
v -0.44876331 0.40454185 0.29545029
v -0.46170318 0.40663429 0.33860364
v -0.40983862 0.42855679 0.29988031
v -0.42782137 0.43008891 0.34931099
v -0.43093815 0.44068245 0.38725512
v -0.40095230 0.44143538 0.33855111
v -0.37253360 0.44985768 0.31904499
v -0.36319203 0.44709986 0.27823798
v -0.36601989 0.46866340 0.38129297
v -0.47852152 0.45040049 0.39771733
v -0.45461164 0.46123041 0.40466880
v -0.48298656 0.44221457 0.40465129
v -0.44434204 0.46030238 0.40763674
v -0.46481120 0.44229337 0.40768051
v -0.46187828 0.43332826 0.40277772
v -0.39419345 0.49765117 0.39283205
v -0.35233584 0.51332261 0.39203534
v -0.38119229 0.50034771 0.39973974
v -0.41587956 0.48180464 0.40486141
v -0.33978118 0.52108828 0.31947398
v -0.35566274 0.48079782 0.40050142
v -0.31935579 0.48780181 0.39270948
v -0.38069325 0.49412291 0.40779433
v -0.35132902 0.50869122 0.40574566
v -0.31318352 0.52438891 0.39433791
v -0.34934163 0.49787005 0.40954533
v -0.37585174 0.48368696 0.40857352
v -0.34253025 0.48944775 0.40535169
v -0.33300482 0.51114261 0.40857352
v -0.32597456 0.50041775 0.40917762
v -0.44579536 0.47141247 0.39526594
v -0.43684776 0.44294124 0.39804127
v -0.39902620 0.45579356 0.38413834
v -0.42133392 0.46224599 0.40726027
v -0.39307281 0.46294639 0.39463558
v -0.40937460 0.46010977 0.40149073
v -0.39456116 0.47002918 0.40494020
v -0.41022384 0.47482691 0.40845095
v -0.59688024 0.34381723 0.39621148
v -0.59054162 0.30238862 0.38975905
v -0.55102160 0.34456141 0.37983964
v -0.56276204 0.33620915 0.38899736
v -0.58771376 0.29240793 0.36256605
v -0.61022284 0.28761895 0.40027379
v -0.57919516 0.32874114 0.40045765
v -0.57532545 0.36337588 0.40269892
v -0.60028593 0.33166531 0.40361820
v -0.57916889 0.34379972 0.40572815
v -0.56219296 0.35666081 0.40461627
v -0.39963905 0.49955976 0.01868753
v -0.32607962 0.52613116 -0.00818154
v -0.32640356 0.46498630 -0.01172731
v -0.38514954 0.50771941 0.08826344
v -0.33962359 0.52470409 0.10434635
v -0.28540394 0.53749514 0.03260796
v -0.24492086 0.54241544 -0.02428197
v -0.29382624 0.47338234 0.03944561
v -0.32858355 0.46311274 0.04576671
v -0.21338538 0.54489310 -0.04696615
v -0.23104420 0.54611880 0.04359548
v -0.19539388 0.54955076 0.06502769
v -0.18050164 0.54837759 -0.00563384
v -0.25443754 0.48084159 0.05653535
v -0.23472130 0.48616463 -0.01065045
v -0.19394931 0.48857225 0.03769461
v -0.35482226 0.51932853 0.18453331
v -0.30420966 0.53432583 0.13602191
v -0.25353577 0.54442033 0.12631263
v -0.18801342 0.48110424 0.14310470
v -0.15283587 0.48821329 0.03689791
v -0.20931431 0.54794859 0.16437057
v -0.16390218 0.54945445 0.15447743
v -0.15079596 0.54687173 -0.04256239
v -0.10515619 0.54259054 -0.05713945
v -0.07581822 0.53834437 -0.05237673
v -0.13184140 0.54779976 0.02481602
v -0.07376955 0.54020043 0.02308253
v -0.04371367 0.52976448 -0.08591710
v -0.03180688 0.52359221 -0.11548270
v 0.00567323 0.51357650 -0.10850498
v -0.03668341 0.53140166 -0.01808343
v 0.00656624 0.51753376 -0.05638652
v -0.12808551 0.54743205 0.13377188
v -0.15320358 0.47951959 0.17417616
v -0.10629434 0.48316166 0.05647407
v -0.09078050 0.54287070 0.13658223
v -0.05658350 0.53661964 0.15215736
v -0.10701225 0.47507205 0.17362460
v -0.02106451 0.52858255 0.05995855
v 0.00925403 0.51948612 0.05333102
v -0.06919069 0.47759349 0.04237853
v -0.02432136 0.46726260 0.00671070
v -0.01426188 0.46185202 0.05647407
v 0.04488684 0.50563572 0.03163616
v 0.05119043 0.50050530 -0.04529394
v 0.01798275 0.45298321 -0.03898160
v 0.01758878 0.45185382 0.02081499
v -0.31426039 0.52995709 0.26081555
v -0.26762255 0.53963135 0.26853745
v -0.20740573 0.54562852 0.28233531
v -0.14318787 0.54602250 0.26068422
v -0.17840044 0.54448162 0.32291469
v -0.13693681 0.54021794 0.37686295
v -0.10088376 0.54098838 0.28179250
v -0.06849029 0.46939882 0.15405719
v -0.01430565 0.52475662 0.19552083
v 0.01920845 0.51466212 0.14967970
v 0.05643467 0.49890314 0.16547370
v -0.04558724 0.53008841 0.28755329
v 0.01822789 0.51105506 0.28269427
v -0.05500761 0.52804850 0.37111967
v -0.01632806 0.51748998 0.37673162
v 0.10245090 0.47178018 0.27516498
v 0.08457321 0.48700510 0.08757179
v 0.06002422 0.49305480 0.29636956
v -0.38663789 0.43235645 0.18422689
v -0.36092449 0.44444710 0.23582880
v -0.33734730 0.45291317 0.17362460
v -0.30030493 0.46384815 0.19398870
v -0.32226245 0.46053877 0.11717242
v -0.27336583 0.47184146 0.14227297
v -0.26982005 0.47052821 0.20043238
v -0.31388392 0.46043371 0.22494635
v -0.22124737 0.47756722 0.19532822
v -0.22607137 0.47994858 0.12444781
v -0.32085289 0.46036367 0.26352959
v -0.27897777 0.47063327 0.25915210
v -0.24401034 0.47487069 0.23040071
v -0.33897572 0.45903291 0.30003790
v -0.30371062 0.47140371 0.31234742
v -0.33089487 0.47146500 0.34809405
v -0.25377216 0.47829389 0.28920798
v -0.27356719 0.47866160 0.31416846
v -0.20240663 0.47974722 0.24277151
v -0.17352391 0.47946706 0.21261932
v -0.22879417 0.48051766 0.28459410
v -0.19771395 0.48359066 0.29249986
v -0.15787874 0.48160328 0.27751131
v -0.12773531 0.47962465 0.27743252
v -0.28903726 0.53288126 0.33844605
v -0.30301898 0.48496519 0.36985020
v -0.24535861 0.53728502 0.38711504
v -0.24031574 0.48628720 0.32933210
v -0.27418004 0.48798566 0.35838992
v -0.23608708 0.50180104 0.39067832
v -0.21440972 0.49749358 0.36788908
v -0.27755071 0.53222463 0.38732516
v -0.26421686 0.53128785 0.40253258
v -0.30302773 0.52191125 0.40617465
v -0.28665590 0.50150337 0.40320671
v -0.28296129 0.49600524 0.39277076
v -0.30537407 0.51337514 0.41015818
v -0.29147990 0.50736046 0.40926517
v -0.25357079 0.52568465 0.41061343
v -0.23027376 0.53543771 0.40280398
v -0.19701355 0.54077826 0.38983784
v -0.20096205 0.53821304 0.40127186
v -0.25492782 0.50173975 0.39668424
v -0.25477898 0.51540629 0.41045584
v -0.22130865 0.52208635 0.41228564
v -0.22193901 0.51253466 0.40653361
v -0.20985712 0.50653749 0.39707822
v -0.16014629 0.48947401 0.32839532
v -0.19606801 0.49177657 0.33896259
v -0.12369926 0.48424728 0.31603327
v -0.15557618 0.53864204 0.39951211
v -0.16416483 0.50053157 0.37632889
v -0.19368666 0.50625733 0.39549357
v -0.16117062 0.50686142 0.39769982
v -0.13545721 0.49220557 0.34963493
v -0.08698083 0.48449242 0.34484595
v -0.13080831 0.50266778 0.39475815
v -0.08904701 0.53420326 0.37475299
v -0.10539258 0.49666186 0.38224727
v -0.05830824 0.46500381 0.21347731
v -0.02675525 0.45678288 0.17833478
v -0.12372553 0.47670924 0.23342994
v -0.08484461 0.47090468 0.22662731
v -0.10075243 0.47476563 0.25987876
v -0.06030437 0.46739393 0.26971062
v -0.00857114 0.45030418 0.23856036
v 0.00300296 0.44562902 0.19620372
v 0.03494117 0.43200625 0.18243212
v 0.04233038 0.42854803 0.24060027
v 0.05810687 0.41976678 0.19222020
v -0.08575513 0.47786489 0.31261883
v -0.02460152 0.45791227 0.27936737
v -0.04903670 0.46996789 0.31602452
v -0.00316931 0.45637139 0.32241566
v -0.03691104 0.47318973 0.34761252
v -0.00919274 0.46736766 0.36024597
v 0.01470838 0.44321264 0.27789653
v 0.05043750 0.42714723 0.28752702
v 0.08482710 0.40563622 0.26371345
v 0.05252994 0.49212677 0.36858948
v 0.04174379 0.43812599 0.32648673
v 0.07784938 0.41598462 0.31366067
v 0.11652017 0.38587621 0.28138102
v 0.07768303 0.42684081 0.35955433
v 0.09919404 0.40854288 0.34069608
v -0.20677537 0.53305636 0.40872236
v -0.16496153 0.53411571 0.40927392
v -0.16545181 0.51868942 0.41119126
v -0.17506479 0.52487919 0.41223311
v -0.16946160 0.51221948 0.40566686
v -0.13518581 0.53482486 0.40425731
v -0.10693345 0.53382679 0.39891677
v -0.13161377 0.50922527 0.40602582
v -0.07070530 0.52856504 0.39637782
v -0.10111139 0.50919901 0.41002685
v -0.11054927 0.50421742 0.40220864
v -0.11914667 0.52867010 0.41025448
v -0.12962639 0.51856685 0.41259206
v -0.04597246 0.51095000 0.41310861
v -0.08448566 0.52556208 0.40845971
v -0.08469578 0.49676692 0.39672802
v -0.06349119 0.49923583 0.40720774
v -0.03778654 0.51577400 0.40833714
v -0.05860591 0.50722913 0.41307359
v -0.03066873 0.51766508 0.40104423
v -0.03004713 0.49252950 0.40947529
v -0.06433167 0.49184661 0.39308594
v -0.03506374 0.48711892 0.40100046
v -0.00906142 0.49055963 0.41269712
v 0.00225879 0.50754431 0.40081660
v 0.01807906 0.50459388 0.38867343
v -0.00196987 0.47367125 0.39345365
v -0.00441252 0.48051766 0.40544799
v 0.02707919 0.46687738 0.40380205
v 0.01679207 0.49599648 0.41103367
v 0.02457526 0.48241749 0.41379150
v 0.03495868 0.46897858 0.40989553
v 0.05572551 0.48664615 0.40051018
v 0.09159471 0.47205158 0.37862270
v 0.03426703 0.45040049 0.36338902
v 0.03375924 0.45786850 0.39025808
v 0.06071586 0.44723118 0.39740215
v 0.10133902 0.46450478 0.39329606
v 0.12797170 0.45094330 0.36706611
v 0.11693165 0.41070536 0.38886604
v 0.08809271 0.43207629 0.39683308
v 0.04908923 0.48194472 0.41188291
v 0.03829433 0.48094665 0.41344130
v 0.07618593 0.45631886 0.41337126
v 0.07543300 0.44759014 0.40864356
v 0.07882118 0.46223724 0.41345005
v 0.07080161 0.47238427 0.41116500
v 0.09934288 0.45980335 0.40921264
v 0.11788595 0.44265232 0.41326620
v 0.12735009 0.44792283 0.39666673
v 0.14394955 0.43284673 0.40686630
v 0.12095019 0.41583579 0.40454623
v 0.11700169 0.42446821 0.41007063
v 0.14514023 0.41604591 0.41438684
v -0.27171113 0.47954585 -0.00960860
v -0.23608708 0.48537668 -0.05650033
v -0.19964005 0.48829209 -0.05345359
v -0.16743044 0.49047208 -0.02621682
v -0.10404431 0.48517531 -0.07289843
v -0.10781771 0.48661113 -0.02225956
v -0.05568174 0.47659542 -0.02332767
v -0.05241613 0.47517711 -0.06494890
v -0.02777083 0.46743770 -0.07364260
v 0.02264916 0.44473601 -0.11541266
v -0.01863062 0.46604566 -0.04004095
v 0.02955685 0.44719616 -0.01782078
v -0.03944123 0.46422462 0.12170750
v -0.00027140 0.45033045 0.13310650
v 0.02209760 0.44344903 0.10697285
v 0.05757282 0.43247027 0.03033166
v -0.36606367 0.44355409 0.13361429
v 0.07001366 0.42034461 0.09560012
v -0.72409025 0.01946234 0.33710653
v -0.72148126 0.04940441 0.36030726
v -0.72300463 -0.00911395 0.36241721
v -0.72050070 -0.05857964 0.34882947
v -0.71268250 0.11078565 0.35220889
v -0.71767284 0.08164029 0.35930919
v -0.70487304 0.13466051 0.39119487
v -0.71110660 0.10303748 0.39415405
v -0.71571172 0.07625597 0.39246434
v -0.72016801 0.01779014 0.39284956
v -0.71801429 0.04270684 0.39614144
v -0.67786390 0.12314770 0.39366377
v -0.68190870 0.07953033 0.38260622
v -0.69801789 0.09766192 0.40362695
v -0.68627744 0.11785968 0.40054520
v -0.68663640 0.07767428 0.39346241
v -0.71126419 0.07232498 0.40174463
v -0.71425839 0.03559779 0.40205981
v -0.69476979 0.06123240 0.39992359
v -0.70283313 0.03537892 0.40307539
v -0.69261606 0.03764646 0.39534473
v -0.69178433 0.01715978 0.39240305
v -0.68373850 0.03480109 0.37277437
v -0.71650843 -0.00780945 0.40059773
v -0.72007171 -0.02629124 0.38961897
v -0.69581163 -0.01975126 0.39803251
v -0.68940298 -0.00596215 0.38750901
v -0.70078446 0.00842230 0.40220864
v -0.71064258 -0.01925222 0.40359193
v -0.70320084 -0.02454024 0.40313667
v -0.71408329 -0.08344382 0.38794676
v -0.71567670 -0.06849029 0.39017929
v -0.71309398 -0.05855338 0.40080785
v -0.70185257 -0.06612644 0.40422229
v -0.65693947 0.03214833 0.22338796
v -0.65859416 -0.00837853 0.23545234
v -0.66033641 0.04541214 0.27309004
v -0.66177223 0.00086674 0.26971937
v -0.66469639 0.07245630 0.31809945
v -0.66587832 0.02484666 0.29979276
v -0.65753481 -0.05396576 0.26289048
v -0.66114187 -0.03816300 0.27825549
v -0.63701311 -0.14754786 0.26615609
v -0.64664360 -0.12132666 0.27941115
v -0.66143954 -0.06694066 0.30016923
v -0.65417289 -0.09962304 0.29445222
v -0.66865365 -0.02208884 0.31541167
v -0.67397668 0.02811227 0.33742171
v -0.67838920 -0.00346698 0.35185869
v -0.67270721 -0.03776903 0.33680886
v -0.67412552 -0.05496383 0.34796272
v -0.66399599 -0.09982440 0.33795577
v -0.65433048 -0.13087835 0.33166093
v -0.67381034 0.07996808 0.35528189
v -0.68506926 -0.06674805 0.38916371
v -0.67465957 -0.11726434 0.38602942
v -0.69121526 -0.06905061 0.39883797
v -0.64554047 -0.15141756 0.32216177
v -0.63288951 -0.17287604 0.29780538
v -0.67291733 -0.22826887 0.34629927
v -0.68695158 -0.19411565 0.35590350
v -0.70236036 -0.14868600 0.35347837
v -0.70347225 -0.13414397 0.38702749
v -0.68978820 -0.17657940 0.38965399
v -0.67585901 -0.21145929 0.39059077
v -0.63479810 -0.19359035 0.34087993
v -0.66005625 -0.16456756 0.38658974
v -0.64528658 -0.20149611 0.38575802
v -0.65427795 -0.26321004 0.35797843
v -0.66066034 -0.24577009 0.38680862
v -0.66162339 -0.23257632 0.40081660
v -0.61916169 -0.25055032 0.38314903
v -0.61266548 -0.23775052 0.33964548
v -0.62610439 -0.24762615 0.39437293
v -0.64627589 -0.26864689 0.39262193
v -0.64804440 -0.25298421 0.40359193
v -0.63117353 -0.29507820 0.38848957
v -0.63100719 -0.28761019 0.39998488
v -0.61187754 -0.21064507 0.27003455
v -0.61549335 -0.21352546 0.30061573
v -0.59832481 -0.24724093 0.30785611
v -0.63592749 -0.29379122 0.34585277
v -0.58607658 -0.27248157 0.32314232
v -0.57169213 -0.28303133 0.29370805
v -0.55722013 -0.30624957 0.31023747
v -0.58756493 -0.28375800 0.35275170
v -0.61598363 -0.31672054 0.38997792
v -0.59617108 -0.34225009 0.38613448
v -0.60178303 -0.32817207 0.40089540
v -0.62108779 -0.29377371 0.40415225
v -0.58675071 -0.30195962 0.38995166
v -0.58197924 -0.29700430 0.36382677
v -0.60111765 -0.28374924 0.39131744
v -0.54957702 -0.32509031 0.33810460
v -0.55629210 -0.33670818 0.38468991
v -0.56348870 -0.34013138 0.40049267
v -0.52523815 -0.35851686 0.36049111
v -0.70548589 -0.11109208 0.39872416
v -0.69967258 -0.10692470 0.40347812
v -0.69830680 -0.13179763 0.40117555
v -0.68793214 -0.13267313 0.40392462
v -0.68132212 -0.11176621 0.39702569
v -0.67913337 -0.14497389 0.40250631
v -0.67332881 -0.13708564 0.39586128
v -0.69205574 -0.10203066 0.40306663
v -0.69505870 -0.15093604 0.39783990
v -0.67721603 -0.18681399 0.40362695
v -0.67092119 -0.18151722 0.40406470
v -0.66414483 -0.17362897 0.39908311
v -0.67883570 -0.19340650 0.40082536
v -0.64637220 -0.21294764 0.39798874
v -0.64900745 -0.22727955 0.40430984
v -0.63109474 -0.24758238 0.40062399
v -0.62725130 -0.26995138 0.40492269
v -0.60988140 -0.28254981 0.40093917
v -0.60223829 -0.30572427 0.40530791
v -0.58577891 -0.31507460 0.40132439
v -0.58135764 -0.34565578 0.40524663
v -0.56931077 -0.34650502 0.40569313
v -0.57876616 -0.35790401 0.39827765
v -0.55218601 -0.39201346 0.36537640
v -0.57266393 -0.36848880 0.39007423
v -0.55856840 -0.37650837 0.40249756
v -0.53151548 -0.36599363 0.39161511
v -0.55484753 -0.38513203 0.39440795
v -0.53941248 -0.38039558 0.40726903
v -0.53030729 -0.37690234 0.40290029
v -0.52668272 -0.40085600 0.40593827
v -0.53533265 -0.32788315 0.29860209
v -0.51652693 -0.35561896 0.32821146
v -0.48440487 -0.38430031 0.33399851
v -0.43912406 -0.41189604 0.31769672
v -0.45286064 -0.40752730 0.33504036
v -0.50695773 -0.42945855 0.36896594
v -0.53029853 -0.40790377 0.39124740
v -0.49821149 -0.39431602 0.39364626
v -0.52310193 -0.41095050 0.39982729
v -0.47712948 -0.41093299 0.39317349
v -0.46974026 -0.40807011 0.37298449
v -0.49309858 -0.43687403 0.39187775
v -0.49752860 -0.42817157 0.40448494
v -0.43616487 -0.43155099 0.37776471
v -0.46387442 -0.46013604 0.35351339
v -0.47066829 -0.45130225 0.39623774
v -0.44299377 -0.46860211 0.39250811
v -0.43303059 -0.47700691 0.36535013
v -0.44307256 -0.46599313 0.40079909
v -0.40143383 -0.42876691 0.29370805
v -0.40447181 -0.43567460 0.33405980
v -0.35439326 -0.44974386 0.29106404
v -0.37768154 -0.44620685 0.32452561
v -0.39364189 -0.49661808 0.35879265
v -0.40386771 -0.48880863 0.39469686
v -0.39252125 -0.45771966 0.38712379
v -0.33581517 -0.46556413 0.33700147
v -0.36226400 -0.46187828 0.35888020
v -0.34542815 -0.51535376 0.35584221
v -0.37656965 -0.50042651 0.39558987
v -0.34253025 -0.51312124 0.39398771
v -0.49914828 -0.41772686 0.40779433
v -0.50313180 -0.40257198 0.40488767
v -0.45462039 -0.44358035 0.40779433
v -0.46708750 -0.42606162 0.40312792
v -0.45750954 -0.45322835 0.40613963
v -0.43636624 -0.43878262 0.39617646
v -0.39106792 -0.48807321 0.40732156
v -0.42476588 -0.45055808 0.40301410
v -0.39938516 -0.47463430 0.40867858
v -0.39305530 -0.46385691 0.40038761
v -0.37850451 -0.47353117 0.40402093
v -0.36540704 -0.47234050 0.39410152
v -0.32358445 -0.48517531 0.38940885
v -0.33008065 -0.49082228 0.40328551
v -0.34152343 -0.49547118 0.40857352
v -0.35690595 -0.50349951 0.40510655
v -0.31805130 -0.51630806 0.40625345
v -0.29887787 -0.51354148 0.41031576
v -0.31292087 -0.46366430 0.28759706
v -0.27688533 -0.47145624 0.27073495
v -0.23430106 -0.47958963 0.27640818
v -0.27689409 -0.53621691 0.29180821
v -0.23340805 -0.54360612 0.27637316
v -0.26787645 -0.47661293 0.29777912
v -0.28955380 -0.48053517 0.34076612
v -0.24034200 -0.48661989 0.32863170
v -0.24599772 -0.49772997 0.37230160
v -0.29414142 -0.52939677 0.36667214
v -0.22840019 -0.54139111 0.35374102
v -0.20578605 -0.48164705 0.26987696
v -0.15823770 -0.48318793 0.27006082
v -0.14607702 -0.48015870 0.23012055
v -0.10867570 -0.47733084 0.23812261
v -0.14043880 -0.54500692 0.33321932
v -0.10136528 -0.54422772 0.26326694
v -0.17498600 -0.48795940 0.30857402
v -0.21482996 -0.48780181 0.31802065
v -0.10669707 -0.48189219 0.29553784
v -0.13801367 -0.48844968 0.31772298
v -0.18674395 -0.49440307 0.34032837
v -0.17837418 -0.54435905 0.35412624
v -0.27589602 -0.49802764 0.39105479
v -0.20014784 -0.50566199 0.38274630
v -0.24463195 -0.50694897 0.39908311
v -0.30261625 -0.52334707 0.40123684
v -0.27036286 -0.53162054 0.39748095
v -0.29564728 -0.50521549 0.40789063
v -0.27951183 -0.50363083 0.40285651
v -0.27123836 -0.52750569 0.40765425
v -0.23930891 -0.51935479 0.41061343
v -0.26349020 -0.51869817 0.41088484
v -0.23069400 -0.53751265 0.39934576
v -0.23466001 -0.51346269 0.40616590
v -0.23437110 -0.52874890 0.41100741
v -0.21482120 -0.53619064 0.40815328
v -0.19797660 -0.51296365 0.40157828
v -0.19585789 -0.51947736 0.40904629
v -0.15217925 -0.50257148 0.37153116
v -0.11209890 -0.49154019 0.34112507
v -0.10351901 -0.50564448 0.39627276
v -0.15276583 -0.51178173 0.39928448
v -0.12690359 -0.51657071 0.40908131
v -0.15974356 -0.51872444 0.40842469
v -0.07777934 -0.48470254 0.33472518
v -0.07726279 -0.50966302 0.40845971
v -0.10028842 -0.51984507 0.41276716
v -0.19196192 -0.54066444 0.40135941
v -0.13867030 -0.54149617 0.39810255
v -0.18327697 -0.52818858 0.41260082
v -0.16459382 -0.53458848 0.41141014
v -0.14872102 -0.52583349 0.41285471
v -0.16287784 -0.54001657 0.40544799
v -0.13315465 -0.53609434 0.41000934
v -0.10678462 -0.53642703 0.40704140
v -0.08522108 -0.53640076 0.39755099
v -0.12773531 -0.52805726 0.41367768
v -0.08294478 -0.53055243 0.41116500
v -0.09476402 -0.52536947 0.41330997
v 0.05383444 0.49433303 -0.10956433
v 0.08901199 0.47228797 -0.13788672
v 0.08650806 0.47988730 -0.09620421
v 0.11961068 0.45028667 -0.15433735
v 0.12521387 0.45413012 -0.11838936
v 0.08619288 0.48429106 -0.02500863
v 0.11818362 0.46372558 -0.07162020
v 0.14657605 0.43720672 -0.13278256
v 0.17859305 0.40988239 -0.14342863
v 0.18640250 0.41053026 -0.10720048
v 0.21054877 0.38289951 -0.13392947
v 0.22453049 0.37640331 -0.09496976
v 0.15410534 0.43702286 -0.09680831
v 0.15922701 0.43735555 -0.04789418
v 0.21784168 0.38890544 -0.02626059
v 0.10766887 0.47414402 0.05362869
v 0.12095895 0.46432968 -0.02466719
v 0.13553601 0.45648521 0.03507687
v 0.19117397 0.41279780 -0.02175177
v 0.17232448 0.43032530 0.03698546
v 0.20941937 0.39886861 0.05691182
v 0.23853847 0.35437575 -0.13127671
v 0.27347089 0.31308722 -0.12144485
v 0.25202991 0.34429000 -0.10308564
v 0.25344822 0.34819473 -0.05746338
v 0.24281091 0.36418134 0.02085001
v 0.13263811 0.45732569 0.15071278
v 0.17247331 0.42788265 0.17270532
v 0.28879212 0.28760144 -0.13069012
v 0.31292087 0.24915828 -0.12338846
v 0.30180203 0.27510807 -0.09514486
v 0.28149921 0.31155509 -0.05905679
v 0.31901435 0.25176726 -0.04773659
v 0.31356874 0.23634973 -0.15111551
v 0.34012263 0.19694351 -0.10125584
v 0.33261960 0.22771730 -0.00977495
v 0.34407988 0.17304239 -0.13264248
v 0.34907023 0.17059975 -0.10990577
v 0.35508491 0.15523474 -0.15568562
v 0.35508491 0.15523474 -0.15568562
v 0.35296620 0.15351876 -0.14869914
v 0.36248287 0.14895741 -0.14822637
v 0.36248287 0.14895741 -0.14822637
v 0.35582033 0.14554296 -0.13935756
v 0.35456836 0.14536786 -0.12160244
v 0.35723863 0.14086780 -0.12715311
v 0.36565218 0.13753215 -0.13600440
v 0.36565218 0.13753215 -0.13600440
v 0.36278930 0.13519456 -0.13242361
v 0.41121315 0.16415607 -0.15359318
v 0.39766043 0.15838653 -0.14646661
v 0.37506380 0.14538537 -0.14040816
v 0.37358420 0.12775282 -0.12994595
v 0.40013809 0.13903801 -0.12620757
v 0.41655370 0.15572502 -0.13368433
v 0.36586230 0.11380612 -0.11668214
v 0.36586230 0.11380612 -0.11668214
v 0.36984582 0.11649390 -0.12424645
v 0.36984582 0.11649390 -0.12424645
v 0.36984582 0.11649390 -0.12424645
v 0.38257558 0.08644678 -0.12169875
v 0.37368051 0.10418439 -0.12250421
v 0.37368051 0.10418439 -0.12250421
v 0.37667471 0.08345257 -0.12059562
v 0.37667471 0.08345257 -0.12059562
v 0.37186822 0.08242824 -0.11445837
v 0.37561536 0.05869346 -0.11655081
v 0.37561536 0.05869346 -0.11655081
v 0.36804229 0.11051425 -0.11922984
v 0.36513564 0.11527696 -0.10269166
v 0.36513564 0.11527696 -0.10269166
v 0.39072647 0.12365549 -0.12256549
v 0.37845198 0.11244910 -0.12322211
v 0.34738927 0.19211076 -0.02170800
v 0.27798846 0.32123811 0.01536063
v 0.29419395 0.29619009 -0.01707661
v 0.30205593 0.28177062 -0.03306322
v 0.31214168 0.26926849 0.05877663
v 0.26679083 0.21630955 0.10644755
v 0.25519046 0.24949972 0.02075371
v 0.28104395 0.19990270 0.03004275
v 0.28896722 0.17614166 0.06860848
v 0.34625112 0.19876455 0.06703259
v 0.33213808 0.23095665 0.11461596
v 0.36172994 0.14811693 -0.03471792
v 0.35662579 0.16977678 0.03979581
v 0.37248107 0.12075758 0.09239579
v 0.37248107 0.12075758 0.09239579
v 0.36358600 0.14789806 0.04441844
v 0.35736120 0.16977678 0.11901096
v 0.37976523 0.06195907 -0.12067441
v 0.37976523 0.06195907 -0.12067441
v 0.38261935 -0.03908228 -0.00843543
v 0.37747142 -0.03928364 -0.08568947
v 0.38329349 0.00471018 -0.02169924
v 0.37488870 -0.10267853 0.01283919
v 0.37598307 -0.07796319 -0.05743712
v 0.38017671 -0.06300967 -0.01166602
v 0.38182265 -0.06487448 0.04061002
v 0.38022048 0.08036206 0.11474728
v 0.38034305 0.07530167 0.03220523
v 0.38398513 0.05511267 0.12253923
v 0.38546472 0.03521257 0.05532716
v 0.38675171 0.02002266 0.12501689
v 0.37784788 -0.09567454 0.07745102
v 0.38274192 -0.06385890 0.12134855
v 0.32014374 -0.03073002 0.11658583
v 0.31788495 -0.01572396 0.17518298
v 0.32019627 0.01937479 0.11858197
v 0.10899963 0.39361562 0.11781153
v 0.14851090 0.36320954 0.12053433
v 0.13215658 0.37188573 0.17820346
v 0.09514048 0.39748533 0.21774099
v 0.08846042 0.40328113 0.16757490
v 0.12745515 0.37479239 0.22593566
v 0.15423667 0.35271230 0.18385918
v 0.17935474 0.32954660 0.17168099
v 0.17402295 0.33334627 0.20998407
v 0.15642542 0.35063737 0.24401472
v 0.18198123 0.33364394 0.10263913
v 0.16543430 0.35699349 0.03496305
v 0.20210020 0.30781671 0.13437597
v 0.22954710 0.37756772 0.13478746
v 0.25187232 0.35333391 0.12443906
v 0.21142427 0.39179458 0.24903133
v 0.27782212 0.31715829 0.25053719
v 0.28761019 0.30760659 0.13244987
v 0.21187077 0.29131356 0.21419522
v 0.20006029 0.30639840 0.24461006
v 0.23100043 0.26694842 0.18097003
v 0.22476687 0.27884645 0.14223795
v 0.24480705 0.24887812 0.15199101
v 0.23010742 0.26690464 0.22457864
v 0.25017386 0.23596451 0.19555585
v 0.14633967 0.44218831 0.30993104
v 0.19298626 0.40549614 0.31220734
v 0.14532409 0.36645764 0.30312842
v 0.11992586 0.39101539 0.32645171
v 0.17946855 0.33059720 0.26935166
v 0.17368150 0.34256527 0.30846896
v 0.20445529 0.31106481 0.31265385
v 0.16037392 0.36564343 0.35037034
v 0.19530633 0.33025575 0.34495101
v 0.24773121 0.35308001 0.27140908
v 0.21674730 0.29219781 0.29359423
v 0.22935449 0.27214013 0.27620682
v 0.24404536 0.24796760 0.25179791
v 0.26544256 0.20797480 0.21664662
v 0.25769439 0.23248002 0.29685984
v 0.26982005 0.20526951 0.27429823
v 0.24647925 0.25965551 0.32805387
v 0.22685932 0.28800417 0.32910447
v 0.27656140 0.20273056 0.31563054
v 0.28709365 0.17542375 0.30283950
v 0.26410305 0.23804819 0.34479342
v 0.33784633 0.21756152 0.15717397
v 0.31444424 0.26180924 0.22017488
v 0.27419755 0.19528882 0.14904934
v 0.27764702 0.18169232 0.21681296
v 0.34309932 0.20007780 0.24733286
v 0.29451788 0.29293323 0.25357517
v 0.32672749 0.23468628 0.29782289
v 0.30009481 0.27728806 0.37773845
v 0.30779045 0.09276788 0.18864816
v 0.30769414 0.10640816 0.11975514
v 0.31317477 0.06821889 0.16317114
v 0.29856269 0.13123731 0.15993179
v 0.29583113 0.13990475 0.26173482
v 0.28774152 0.16071536 0.25251582
v 0.30190709 0.11536451 0.21981593
v 0.29010537 0.15358004 0.18267726
v 0.35812289 0.16765807 0.20919612
v 0.36119589 0.16021633 0.18195059
v 0.35625808 0.16887501 0.18028714
v 0.36630005 0.16020757 0.19234277
v 0.36630005 0.16020757 0.19234277
v 0.36630005 0.16020757 0.19234277
v 0.36763081 0.15104110 0.17335319
v 0.36763081 0.15104110 0.17335319
v 0.36501307 0.16594209 0.21059692
v 0.36501307 0.16594209 0.21059692
v 0.31493452 0.04897542 0.22796682
v 0.31155509 0.07758673 0.24843599
v 0.31730712 0.03363667 0.16187540
v 0.31545982 0.06443673 0.12741576
v 0.31801628 0.00846608 0.22871100
v 0.31412906 -0.06497078 0.22393953
v 0.31518842 -0.06019056 0.16112247
v 0.32052020 0.01772010 0.27655702
v 0.31778865 -0.03059869 0.24072284
v 0.32123811 -0.02306065 0.27949870
v 0.37475737 0.10927979 0.12913173
v 0.36984582 0.13739207 0.15503775
v 0.37520388 0.11474291 0.13961146
v 0.36790221 0.13734829 0.14348116
v 0.36790221 0.13734829 0.14348116
v 0.37946756 0.11642386 0.14778862
v 0.38496569 0.09910649 0.14316598
v 0.39500766 0.11188878 0.15093166
v 0.38294329 0.07669372 0.12945567
v 0.38515830 0.08020447 0.13583806
v 0.39911375 0.08798766 0.14616019
v 0.39126053 0.07543300 0.14000543
v 0.38999105 0.02881267 0.13476119
v 0.39203972 0.05284512 0.13837700
v 0.40586385 0.06532098 0.14493449
v 0.40534731 0.08651682 0.15037134
v 0.41206239 0.04289945 0.14644035
v 0.39595320 0.03136038 0.14059202
v 0.41468013 0.05794053 0.15263888
v 0.36374359 0.14828328 0.15883742
v 0.36374359 0.14828328 0.15883742
v 0.36700920 0.14338048 0.16159524
v 0.37578170 0.12669347 0.15488016
v 0.37517761 0.13582492 0.15952031
v 0.37234099 0.14075398 0.16525482
v 0.38555227 0.14173454 0.16493089
v 0.39225860 0.13007289 0.15766425
v 0.38552601 0.15128624 0.17618981
v 0.39902620 0.12735885 0.16518478
v 0.39379948 0.14090282 0.16943095
v 0.38125357 0.16185351 0.19189626
v 0.38125357 0.16185351 0.19189626
v 0.39152318 0.16012878 0.19802475
v 0.39152318 0.16012878 0.19802475
v 0.40148636 0.15446430 0.20675348
v 0.40148636 0.15446430 0.20675348
v 0.40765863 0.13688428 0.19878644
v 0.40765863 0.13688428 0.19878644
v 0.41097677 0.08586019 0.16052713
v 0.41145829 0.11417383 0.18909466
v 0.42320749 0.04382748 0.16919457
v 0.42483592 0.06671303 0.19348967
v 0.41099428 0.01538252 0.14821761
v 0.41707900 0.01997013 0.15206981
v 0.38671669 -0.01906837 0.13387694
v 0.39042005 -0.01918218 0.14818259
v 0.39015740 -0.03416197 0.16099990
v 0.39513899 -0.02812103 0.16111371
v 0.38554352 -0.05529652 0.18033092
v 0.38556103 -0.03935368 0.14957464
v 0.39736276 -0.01262470 0.15187720
v 0.40977733 -0.02215013 0.16328495
v 0.39209225 -0.04520202 0.17932409
v 0.41544181 -0.02284177 0.16897570
v 0.39224109 -0.05259998 0.19477665
v 0.38363493 -0.06474316 0.20594802
v 0.41233379 -0.04079826 0.19306943
v 0.41014504 -0.00814214 0.15481888
v 0.41924148 -0.00107686 0.16015066
v 0.42620170 0.03342655 0.18049726
v 0.38873909 -0.06005924 0.21317964
v 0.41388342 -0.04898417 0.21781103
v 0.43299557 -0.02748192 0.21992099
v 0.43176987 -0.03698108 0.22884232
v 0.44521753 -0.03375049 0.24656242
v 0.44521753 -0.03375049 0.24656242
v 0.30789551 0.10314254 0.27917476
v 0.30061136 0.13832010 0.30065075
v 0.35222203 0.17803273 0.22339672
v 0.35588161 0.17155404 0.22855341
v 0.36352472 0.16769309 0.22534908
v 0.36352472 0.16769309 0.22534908
v 0.35844682 0.16912891 0.23935706
v 0.38351236 0.16859485 0.21888790
v 0.35441953 0.17151902 0.25230570
v 0.35146034 0.17369901 0.26734677
v 0.36497805 0.16768433 0.23810510
v 0.36497805 0.16768433 0.23810510
v 0.35765887 0.16559189 0.26025523
v 0.36268424 0.16539053 0.25380280
v 0.36268424 0.16539053 0.25380280
v 0.37247232 0.16293037 0.26446638
v 0.37247232 0.16293037 0.26446638
v 0.35989140 0.15863167 0.27248595
v 0.38560480 0.16958417 0.25586898
v 0.38324971 0.17075734 0.24140573
v 0.38289951 0.16576699 0.26915905
v 0.29248672 0.17886446 0.33791199
v 0.34425498 0.19274987 0.34404049
v 0.31489950 0.10333515 0.32569003
v 0.30784298 0.14254000 0.34436442
v 0.35329013 0.16905887 0.31201473
v 0.35568900 0.16058404 0.27560273
v 0.36080192 0.14370442 0.30397765
v 0.35941863 0.15167146 0.28517193
v 0.36875145 0.15443803 0.27466594
v 0.36875145 0.15443803 0.27466594
v 0.39076149 0.15942838 0.28435772
v 0.37148300 0.14884359 0.28130222
v 0.37148300 0.14884359 0.28130222
v 0.36385741 0.14556923 0.28450655
v 0.36684286 0.12770905 0.29618571
v 0.37192951 0.12099397 0.29453977
v 0.37192951 0.12099397 0.29453977
v 0.37748017 0.14360811 0.28614373
v 0.40219551 0.15047202 0.29827815
v 0.38377501 0.13283072 0.29255239
v 0.37624572 0.12022353 0.29276251
v 0.37199079 0.10211821 0.30165758
v 0.37952884 0.10205692 0.29556410
v 0.37410950 0.08561505 0.32331742
v 0.36397998 0.13198148 0.35030030
v 0.31640536 0.05977032 0.27515622
v 0.31919820 0.07068779 0.31085907
v 0.32571191 0.02913661 0.31823953
v 0.32965166 0.00179477 0.33282534
v 0.32754171 0.11444524 0.38652846
v 0.32860982 0.08415297 0.36532387
v 0.37888097 0.08609658 0.29814683
v 0.37888097 0.08609658 0.29814683
v 0.37670098 0.07650986 0.30230545
v 0.33401164 0.05105910 0.36336275
v 0.34203997 0.02433887 0.38592436
v 0.40399904 0.16381463 0.22953396
v 0.41137074 0.15904316 0.23001549
v 0.42120260 0.11530323 0.20911733
v 0.42120260 0.11530323 0.20911733
v 0.42134268 0.13706813 0.22239865
v 0.41345443 0.16941782 0.26266285
v 0.42269094 0.16752674 0.26113073
v 0.41936405 0.14970158 0.23033067
v 0.43610359 0.13794363 0.23941835
v 0.42199930 0.16025135 0.24109055
v 0.43196248 0.15576879 0.24904008
v 0.42797896 0.16106556 0.25180666
v 0.43445765 0.10747626 0.22442981
v 0.44641697 0.13957206 0.24798949
v 0.44633817 0.11623125 0.23893682
v 0.45152113 0.08975616 0.23938333
v 0.46274503 0.11262420 0.25037960
v 0.45646770 0.06071586 0.24392717
v 0.45908544 0.07271895 0.24552058
v 0.47065078 0.08164904 0.25323372
v 0.46479369 0.06517215 0.25336505
v 0.40486578 0.16816586 0.27309880
v 0.41956541 0.16467262 0.29331407
v 0.44115522 0.15576879 0.25345260
v 0.44753761 0.16973300 0.27975259
v 0.45428771 0.16185351 0.27045479
v 0.43886141 0.17076609 0.28734317
v 0.42767253 0.15249443 0.30740085
v 0.44061241 0.16879622 0.29615069
v 0.46981906 0.17210560 0.29714000
v 0.38801243 0.11198508 0.29738514
v 0.38820504 0.07306915 0.29673727
v 0.40474321 0.12203581 0.30753218
v 0.41970549 0.13493191 0.31103417
v 0.39433353 0.09176981 0.30094842
v 0.43648881 0.11321078 0.32590890
v 0.44697729 0.07668496 0.33489152
v 0.45367486 0.14904496 0.25899451
v 0.47452049 0.15029692 0.27154041
v 0.46780541 0.13157875 0.25831162
v 0.47876666 0.16144203 0.28080319
v 0.47635904 0.16743044 0.28640638
v 0.50722913 0.16771060 0.29348042
v 0.49843912 0.15262575 0.28063684
v 0.48048264 0.10253845 0.25918712
v 0.49392155 0.12099397 0.26740805
v 0.47959838 0.07241253 0.25867057
v 0.47624522 0.06475191 0.26030776
v 0.38191895 0.00000000 0.29680731
v 0.38404642 -0.00009630 0.29258741
v 0.38325847 0.01678332 0.29708747
v 0.38835387 0.02019776 0.29199207
v 0.38835387 0.02019776 0.29199207
v 0.38261935 0.00809837 0.31114799
v 0.38322345 -0.01632806 0.28807859
v 0.38350361 -0.02476787 0.30871410
v 0.39766043 0.04081577 0.29682482
v 0.39003483 0.00001751 0.28983834
v 0.39003483 0.00001751 0.28983834
v 0.39697754 -0.00029767 0.29114283
v 0.40305350 0.00721411 0.29641334
v 0.38901925 -0.01891078 0.28240535
v 0.38901925 -0.01891078 0.28240535
v 0.39611955 -0.02112579 0.28274680
v 0.38313590 -0.02999460 0.28258921
v 0.38746086 -0.03638574 0.27322137
v 0.38746086 -0.03638574 0.27322137
v 0.38746086 -0.03638574 0.27322137
v 0.39365064 -0.03660462 0.27219703
v 0.39365064 -0.03660462 0.27219703
v 0.41161588 -0.02394490 0.29380435
v 0.45686167 0.04777598 0.24513536
v 0.45686167 0.04777598 0.24513536
v 0.43458022 0.06912941 0.21584116
v 0.43458022 0.06912941 0.21584116
v 0.44405312 0.07546802 0.23003300
v 0.45971580 0.03521257 0.24454002
v 0.45971580 0.03521257 0.24454002
v 0.44766893 0.03109773 0.23002424
v 0.46678983 0.05710005 0.26238269
v 0.46517016 0.04796859 0.25987876
v 0.47107978 0.04971959 0.26359963
v 0.47129865 0.03613185 0.25711219
v 0.46580052 0.02635252 0.24993309
v 0.45330715 -0.01162663 0.24264894
v 0.45330715 -0.01162663 0.24264894
v 0.44112895 -0.00315180 0.22098034
v 0.43711917 -0.04345977 0.25613163
v 0.43711917 -0.04345977 0.25613163
v 0.45728191 -0.03290125 0.25989627
v 0.45945315 -0.03848694 0.27608425
v 0.42175416 -0.00758182 0.30860028
v 0.42637680 -0.02953058 0.30137742
v 0.38402891 0.05266127 0.29726257
v 0.38402891 0.05266127 0.29726257
v 0.38018546 0.04804739 0.30138617
v 0.38971965 0.04077199 0.29464483
v 0.38003663 0.04641020 0.31746034
v 0.42688458 0.02497799 0.31720644
v 0.43648005 0.06072461 0.32755484
v 0.38264562 0.00392224 0.34558136
v 0.47327728 0.05724013 0.26420373
v 0.48577065 0.05384319 0.26338076
v 0.45522449 0.01526870 0.33201113
v 0.44423698 -0.01319377 0.31892242
v 0.45532955 -0.02573967 0.31731150
v 0.46974902 -0.00667130 0.33315803
v 0.48515780 -0.02133591 0.33110937
v 0.48666366 -0.00998944 0.33701023
v 0.47279576 0.13876660 -0.16903698
v 0.46349796 0.16623101 -0.14811255
v 0.46291137 0.15976982 -0.15957284
v 0.44646950 0.16666876 -0.13635460
v 0.44985768 0.16191480 -0.12425520
v 0.43074554 0.14866849 -0.12014036
v 0.43493918 0.12655339 -0.10516932
v 0.42153529 0.10959497 -0.10544948
v 0.48586696 0.11327207 -0.17105938
v 0.49962105 0.13630645 -0.15550176
v 0.48598953 0.15398277 -0.15276145
v 0.49156645 0.16348194 -0.14022431
v 0.53399314 0.11894530 -0.13824568
v 0.48694382 0.16402475 -0.09864686
v 0.46377811 0.15573377 -0.10692908
v 0.48934269 0.17089742 -0.11027348
v 0.45523324 0.14584939 -0.10446017
v 0.45864769 0.13105345 -0.09321876
v 0.44858821 0.11477793 -0.09385788
v 0.44917479 0.09032524 -0.08997066
v 0.48087661 0.10344021 -0.07131378
v 0.50337694 0.17055597 -0.12218903
v 0.52432763 0.15906942 -0.12647897
v 0.53721498 0.13992226 -0.12869398
v 0.52986954 0.16949662 -0.11108770
v 0.49891189 0.15445554 -0.07915825
v 0.49020943 0.13604380 -0.07370389
v 0.51634308 0.17425933 -0.09597658
v 0.55996920 0.17780510 -0.07198791
v 0.49927960 0.11413006 -0.05975719
v 0.53899224 0.09201495 -0.14083716
v 0.54641647 0.06945334 -0.13791299
v 0.55460239 0.03233218 -0.13129422
v 0.57750544 0.11575849 -0.10534442
v 0.55047003 0.15265202 -0.11190191
v 0.55467243 0.16824465 -0.09608164
v 0.57167462 0.14682119 -0.09833168
v 0.57436240 0.16237881 -0.08727412
v 0.57728657 0.08061595 -0.11141163
v 0.57645484 0.05063011 -0.11411692
v 0.59991822 0.10029717 -0.08718657
v 0.61308572 0.05749402 -0.07830026
v 0.51690340 0.16942658 -0.08055905
v 0.52268169 0.13945824 -0.04955762
v 0.54027922 0.17439066 -0.06838085
v 0.55628335 0.17798896 -0.06225236
v 0.54759839 0.17039838 -0.05208782
v 0.54185512 0.15710831 -0.04351668
v 0.55300898 0.14853717 -0.02520124
v 0.52719927 0.10126022 -0.03564594
v 0.53629570 0.11620499 -0.02907970
v 0.57144699 0.17008320 -0.08266900
v 0.59854368 0.14807316 -0.07255698
v 0.60021589 0.12552030 -0.08095302
v 0.57590328 0.17604535 -0.02738123
v 0.58966612 0.17270094 -0.06393332
v 0.59258154 0.17607162 -0.05682427
v 0.62503629 0.14872102 -0.04215090
v 0.63060446 0.11661647 -0.04662470
v 0.62042241 0.10144408 -0.06318039
v 0.64457742 0.11023409 -0.02788027
v 0.63545472 0.05924502 -0.05003915
v 0.59580337 0.18240147 -0.03269551
v 0.60503989 0.18349585 -0.00917961
v 0.56806756 0.16581077 -0.02261852
v 0.60831425 0.17389162 -0.04365676
v 0.62482617 0.18585094 0.00212309
v 0.57626223 0.15382518 -0.00151024
v 0.56840025 0.13860026 -0.00206180
v 0.60377041 0.17215813 0.01994825
v 0.59540940 0.15472695 0.02525377
v 0.60580157 0.17930221 0.00972242
v 0.55448857 0.12973145 -0.01459895
v 0.55497010 0.11029537 -0.01037029
v 0.57513284 0.11551335 0.01246273
v 0.61939807 0.16280780 -0.04051372
v 0.64526907 0.13352236 -0.01983443
v 0.63555103 0.16918144 -0.01539565
v 0.63450919 0.18080807 -0.00179040
v 0.64919130 0.15809762 -0.00269216
v 0.65113491 0.07593203 -0.02513120
v 0.67647186 0.13277819 0.03198636
v 0.67316247 0.08072977 0.01096563
v 0.42464331 0.01172293 -0.11103517
v 0.42464331 0.01172293 -0.11103517
v 0.47010797 -0.00985812 -0.10010894
v 0.45727316 -0.02317446 -0.11896719
v 0.46744646 -0.03540518 -0.13195960
v 0.47977348 -0.02721051 -0.11236593
v 0.47414402 0.00960422 -0.08505911
v 0.47414402 0.00960422 -0.08505911
v 0.50700150 -0.00963049 -0.07695199
v 0.48955281 0.03178937 -0.06730399
v 0.50381469 0.01251088 -0.06407340
v 0.50381469 0.01251088 -0.06407340
v 0.55863844 0.00879877 -0.12246043
v 0.54214404 -0.01712476 -0.12534082
v 0.51726235 -0.03201700 -0.12724941
v 0.51768259 -0.03369796 -0.11851193
v 0.50843732 -0.03234094 -0.10746313
v 0.52181495 -0.02260539 -0.08056780
v 0.54421897 -0.02382233 -0.11635820
v 0.55015485 -0.02958311 -0.09659819
v 0.54696804 -0.02941677 -0.08149583
v 0.55808687 -0.02582722 -0.06145566
v 0.53466727 0.00063911 -0.04744767
v 0.54213528 -0.01195932 -0.05223665
v 0.56564243 -0.01765882 -0.03962946
v 0.59257278 0.02793717 -0.09766630
v 0.58956982 0.00310802 -0.09158158
v 0.61097577 0.03672719 -0.07958724
v 0.61351472 0.00723162 -0.06849467
v 0.58119129 -0.01835046 -0.08654746
v 0.58450068 -0.02248282 -0.07711833
v 0.59011263 -0.02656264 -0.05670170
v 0.57750544 -0.02749067 -0.05792740
v 0.61259544 -0.01525119 -0.05411897
v 0.55828824 0.00803708 -0.02117394
v 0.55828824 0.00803708 -0.02117394
v 0.52786465 0.01721231 -0.04331532
v 0.52786465 0.01721231 -0.04331532
v 0.56892555 -0.00558568 -0.02308253
v 0.56387392 0.00727540 -0.01740054
v 0.56387392 0.00727540 -0.01740054
v 0.56091474 0.03129909 -0.00856676
v 0.56952089 0.02791966 -0.00270091
v 0.56952089 0.02791966 -0.00270091
v 0.58848420 0.00647869 0.00752491
v 0.63584870 0.04809116 -0.05182517
v 0.63567360 0.01615296 -0.04512760
v 0.63544597 -0.00219750 -0.03579478
v 0.59564578 -0.02564337 -0.02792404
v 0.58353763 -0.02009270 -0.02560397
v 0.61748948 -0.01970748 -0.04105653
v 0.62402071 -0.02416377 -0.02015837
v 0.60390174 -0.02220266 -0.00686829
v 0.63763472 -0.01401674 -0.02309129
v 0.62748768 -0.02419879 0.00117755
v 0.57664745 0.07243004 0.01191116
v 0.59195993 0.05587435 0.02809039
v 0.59195993 0.05587435 0.02809039
v 0.59779951 0.02165985 0.02657577
v 0.59952424 -0.00899138 0.00612412
v 0.61930177 -0.01340389 0.02534132
v 0.61589608 0.00362457 0.03963822
v 0.62057124 -0.02242153 0.00696459
v 0.63571737 -0.01726484 0.04005846
v 0.64858721 -0.02255286 0.03723935
v 0.61271801 0.02800721 0.04954011
v 0.61271801 0.02800721 0.04954011
v 0.63379128 -0.00205742 0.06405589
v 0.66282283 0.07459252 -0.00569512
v 0.65481201 0.05026240 -0.02556895
v 0.65710582 -0.00079670 -0.00613287
v 0.64428851 -0.01890202 -0.00346260
v 0.66449503 0.05809812 -0.00938097
v 0.66355824 0.02622995 -0.00833913
v 0.68140092 0.05484126 0.02007082
v 0.67573644 0.03229716 0.01053663
v 0.67472086 0.00939410 0.01695404
v 0.66333061 -0.01497103 0.01927411
v 0.65320109 -0.02172113 0.02197940
v 0.67839795 -0.00478022 0.03451655
v 0.66899509 -0.02087190 0.04971521
v 0.62687483 0.18635873 0.02339771
v 0.61404877 0.18176236 0.02156792
v 0.62781162 0.17956486 0.05199151
v 0.61311199 0.15597016 0.05422403
v 0.62400320 0.17509106 0.05557230
v 0.59519052 0.14360811 0.03177624
v 0.64839460 0.18005514 0.01630617
v 0.65370013 0.17144898 0.01430128
v 0.65927705 0.18456396 0.04738639
v 0.66427615 0.17965241 0.04382311
v 0.64833332 0.18823230 0.04904108
v 0.64907749 0.18768949 0.07093731
v 0.67622672 0.15716959 0.04476864
v 0.67234825 0.17196552 0.05074830
v 0.62817933 0.16517165 0.08095302
v 0.63150622 0.17311243 0.07724966
v 0.64702882 0.18364468 0.09356021
v 0.64192466 0.17734109 0.10207006
v 0.65032070 0.18230517 0.12004405
v 0.62415203 0.15104985 0.08479646
v 0.62102650 0.13668291 0.07706580
v 0.63485939 0.16361326 0.10873261
v 0.63499947 0.15203917 0.12402757
v 0.66074789 0.18848619 0.07858042
v 0.68891270 0.16044396 0.07911447
v 0.67753996 0.17881193 0.07546364
v 0.67798647 0.18634997 0.11218207
v 0.66083544 0.18926539 0.10140468
v 0.69357035 0.16672129 0.10317319
v 0.68828234 0.18167481 0.12344099
v 0.70152864 0.13421401 0.08881500
v 0.64380699 0.16901509 0.14508333
v 0.64808818 0.17709595 0.14038190
v 0.65767489 0.18577214 0.14348992
v 0.63931568 0.15654799 0.15878489
v 0.65359507 0.18249778 0.16969360
v 0.64640722 0.17495098 0.17554194
v 0.66483647 0.18909029 0.18320255
v 0.64166201 0.17046842 0.19071434
v 0.63615512 0.14947395 0.17703904
v 0.66367206 0.18888892 0.13209092
v 0.67505355 0.18951928 0.14997737
v 0.68968314 0.18301432 0.15492394
v 0.68317818 0.18656009 0.17232886
v 0.70000527 0.16563567 0.13555790
v 0.70749954 0.14307406 0.12275810
v 0.70044302 0.16692265 0.15851348
v 0.71144804 0.14043005 0.14925946
v 0.71229728 0.13785608 0.17188235
v 0.62803049 0.15389522 0.21203274
v 0.63577866 0.17321749 0.21766220
v 0.63230293 0.15459562 0.20063374
v 0.65015435 0.18199874 0.19323577
v 0.64252000 0.18257657 0.22351929
v 0.62328529 0.16545181 0.23207291
v 0.63241674 0.17897827 0.23693193
v 0.67487845 0.18789961 0.19993334
v 0.65841906 0.18825856 0.23137251
v 0.65326238 0.18758443 0.22646972
v 0.67173541 0.18369721 0.23077717
v 0.69081253 0.17869811 0.18286111
v 0.70095956 0.16230001 0.18160915
v 0.70917175 0.13922186 0.19173867
v 0.68458773 0.17994132 0.21107844
v 0.69598673 0.16196733 0.20799669
v 0.67898454 0.17462704 0.23707201
v 0.70527577 0.13272566 0.21619136
v 0.69093510 0.15138254 0.23568872
v 0.62352167 0.01762380 0.06284770
v 0.65384896 -0.01671328 0.07167273
v 0.64453365 -0.01037466 0.07066591
v 0.64089157 0.00234634 0.08614473
v 0.65687819 -0.01188052 0.09630052
v 0.65166897 0.00103309 0.11578913
v 0.66331310 -0.01276478 0.11562278
v 0.66488900 -0.01014703 0.15090539
v 0.67388038 -0.01653818 0.14189651
v 0.49931462 0.08740107 0.26550822
v 0.49853543 0.06194156 0.26570083
v 0.51372534 0.10571651 0.26968435
v 0.52225270 0.06769359 0.26943046
v 0.50499661 0.13551850 0.27441205
v 0.52791718 0.09995573 0.27058612
v 0.54664410 0.08093989 0.26887889
v 0.48789811 0.04041304 0.26288172
v 0.47738337 0.02693911 0.25807523
v 0.47551856 -0.03032729 0.27407936
v 0.47169263 -0.02624746 0.26584091
v 0.48035131 -0.02162483 0.27067367
v 0.48699635 -0.03324270 0.28581980
v 0.50453260 0.04507945 0.26693528
v 0.49501592 0.02330578 0.26561328
v 0.49720467 -0.02809476 0.28532076
v 0.49671439 -0.01642436 0.27746754
v 0.48749538 -0.03832059 0.29807679
v 0.51535376 -0.02012772 0.28545209
v 0.50767564 -0.03182439 0.29291134
v 0.52153479 -0.03382053 0.30181517
v 0.52712923 -0.02749067 0.29401447
v 0.48478134 -0.03114150 0.32335244
v 0.51388293 -0.01915592 0.33834099
v 0.49976988 -0.03454719 0.32295847
v 0.51155410 -0.02962689 0.33040021
v 0.51819914 -0.03616687 0.31104293
v 0.54133858 -0.02454024 0.33624854
v 0.52036162 -0.03390808 0.32508593
v 0.56045948 -0.03240222 0.31830081
v 0.54996224 -0.02377855 0.29381311
v 0.53774903 -0.03129034 0.29858458
v 0.53181315 -0.01364028 0.28602992
v 0.53181315 -0.01364028 0.28602992
v 0.56465312 -0.03186817 0.30763724
v 0.55289516 -0.02893524 0.29997662
v 0.58797641 -0.01525119 0.27978761
v 0.57862608 -0.02707919 0.29298138
v 0.56661423 -0.01828918 0.28847256
v 0.56709576 -0.02780585 0.29847952
v 0.59650377 -0.02768328 0.29283255
v 0.71568546 0.11022533 0.20087888
v 0.70243916 0.11873518 0.23658173
v 0.71351422 0.08534365 0.22452611
v 0.70503063 0.06096100 0.25470456
v 0.70074069 0.02781461 0.25424930
v 0.71657847 0.04071946 0.21774975
v 0.68220637 -0.02096820 0.17343199
v 0.66520418 -0.01413931 0.18529500
v 0.67031710 -0.01998764 0.20452096
v 0.68133088 -0.02164234 0.21194519
v 0.66115062 -0.02259663 0.23468190
v 0.61847880 -0.02183495 0.27049857
v 0.61188629 -0.00787949 0.26127956
v 0.62939627 -0.01259843 0.25027454
v 0.64048884 -0.02172113 0.25375902
v 0.59513799 -0.02120459 0.28188881
v 0.62523765 -0.02537196 0.27575156
v 0.60907594 -0.02872512 0.29464483
v 0.65694823 -0.02491670 0.25985250
v 0.63967463 -0.02592353 0.28179250
v 0.62133292 -0.02572216 0.30601756
v 0.65030319 -0.01991760 0.29295512
v 0.64195968 -0.00721411 0.22802811
v 0.64652979 -0.01820163 0.23890180
v 0.65846284 -0.01780765 0.22108540
v 0.68538444 -0.01993511 0.22821196
v 0.68965687 0.00991940 0.26650629
v 0.70579232 0.01841175 0.23708952
v 0.69536513 -0.00383469 0.24315673
v 0.67107878 -0.01971624 0.26456268
v 0.68956057 -0.01393794 0.24067031
v 0.68214509 -0.00664504 0.26642750
v 0.65821770 -0.02109077 0.28111837
v 0.66169343 -0.01167916 0.29045994
v 0.69861323 0.07915387 0.05822506
v 0.70266679 0.10614551 0.07670685
v 0.71303270 0.10752879 0.10713044
v 0.71291888 0.07284152 0.09178294
v 0.71278756 0.12194826 0.11940494
v 0.71656096 0.12433838 0.14995986
v 0.72169138 0.09898392 0.15129937
v 0.69525131 0.02832239 0.04911112
v 0.70199265 0.04974586 0.06114923
v 0.66444250 -0.02098571 0.06813571
v 0.68557705 -0.01976001 0.09394543
v 0.68580468 -0.01083868 0.05853149
v 0.69277365 0.00991065 0.05246428
v 0.69774648 -0.00264401 0.07533232
v 0.69513750 -0.01412180 0.09055724
v 0.70500437 0.01386791 0.08023511
v 0.71115913 0.03793537 0.08716031
v 0.72191901 0.07683380 0.13127671
v 0.71920496 0.05133051 0.11422198
v 0.71573799 0.02428634 0.11057991
v 0.70685167 0.00035020 0.10135215
v 0.70177378 -0.01251088 0.11233966
v 0.71110660 -0.00001751 0.12325713
v 0.72054448 0.02660642 0.13780793
v 0.71511638 0.00501661 0.14630902
v 0.70770966 -0.01046221 0.14777111
v 0.67035212 -0.01812283 0.10671020
v 0.68469279 -0.01994387 0.12933310
v 0.69949748 -0.01781641 0.14741215
v 0.72518462 0.05818567 0.15727903
v 0.71825067 0.11605615 0.17045529
v 0.72211162 0.08818902 0.18724736
v 0.71884601 0.01638059 0.17017513
v 0.72437041 0.04524579 0.16750486
v 0.71162314 -0.00320433 0.16795136
v 0.72381884 0.05447355 0.18583781
v 0.71935380 0.02616867 0.19038165
v 0.71112411 0.00079670 0.19420758
v 0.72116608 0.07657990 0.20094017
v 0.71874970 0.06434918 0.21356486
v 0.71509887 0.02294683 0.21039556
v 0.69944495 -0.01660822 0.18561893
v 0.70274558 -0.01257217 0.19760451
v 0.70461915 -0.00099807 0.21997352
v 0.21995163 0.37523014 0.38835825
v 0.15834276 0.42747992 0.39304217
v 0.15258198 0.40462064 0.41352885
v 0.18777704 0.39928885 0.40650734
v 0.19056988 0.40126748 0.39245558
v 0.15519096 0.41850606 0.41214556
v 0.18386356 0.39649601 0.41149769
v 0.14494762 0.38064072 0.35903779
v 0.17571266 0.36608118 0.39248185
v 0.14830079 0.39065643 0.39813757
v 0.20629384 0.33216434 0.38161691
v 0.16100428 0.39161948 0.41034203
v 0.18003763 0.37322525 0.40852975
v 0.17460953 0.39353683 0.41485085
v 0.18988699 0.37571166 0.41429053
v 0.20336968 0.34542815 0.40320671
v 0.21636208 0.34451763 0.41232941
v 0.21444474 0.33922086 0.40849473
v 0.22765602 0.34638245 0.41389656
v 0.23253255 0.34994573 0.41135761
v 0.24447436 0.34517426 0.40290904
v 0.23952779 0.30156565 0.40069403
v 0.24467572 0.34934163 0.38601191
v 0.26605541 0.32416228 0.38681737
v 0.23574563 0.29297700 0.37244168
v 0.26088121 0.26459332 0.38869969
v 0.26426939 0.31939081 0.40570188
v 0.24671563 0.30256372 0.40961537
v 0.26794649 0.26551260 0.40494020
v 0.25786949 0.30197713 0.41419423
v 0.26481220 0.31109108 0.41225062
v 0.28702361 0.25355328 0.41364266
v 0.29189139 0.28355663 0.40217362
v 0.30876225 0.25743174 0.40051893
v 0.31778865 0.24605901 0.38279883
v 0.31015430 0.24518351 0.41112998
v 0.28359165 0.28607807 0.41159399
v 0.28965011 0.26953114 0.41408041
v 0.28311888 0.21037367 0.35783835
v 0.28381928 0.23106171 0.39547606
v 0.30315030 0.18979944 0.39238554
v 0.28991276 0.23556178 0.40965039
v 0.33021198 0.22060825 0.39188651
v 0.33022073 0.21654594 0.40140318
v 0.30550540 0.21018981 0.41084982
v 0.31710576 0.20181129 0.41385278
v 0.33156900 0.18845993 0.41399286
v 0.31222047 0.18100943 0.40341683
v 0.35088251 0.17243829 0.38300019
v 0.32385586 0.14106916 0.39864536
v 0.32567689 0.15561120 0.40857352
v 0.37312019 0.08647304 0.38270252
v 0.36421636 0.12443468 0.39394393
v 0.33070226 0.20543585 0.40924766
v 0.33463325 0.15463940 0.41352009
v 0.35057609 0.16504033 0.40184969
v 0.34541940 0.16214243 0.41148893
v 0.35911220 0.13114976 0.40507153
v 0.35090002 0.13439786 0.41303857
v 0.33688328 0.09524554 0.39954713
v 0.34146214 0.10251218 0.40827585
v 0.37120284 0.08090487 0.40200728
v 0.34351956 0.05208344 0.39850528
v 0.35738747 0.05202215 0.41226813
v 0.34857995 0.05631210 0.40676999
v 0.34253901 0.00089301 0.38227353
v 0.34981440 0.00715283 0.40245378
v 0.35030468 0.03244600 0.40619216
v 0.38011543 0.02805099 0.39306843
v 0.37805800 0.01101378 0.40499273
v 0.38219036 -0.01331634 0.39255189
v 0.36271926 0.06157385 0.41348507
v 0.37382059 0.04126227 0.40807449
v 0.36284183 0.09837983 0.41084982
v 0.36972325 0.01817536 0.41289849
v 0.35865694 -0.00482400 0.41112122
v 0.36546833 0.01053225 0.41378274
v 0.34326567 0.11701920 0.41220684
v 0.35358780 0.10830799 0.41373897
v 0.46445225 0.16805204 0.30977345
v 0.45697549 0.16300917 0.31334549
v 0.46273627 0.14416843 0.32753733
v 0.47928320 0.15669682 0.32718713
v 0.46719256 0.12221967 0.33672131
v 0.49852667 0.17095870 0.31844965
v 0.49109369 0.16526796 0.32399156
v 0.52420506 0.17397917 0.30216537
v 0.49963856 0.17051220 0.29631703
v 0.50462890 0.17344512 0.30571989
v 0.52488795 0.17610664 0.31556050
v 0.52847750 0.17380407 0.32414915
v 0.51008326 0.15594389 0.33650244
v 0.52401245 0.16821839 0.33033017
v 0.45873524 0.10279234 0.33751802
v 0.49482331 0.13797865 0.34038966
v 0.47360121 0.09426498 0.34383037
v 0.51653569 0.13124606 0.34676329
v 0.52914287 0.14100788 0.34481093
v 0.50515420 0.10654824 0.35015147
v 0.51148406 0.09046532 0.35275170
v 0.49418420 0.06452428 0.35009018
v 0.47560611 0.04453664 0.34332258
v 0.48867731 0.00736295 0.34284981
v 0.50059285 0.02378731 0.34786642
v 0.61132597 0.17105501 0.25663066
v 0.62093895 0.17956486 0.25693709
v 0.58650557 0.17011822 0.27745003
v 0.61069561 0.18094814 0.27219703
v 0.62339035 0.18513303 0.27362410
v 0.63450043 0.18511552 0.25256835
v 0.58455321 0.17999385 0.29730635
v 0.61134348 0.18383729 0.29439969
v 0.63192646 0.18386356 0.28026914
v 0.64127679 0.18645503 0.26477280
v 0.61934554 0.17821659 0.30334729
v 0.65928581 0.18276918 0.25650809
v 0.66783068 0.17607162 0.25542247
v 0.67112256 0.15495458 0.27039351
v 0.64477003 0.17817281 0.28138102
v 0.65552116 0.17144898 0.27899091
v 0.54299327 0.16615221 0.29223721
v 0.54288821 0.17364648 0.30234922
v 0.56053827 0.17561636 0.29621197
v 0.56017932 0.16477768 0.28673032
v 0.54468298 0.17774382 0.31211979
v 0.55384070 0.17776133 0.31964908
v 0.55152939 0.17337508 0.32744978
v 0.56910065 0.17516985 0.29279753
v 0.58747738 0.17736735 0.28640638
v 0.54150492 0.10207443 0.35397740
v 0.58272342 0.17919715 0.31615584
v 0.54628515 0.15936709 0.33801705
v 0.55771916 0.16960168 0.33138077
v 0.58494718 0.17091493 0.32597894
v 0.57466883 0.15728341 0.33706276
v 0.55617829 0.14591067 0.34339262
v 0.57153454 0.12686857 0.34807654
v 0.54148741 0.12511757 0.34964368
v 0.56508211 0.09858119 0.35277797
v 0.61305070 0.17077485 0.31546420
v 0.58921962 0.16279905 0.33009379
v 0.61207890 0.15844782 0.32358007
v 0.60466342 0.13697183 0.33615224
v 0.62951884 0.16093424 0.31170831
v 0.64323791 0.17189548 0.29202709
v 0.62348665 0.14124426 0.32559372
v 0.64489260 0.14021117 0.31152445
v 0.60638816 0.10913096 0.34189551
v 0.58513104 0.10168046 0.34905710
v 0.60982011 0.07596705 0.34426812
v 0.62298762 0.11265922 0.33413859
v 0.64321165 0.11442773 0.32229309
v 0.53149797 0.06287834 0.35495796
v 0.52356595 0.03276993 0.35253283
v 0.55448857 0.03098391 0.35311941
v 0.55903241 0.06719455 0.35500173
v 0.52859131 0.01298365 0.35045789
v 0.52375856 -0.00544560 0.34562514
v 0.54064693 -0.01165289 0.34340137
v 0.56062582 0.00217124 0.34700843
v 0.57906383 0.04445784 0.35119331
v 0.60405057 0.03868830 0.34484595
v 0.59906898 0.02347213 0.34417181
v 0.56609769 -0.02958311 0.32605774
v 0.56528348 -0.02393614 0.33327185
v 0.56821640 -0.01356148 0.33937408
v 0.59981316 -0.01272100 0.33137202
v 0.59114572 0.00421115 0.34149278
v 0.59279166 -0.02341960 0.32498087
v 0.57272522 0.01286984 0.34795397
v 0.61216645 0.00790576 0.33512791
v 0.59059415 0.06448051 0.35012520
v 0.64997925 0.15822894 0.29611567
v 0.65551241 0.13586870 0.30371500
v 0.66198235 0.15045451 0.28748325
v 0.67071983 0.12398818 0.29106404
v 0.68561207 0.12059999 0.26887889
v 0.66114187 0.10960373 0.30787362
v 0.68175111 0.08823279 0.28906790
v 0.66286660 0.08136013 0.31160325
v 0.64763292 0.07187847 0.32445557
v 0.65821770 0.05364183 0.31614709
v 0.69163550 0.09148090 0.27176804
v 0.70496059 0.08419674 0.24840097
v 0.69523380 0.07184345 0.27096258
v 0.69161799 0.05476247 0.27856191
v 0.67542126 0.05482375 0.30021300
v 0.63219787 0.07720151 0.33383217
v 0.62836318 0.05126922 0.33571449
v 0.62059751 0.02791091 0.33642364
v 0.63808998 0.01779890 0.32444682
v 0.64093535 0.04300451 0.32803636
v 0.65398028 0.02840994 0.31585817
v 0.66982682 0.03593924 0.30309340
v 0.64603951 -0.00440376 0.31016743
v 0.66566820 0.01145153 0.29921493
v 0.61928426 -0.01996138 0.31718893
v 0.62733885 -0.00609347 0.32210048
v 0.63615512 -0.01998764 0.30549226
v 0.68296806 0.02428634 0.28369234
v 0.67671700 0.00479773 0.28265049
v 0.05273131 0.43311814 -0.08245888
v 0.09901019 0.40678313 -0.10142219
v 0.09340699 0.41356824 -0.06508022
v 0.03831184 0.44132156 -0.02914974
v 0.06667801 0.42877566 -0.02909721
v 0.14934263 0.36404126 -0.12703929
v 0.13764596 0.38172634 -0.06119301
v 0.16244009 0.35910345 -0.06205100
v 0.09082427 0.41425989 0.00875937
v 0.08863552 0.41313925 0.05378628
v 0.11945309 0.39576059 0.00212309
v 0.18914282 0.32852227 -0.11462471
v 0.20829874 0.31008426 -0.10040661
v 0.21207214 0.30008606 -0.12341472
v 0.18479159 0.33953604 -0.06718142
v 0.22569490 0.29395756 -0.03347471
v 0.18663889 0.33892319 -0.01684898
v 0.12828688 0.38603380 0.04973272
v 0.18917784 0.33345133 0.03816738
v 0.21583678 0.30479624 0.02077997
v 0.21912866 0.29685546 0.05280573
v 0.23791687 0.27204382 0.05303336
v 0.20731818 0.31011928 0.06961531
v 0.23922136 0.26462834 -0.11861699
v 0.22762100 0.28759268 -0.08648617
v 0.25650371 0.24791507 -0.06363565
v 0.26749998 0.22956461 -0.05332227
v 0.27326952 0.20799231 -0.09130142
v 0.28685727 0.17844422 -0.10267415
v 0.28833686 0.18452894 -0.05040686
v 0.29605876 0.15945464 -0.05725326
v 0.31278079 0.11210765 -0.06233116
v 0.29423772 0.16465511 -0.03243286
v 0.30330789 0.14410714 -0.02823047
v 0.29350230 0.17371652 -0.00839166
v 0.35769389 0.15089226 -0.09120511
v 0.36832245 0.09662883 -0.10516932
v 0.37065128 0.10816791 -0.05662290
v 0.37065128 0.10816791 -0.05662290
v 0.37065128 0.10816791 -0.05662290
v 0.37820684 0.05850085 -0.05931944
v 0.37820684 0.05850085 -0.05931944
v 0.39283643 0.10745875 -0.11762768
v 0.31384890 0.10905216 -0.00867182
v 0.30759784 0.12904856 0.03821116
v 0.37177192 0.11673029 0.01526433
v 0.37177192 0.11673029 0.01526433
v 0.36384865 0.14713637 0.04542527
v 0.32380333 0.03825055 -0.07877303
v 0.32409224 0.01747496 -0.06918631
v 0.32438116 -0.01299241 -0.07647922
v 0.32143948 0.06829768 -0.03335214
v 0.32732283 -0.01260719 -0.02189185
v 0.38878287 0.06302718 -0.12088453
v 0.38310088 0.04698803 -0.12323087
v 0.38310088 0.04698803 -0.12323087
v 0.37472235 0.05152312 -0.10936296
v 0.37472235 0.05152312 -0.10936296
v 0.37543151 0.02931171 -0.11665587
v 0.37725254 0.02816480 -0.12267931
v 0.37725254 0.02816480 -0.12267931
v 0.32482766 0.04080701 -0.02025467
v 0.32656990 -0.00605845 0.02595417
v 0.32468758 0.02404996 0.04975899
v 0.32312919 -0.06509335 -0.01098314
v 0.31304344 -0.11628378 0.01369718
v 0.32358445 -0.04726819 0.03634634
v 0.31947836 -0.07387461 0.05535343
v 0.32110679 0.06470814 0.04114408
v 0.32301538 -0.01901584 0.08464763
v 0.30899864 -0.11153858 0.10926666
v 0.38651532 -0.02019776 0.06916880
v 0.29151492 0.15779119 0.12719688
v 0.28696233 0.16060155 0.21077202
v 0.39127804 0.00140955 0.14102977
v 0.39834332 0.00264401 0.14675553
v 0.42003818 0.03368920 0.15690256
v 0.42289231 0.01898957 0.16240945
v 0.38224289 -0.06422661 0.18153911
v 0.43167356 0.00065662 0.20045864
v 0.43526311 0.03497619 0.20945002
v 0.43351211 -0.01363152 0.21008913
v 0.48919385 0.13964210 0.27192563
v 0.44892965 0.00223252 0.23255444
v 0.46412831 0.00407983 0.24925896
v 0.46412831 0.00407983 0.24925896
v 0.46412831 0.00407983 0.24925896
v 0.40772867 0.08649931 -0.10904778
v 0.45376241 0.06112734 -0.08708151
v 0.48814325 0.06238806 -0.06567556
v 0.51005699 0.06514588 -0.04963642
v 0.54536587 0.09905396 -0.01903773
v 0.55091654 0.07693886 -0.01363590
v 0.59613606 0.11939181 0.03840377
v 0.38836263 0.03490615 -0.12414139
v 0.40679188 0.05662728 -0.11016842
v 0.40132877 0.03303258 -0.11518503
v 0.40900689 0.03565908 -0.11171806
v 0.43266288 0.03023098 -0.10069552
v 0.46548534 0.03293627 -0.08270402
v 0.51313000 0.03771650 -0.04923369
v 0.54695928 0.03932742 -0.02042977
v 0.60068866 0.08019571 0.04348166
v 0.60062737 0.10755506 0.04583675
v 0.61394371 0.13083458 0.06581564
v 0.61503809 0.11496178 0.07239064
v 0.62728632 0.13241048 0.09872565
v 0.63278445 0.13035305 0.12633014
v 0.62704118 0.11007650 0.10298058
v 0.63559480 0.13256807 0.15475759
v 0.63438662 0.13164879 0.17386098
v 0.62929121 0.14234739 0.20181566
v 0.61254291 0.05196962 0.05741961
v 0.61868016 0.08575513 0.07656677
v 0.62215589 0.04521953 0.07396654
v 0.62215589 0.04521953 0.07396654
v 0.63557729 0.01819287 0.09027709
v 0.63519207 0.04219030 0.10783960
v 0.63519207 0.04219030 0.10783960
v 0.63181265 0.08104495 0.12284565
v 0.63007916 0.06093473 0.10171986
v 0.63299457 0.06711576 0.12112092
v 0.63965712 0.04578860 0.16018568
v 0.64374570 0.01608292 0.11693603
v 0.64473501 0.02050419 0.13569798
v 0.64473501 0.02050419 0.13569798
v 0.64550545 0.01960242 0.15995805
v 0.64550545 0.01960242 0.15995805
v 0.65800758 -0.00308176 0.14879544
v 0.51591408 0.15845657 0.28694919
v 0.52712923 0.14922881 0.28266800
v 0.52562337 0.13081707 0.27632939
v 0.54829004 0.11985582 0.27315133
v 0.54158372 0.14140185 0.27875452
v 0.55610825 0.14442232 0.27693348
v 0.55874350 0.08389907 0.26702283
v 0.57221743 0.12982775 0.26808219
v 0.59206499 0.14057888 0.25752367
v 0.59197744 0.11308821 0.25304987
v 0.61002148 0.16173094 0.24943406
v 0.60588912 0.14459742 0.24538925
v 0.61762081 0.15074343 0.23229179
v 0.61533576 0.12651837 0.22832578
v 0.60525876 0.12243854 0.24193103
v 0.58649682 0.07721902 0.25402167
v 0.59956802 0.08607031 0.24322677
v 0.59653879 0.04812618 0.24866362
v 0.57356570 0.09478153 0.26268036
v 0.57631476 0.06291336 0.26029900
v 0.47682305 0.01703721 0.25733106
v 0.46704373 -0.01286108 0.25659564
v 0.48664615 -0.00203116 0.26630493
v 0.48664615 -0.00203116 0.26630493
v 0.50708905 0.00621604 0.27333518
v 0.50708905 0.00621604 0.27333518
v 0.52696288 0.03675345 0.27151414
v 0.52078186 0.01616171 0.27394803
v 0.54083079 0.00894760 0.27772143
v 0.55075019 0.04462419 0.26978066
v 0.55797306 0.02562586 0.27186434
v 0.56077466 0.01179297 0.27547140
v 0.56077466 0.01179297 0.27547140
v 0.59241519 0.03716493 0.25431059
v 0.59241519 0.03716493 0.25431059
v 0.57190225 0.03790911 0.26499168
v 0.57190225 0.03790911 0.26499168
v 0.58388783 0.01828918 0.26496541
v 0.57273397 -0.00575203 0.27932360
v 0.55232609 -0.01291361 0.28677409
v 0.58859802 -0.00344071 0.27209197
v 0.63228542 0.11344717 0.18498857
v 0.63524460 0.08355763 0.17313432
v 0.62864334 0.10175926 0.20143045
v 0.63237297 0.08728726 0.19475039
v 0.63635649 0.03885465 0.19165988
v 0.63635649 0.03885465 0.19165988
v 0.62937876 0.03819802 0.20825934
v 0.63819504 0.01539127 0.20685854
v 0.63819504 0.01539127 0.20685854
v 0.61947687 0.04490435 0.22271383
v 0.62394191 0.01902459 0.22977035
v 0.62394191 0.01902459 0.22977035
v 0.64126804 0.02300812 0.18496231
v 0.62412577 0.12708744 0.21238294
v 0.61775213 0.10211821 0.22480627
v 0.61200010 0.09093809 0.22844835
v 0.60759634 0.06261569 0.23518969
v 0.65554743 0.00001751 0.16915080
v 0.64990046 0.00054281 0.19587103
v 0.66116813 -0.00980559 0.17963927
v 0.63808998 0.00304674 0.22174202
v 0.65503088 -0.01072486 0.20860078
v 0.61279681 0.03416197 0.23638037
v 0.60437451 0.01097000 0.25474834
v 0.61327833 0.01679207 0.24385713
v 0.61327833 0.01679207 0.24385713
v 0.62508882 -0.00054281 0.24291159
v 0.54925309 0.15508590 0.28407756
v 0.59104066 0.15709080 0.26526308
v 0.57525541 0.15226680 0.27275735
v -0.03530012 -0.46266623 0.23778992
v -0.00771315 -0.45729942 0.28099580
v 0.00661002 -0.44895592 0.22972657
v 0.05596190 -0.42668322 0.23123243
v 0.06528596 -0.42254211 0.16916831
v 0.03375049 -0.43700535 0.20675348
v 0.08730477 -0.40901565 0.21343354
v 0.09830103 -0.48189219 0.23760607
v 0.02213262 -0.44516500 0.27130402
v 0.04658530 -0.43494793 0.27730995
v 0.02841870 -0.44853568 0.31276766
v 0.07875990 -0.41562567 0.25051968
v 0.06717704 -0.42662193 0.29451350
v 0.12074883 -0.38834512 0.25056345
v 0.12227220 -0.38574488 0.21794236
v 0.14948271 -0.36403251 0.20756769
v 0.11188002 -0.39785304 0.28229154
v 0.03713867 -0.45293068 0.34784891
v 0.08693706 -0.41971425 0.31607705
v 0.08851295 -0.42657816 0.34686835
v 0.15328237 -0.37067755 0.30611387
v 0.15498960 -0.36179123 0.25851298
v 0.12440842 -0.39640846 0.32270457
v 0.10503362 -0.47412651 0.34748120
v 0.13544846 -0.45921676 0.25564135
v 0.14013238 -0.45259799 0.34994135
v 0.36486423 -0.15257322 0.07078848
v 0.35006830 -0.19753010 0.07218927
v 0.33520232 -0.23065023 0.03252917
v 0.33329374 -0.23733028 0.12099835
v 0.31721957 -0.26861187 0.13945387
v 0.24311733 -0.25840355 0.17956923
v 0.26525870 -0.22424157 0.13338666
v 0.26525870 -0.22424157 0.13338666
v 0.24394030 -0.26528497 0.08742296
v 0.24394030 -0.26528497 0.08742296
v 0.21388442 -0.30201215 0.13625830
v 0.27279675 -0.20421891 0.20066001
v 0.27279675 -0.20421891 0.20066001
v 0.28606932 -0.17443443 0.17632989
v 0.29869401 -0.13648155 0.17277536
v 0.28395061 -0.17875064 0.22674112
v 0.24035076 -0.26302618 0.24067907
v 0.25426244 -0.23957156 0.19457529
v 0.21684361 -0.29415017 0.20750641
v 0.27138720 -0.20828123 0.23657298
v 0.27138720 -0.20828123 0.23657298
v 0.25502412 -0.23891494 0.23988236
v 0.36924173 -0.13879287 0.14659794
v 0.30803559 -0.09938665 0.18795651
v 0.37676226 -0.10428069 0.20087888
v 0.35765012 -0.17780510 0.18338641
v 0.36706173 -0.14626087 0.22511269
v 0.30088276 -0.29465796 0.18019084
v 0.31366505 -0.27162358 0.28638012
v 0.33729477 -0.22790991 0.24102051
v 0.16279905 -0.35341270 0.16753988
v 0.18049289 -0.34187363 0.10150098
v 0.14425598 -0.37175441 0.13174072
v 0.18255031 -0.33423927 0.17445632
v 0.22399643 -0.38853773 0.19791969
v 0.17016200 -0.43630495 0.16605153
v 0.18712041 -0.32957286 0.23317604
v 0.25632861 -0.35371913 0.19890901
v 0.21444474 -0.30083023 0.26244397
v 0.18992201 -0.33062346 0.27646947
v 0.24643547 -0.36365604 0.26624364
v 0.16545181 -0.43670768 0.29590555
v 0.19978888 -0.41022384 0.25082610
v 0.19502617 -0.41104681 0.34445197
v 0.22058199 -0.38599878 0.38157313
v 0.28992151 -0.30972530 0.26221634
v 0.14727645 -0.38898423 0.35645506
v 0.16915517 -0.36469789 0.33766685
v 0.18226139 -0.36892655 0.38307899
v 0.12253485 -0.41269274 0.37307204
v 0.09628739 -0.43567460 0.39118611
v 0.12365549 -0.42065103 0.39623774
v 0.09371342 -0.44600548 0.40761923
v 0.12665845 -0.42518612 0.40607835
v 0.15329113 -0.40148636 0.40118431
v 0.19138409 -0.37193826 0.40307539
v 0.18698909 -0.41252640 0.40576317
v 0.14265382 -0.44555898 0.40780308
v 0.15500711 -0.43941298 0.39558987
v 0.15790501 -0.43032530 0.41218933
v 0.19120024 -0.37985278 0.40997432
v 0.15786999 -0.40975982 0.41151520
v 0.16895381 -0.41202737 0.41414170
v 0.11557463 -0.44251224 0.41306483
v 0.30509391 -0.11580226 0.23832398
v 0.29226785 -0.15814139 0.23750101
v 0.30656475 -0.12430336 0.28466414
v 0.31700070 -0.06111859 0.26918532
v 0.32311168 -0.04338098 0.30309340
v 0.31194031 -0.09815220 0.27628561
v 0.31719331 -0.08387281 0.29832193
v 0.29642647 -0.15655674 0.28374487
v 0.28212082 -0.19308256 0.28068062
v 0.28212082 -0.19308256 0.28068062
v 0.24086730 -0.26906712 0.28431394
v 0.26461083 -0.23212982 0.29351544
v 0.31159887 -0.13389883 0.32811516
v 0.29361612 -0.18168356 0.32115494
v 0.29361612 -0.18168356 0.32115494
v 0.27773457 -0.21764031 0.32469196
v 0.30542660 -0.17264841 0.35315443
v 0.30542660 -0.17264841 0.35315443
v 0.38062321 -0.07614215 0.27983139
v 0.38062321 -0.07614215 0.27983139
v 0.38061446 -0.07442617 0.22023616
v 0.38203277 -0.06413031 0.24586202
v 0.38374875 -0.06549608 0.22476250
v 0.38716319 -0.05973530 0.24271898
v 0.38733829 -0.04835381 0.25986125
v 0.39511272 -0.04940441 0.25935346
v 0.39405337 -0.05512142 0.24960916
v 0.36954815 -0.13143867 0.31476380
v 0.39168952 -0.05919249 0.23560993
v 0.40586385 -0.05689868 0.24127441
v 0.40266828 -0.05310777 0.26088559
v 0.42577270 -0.04789855 0.25607034
v 0.42577270 -0.04789855 0.25607034
v 0.35246716 -0.18760194 0.31222485
v 0.32818082 -0.23982546 0.37112843
v 0.32644733 -0.06247561 0.33175723
v 0.33447566 -0.03169307 0.35597354
v 0.32122936 -0.11189753 0.34527494
v 0.33827533 -0.06181899 0.37854390
v 0.34260905 -0.05095405 0.39200032
v 0.34347579 -0.03014343 0.38515392
v 0.34795834 -0.02362096 0.39847026
v 0.33078981 -0.10181179 0.37340472
v 0.34478028 -0.06657295 0.40006367
v 0.33900199 -0.10612800 0.40080785
v 0.34861497 -0.08030953 0.40722525
v 0.30558419 -0.19955250 0.39059953
v 0.29098087 -0.22472310 0.38208968
v 0.31716704 -0.17299861 0.39315598
v 0.32946780 -0.13695432 0.39509084
v 0.32946780 -0.13695432 0.39509084
v 0.33922086 -0.14075398 0.40937898
v 0.33922086 -0.14075398 0.40937898
v 0.35362282 -0.11065433 0.41239070
v 0.35362282 -0.11065433 0.41239070
v 0.33289976 -0.14296900 0.40446743
v 0.33289976 -0.14296900 0.40446743
v 0.32344437 -0.17715723 0.40684879
v 0.34303804 -0.15524349 0.41249576
v 0.34249523 -0.18008140 0.41220684
v 0.31071461 -0.20451658 0.40449370
v 0.32136944 -0.20455160 0.41231190
v 0.30746651 -0.23588571 0.41245198
v 0.32229747 -0.23053641 0.41206676
v 0.33791637 -0.20857890 0.40668244
v 0.33190169 -0.18041409 0.41206676
v 0.38237421 -0.04394130 0.27344024
v 0.38237421 -0.04394130 0.27344024
v 0.38106972 -0.05056883 0.36529760
v 0.42209560 -0.04863397 0.26924660
v 0.42209560 -0.04863397 0.26924660
v 0.41055653 -0.04092083 0.28014657
v 0.41055653 -0.04092083 0.28014657
v 0.41728911 -0.04500065 0.27896464
v 0.41728911 -0.04500065 0.27896464
v 0.43808222 -0.04518451 0.28237033
v 0.45627509 -0.04148990 0.28824493
v 0.43087686 -0.03979143 0.29370805
v 0.44198694 -0.03475731 0.30412648
v 0.43999081 -0.04160372 0.29407576
v 0.37604435 -0.09136708 0.37819370
v 0.37604435 -0.09136708 0.37819370
v 0.37118533 -0.10428069 0.40117555
v 0.37118533 -0.10428069 0.40117555
v 0.37701616 -0.06960217 0.39903934
v 0.36360351 -0.14683870 0.38348172
v 0.46475867 -0.03762895 0.30707692
v 0.47560611 -0.03888967 0.30553604
v 0.36093324 -0.14953524 0.39992359
v 0.34712662 -0.19441332 0.39247309
v 0.36368231 -0.11699294 0.41033327
v 0.36368231 -0.11699294 0.41033327
v 0.35183681 -0.17185171 0.40658614
v 0.32495898 -0.24113870 0.39980978
v 0.22379507 -0.29659282 0.30309340
v 0.19018466 -0.34018391 0.32370264
v 0.20955945 -0.31925949 0.32291469
v 0.20886781 -0.32821584 0.34558136
v 0.24622535 -0.26727235 0.30835514
v 0.27523939 -0.32707769 0.31724146
v 0.24320488 -0.28451093 0.34418057
v 0.20772966 -0.33675196 0.36624314
v 0.24503468 -0.30447231 0.39384763
v 0.23470379 -0.31658046 0.39267446
v 0.21703622 -0.34084929 0.39671051
v 0.26515364 -0.24692575 0.33666003
v 0.28804794 -0.30737021 0.35998332
v 0.25368461 -0.35105761 0.37393878
v 0.17820783 -0.42313745 0.38219474
v 0.19556898 -0.35516370 0.37987466
v 0.20536581 -0.39611955 0.40578068
v 0.23789936 -0.36606367 0.39953837
v 0.22924067 -0.37026606 0.40984300
v 0.20831625 -0.37177192 0.41327495
v 0.20900789 -0.38490440 0.41289849
v 0.18865254 -0.40659052 0.41122628
v 0.26373534 -0.27550204 0.38887479
v 0.24852792 -0.31358625 0.40712895
v 0.22171138 -0.34483281 0.40674373
v 0.25259899 -0.32667496 0.41375648
v 0.23511527 -0.33985998 0.41203174
v 0.27837368 -0.24929836 0.38435722
v 0.30315030 -0.28153423 0.39542353
v 0.28835437 -0.24613780 0.40238374
v 0.26455830 -0.28644578 0.40320671
v 0.26898833 -0.29487684 0.41141014
v 0.29469298 -0.24934213 0.40979047
v 0.28498370 -0.28225214 0.41324869
v 0.30826322 -0.26783267 0.40617465
v 0.28110524 -0.31344617 0.39767356
v 0.26946110 -0.30957647 0.41339752
v 0.25115441 -0.34211001 0.41145391
v 0.28679598 -0.29790606 0.41076227
v 0.25420991 -0.34454390 0.40705891
v 0.31911941 -0.24367765 0.41013191
v 0.30609198 -0.26261470 0.41201423
v 0.22565988 -0.36034666 0.41411543
v -0.07358570 -0.47195528 0.23959345
v -0.06646789 -0.47389013 0.28336840
v -0.09640996 -0.54093585 0.34022331
v -0.05734519 -0.53478984 0.33343819
v -0.02310442 -0.52686658 0.33110061
v 0.00482400 -0.52171864 0.24360323
v 0.06241433 -0.49927085 0.24920643
v -0.02389237 -0.46383064 0.28908541
v -0.04158621 -0.47804875 0.33883127
v 0.00775692 -0.45849886 0.32138257
v -0.05787924 -0.49614531 0.39155382
v -0.05977908 -0.51580027 0.41377399
v -0.04755711 -0.49927960 0.40353065
v -0.02819982 -0.49076975 0.39673677
v -0.00332690 -0.51297241 0.41141014
v -0.05260874 -0.52817983 0.40648108
v -0.02991580 -0.52484417 0.39915315
v 0.00113815 -0.47409149 0.37285316
v 0.01079490 -0.51431192 0.38349047
v -0.04397632 -0.51989760 0.41294226
v 0.04109593 -0.50565323 0.33167844
v 0.07538047 -0.49016566 0.33050527
v 0.05662728 -0.45784223 0.39247309
v 0.03483611 -0.50377091 0.40137692
v 0.06687937 -0.49056839 0.39909187
v -0.03180688 -0.50004129 0.40927392
v 0.00956920 -0.49780876 0.41400162
v 0.00799331 -0.48226865 0.40384583
v 0.04113970 -0.47204283 0.40719023
v 0.02749943 -0.48263636 0.41108620
v 0.00025389 -0.51488099 0.40440615
v 0.05921876 -0.48943024 0.41047335
v 0.05669732 -0.48577941 0.41359889
v 0.07299036 -0.45702802 0.40685754
v 0.07544175 -0.46622076 0.41376523
v 0.09973685 -0.47313720 0.40283900
v 0.10545386 -0.46572172 0.41088484
v 0.11919920 -0.46293764 0.39463558
v 0.11962819 -0.45287815 0.41388780
v 0.50384971 -0.03656960 0.31702259
v 0.35300122 -0.03345282 0.40725152
v 0.35963750 -0.04735574 0.41197921
v 0.36646639 -0.05140930 0.41280218
v 0.37102774 -0.06662548 0.41081480
v 0.37662218 -0.03582542 0.40819706
v 0.37236726 -0.01497103 0.41134010
v 0.37977398 -0.04407262 0.39577373
v 0.30201215 -0.15339619 -0.00676323
v 0.28729502 -0.19132281 0.03128596
v 0.29857144 -0.16140701 0.03825493
v 0.26575774 -0.23325046 0.05605383
v 0.28357414 -0.18790836 0.11119276
vt 0.47257700 0.70905600
vt 0.46264900 0.70294200
vt 0.46800000 0.69953600
vt 0.44833500 0.76289200
vt 0.44255000 0.76180500
vt 0.44470600 0.75631200
vt 0.44140400 0.75394000
vt 0.44160200 0.74833600
vt 0.44810400 0.75117000
vt 0.45003100 0.76019200
vt 0.43922600 0.76608200
vt 0.44111100 0.76138900
vt 0.44083000 0.77256800
vt 0.44268700 0.76906900
vt 0.43943500 0.75351500
vt 0.43583600 0.75220500
vt 0.43629000 0.76041500
vt 0.42982300 0.75090200
vt 0.47274300 0.72343200
vt 0.46787200 0.72935600
vt 0.46414400 0.72069400
vt 0.46065800 0.72482600
vt 0.46018500 0.73427000
vt 0.46351000 0.74592700
vt 0.45084000 0.74421900
vt 0.45265900 0.72371800
vt 0.45598900 0.71564100
vt 0.44998100 0.73814100
vt 0.44595000 0.72692800
vt 0.46723800 0.71338800
vt 0.45908100 0.70903900
vt 0.44723900 0.69947000
vt 0.45306100 0.69449100
vt 0.45951500 0.69264500
vt 0.47346500 0.69574200
vt 0.46498000 0.68820600
vt 0.45101900 0.71238600
vt 0.44188000 0.70737100
vt 0.43577800 0.72785600
vt 0.43424100 0.73052200
vt 0.43118100 0.72498400
vt 0.43486100 0.73507300
vt 0.42733400 0.72353000
vt 0.42895000 0.73033200
vt 0.43905000 0.74261400
vt 0.44106000 0.74252700
vt 0.43750100 0.73666800
vt 0.44709000 0.74133600
vt 0.44071700 0.73548700
vt 0.45215500 0.75380400
vt 0.44417800 0.73215300
vt 0.44140800 0.72338600
vt 0.43910000 0.72983100
vt 0.44006600 0.72626600
vt 0.43747200 0.74496900
vt 0.43299900 0.73781000
vt 0.43385600 0.74563800
vt 0.42759900 0.74154500
vt 0.42417900 0.75031100
vt 0.42444200 0.74258700
vt 0.42398800 0.73545300
vt 0.41967500 0.73733500
vt 0.42074600 0.73003000
vt 0.43524000 0.72129700
vt 0.43229800 0.72244300
vt 0.42518800 0.71845000
vt 0.42656800 0.71723900
vt 0.43162400 0.71643400
vt 0.43174800 0.71358100
vt 0.42330300 0.72392700
vt 0.41871600 0.71611400
vt 0.41494900 0.72295600
vt 0.42700300 0.70832000
vt 0.43383700 0.71030300
vt 0.42523800 0.70380100
vt 0.42188800 0.71002200
vt 0.42750800 0.70141600
vt 0.42098900 0.71230900
vt 0.41837200 0.71202000
vt 0.41637100 0.70779600
vt 0.41894500 0.70202800
vt 0.44110400 0.71795600
vt 0.43811000 0.71475300
vt 0.43703200 0.71773100
vt 0.43410600 0.69843100
vt 0.43562600 0.69194800
vt 0.10518000 0.40374100
vt 0.10679400 0.39420700
vt 0.11087900 0.40303500
vt 0.09969600 0.39638400
vt 0.11184500 0.40882700
vt 0.10456100 0.41314300
vt 0.09871200 0.40916600
vt 0.09306900 0.39914000
vt 0.09162600 0.41740600
vt 0.08478000 0.41364100
vt 0.09736200 0.42215700
vt 0.41723800 0.75422900
vt 0.40807300 0.74547700
vt 0.40926100 0.72579100
vt 0.41049200 0.70625800
vt 0.41056100 0.70397800
vt 0.40887700 0.70999300
vt 0.40396900 0.70469000
vt 0.40795000 0.71598000
vt 0.40190300 0.71303600
vt 0.41525600 0.72661200
vt 0.40640200 0.71827600
vt 0.39694000 0.73424800
vt 0.39613800 0.71471100
vt 0.39156000 0.71806500
vt 0.37023600 0.72766600
vt 0.40781100 0.33914400
vt 0.39709200 0.34582600
vt 0.38552900 0.33866100
vt 0.43160100 0.43699800
vt 0.48721000 0.73873900
vt 0.43751500 0.42166300
vt 0.48749800 0.75454800
vt 0.48085200 0.74826800
vt 0.42565900 0.41607100
vt 0.42527500 0.42855500
vt 0.42039600 0.42525000
vt 0.43182400 0.40370700
vt 0.43860400 0.40541700
vt 0.42977700 0.40934900
vt 0.43218100 0.41922000
vt 0.48510000 0.76783600
vt 0.44312200 0.40916400
vt 0.43030000 0.42819300
vt 0.48080400 0.75892500
vt 0.40199400 0.40711000
vt 0.40330800 0.41747200
vt 0.39375400 0.41506900
vt 0.44114100 0.39061800
vt 0.43665800 0.39722700
vt 0.43396500 0.38881000
vt 0.42474000 0.38872300
vt 0.42834600 0.39965900
vt 0.42180300 0.39717500
vt 0.43885900 0.38505400
vt 0.41657400 0.38997500
vt 0.43047700 0.37785900
vt 0.43371600 0.36622800
vt 0.43705800 0.37315200
vt 0.42380000 0.37172000
vt 0.42214300 0.37827700
vt 0.41596100 0.37909600
vt 0.41683000 0.39778500
vt 0.41554700 0.40655100
vt 0.42215600 0.40820500
vt 0.41803900 0.41712900
vt 0.41217600 0.41786900
vt 0.13836300 0.32903400
vt 0.12116200 0.33883200
vt 0.14547500 0.33153300
vt 0.13752500 0.34206100
vt 0.40872200 0.40129800
vt 0.40744000 0.39392600
vt 0.41009100 0.40865800
vt 0.40609600 0.42574600
vt 0.48096100 0.73953700
vt 0.48095500 0.72985400
vt 0.42530200 0.45124700
vt 0.48555000 0.72346500
vt 0.47485800 0.73447200
vt 0.47664000 0.71969300
vt 0.47925700 0.71211300
vt 0.42252700 0.44201300
vt 0.41728600 0.45161500
vt 0.41773200 0.46091800
vt 0.48591400 0.71190400
vt 0.41810500 0.43443500
vt 0.41581000 0.44390500
vt 0.41056300 0.44207900
vt 0.40978300 0.45263200
vt 0.41293900 0.42998200
vt 0.40437800 0.45184200
vt 0.40369600 0.44446100
vt 0.13035300 0.36255300
vt 0.13217100 0.36342400
vt 0.13718000 0.36660300
vt 0.14646600 0.36906400
vt 0.13864300 0.37411400
vt 0.14150800 0.36362200
vt 0.41299300 0.46064500
vt 0.41254300 0.47149900
vt 0.48297800 0.70163800
vt 0.40678100 0.46405200
vt 0.40503600 0.47067800
vt 0.40503900 0.48044500
vt 0.48232600 0.69178000
vt 0.47762300 0.70394200
vt 0.47428900 0.68722200
vt 0.40531700 0.49127400
vt 0.40149200 0.45926200
vt 0.39997900 0.46897600
vt 0.39552200 0.44990400
vt 0.39382600 0.46096900
vt 0.39277900 0.47323500
vt 0.39580500 0.47956400
vt 0.38740400 0.47037600
vt 0.14050000 0.38270300
vt 0.13383800 0.38194300
vt 0.14732800 0.37738000
vt 0.39450200 0.44177000
vt 0.40410000 0.43589400
vt 0.39662100 0.42613300
vt 0.39364400 0.43491600
vt 0.39161000 0.40611500
vt 0.38698700 0.41424100
vt 0.38460100 0.43663000
vt 0.38760100 0.42665200
vt 0.37279500 0.42705500
vt 0.38969700 0.45283100
vt 0.38401100 0.44880100
vt 0.38429300 0.46133400
vt 0.36965900 0.43700900
vt 0.37183600 0.44652000
vt 0.37048200 0.45508100
vt 0.13885100 0.35229200
vt 0.14435100 0.34734300
vt 0.39219200 0.38997400
vt 0.40018000 0.38724700
vt 0.39811600 0.39714700
vt 0.39044500 0.39799800
vt 0.37214600 0.38051800
vt 0.39217500 0.37715300
vt 0.37204800 0.39829700
vt 0.36880200 0.38853500
vt 0.40845700 0.38685900
vt 0.41335200 0.37060500
vt 0.40371800 0.37875200
vt 0.42801400 0.36279900
vt 0.42089800 0.36200700
vt 0.40144900 0.36971200
vt 0.40273500 0.36316600
vt 0.41273100 0.35881600
vt 0.41878700 0.35009300
vt 0.39627200 0.35303200
vt 0.41094100 0.34901800
vt 0.37689400 0.37466400
vt 0.36337300 0.36626500
vt 0.37687300 0.36598100
vt 0.35201900 0.37344400
vt 0.34777600 0.38267200
vt 0.39011400 0.36203300
vt 0.37177000 0.35441200
vt 0.37603300 0.40633500
vt 0.37332600 0.41620600
vt 0.35901000 0.40178400
vt 0.36003400 0.41534600
vt 0.20382900 0.35215500
vt 0.19457600 0.36101700
vt 0.19111700 0.35349000
vt 0.20691500 0.36631700
vt 0.19747200 0.37153800
vt 0.35300100 0.43524500
vt 0.35789800 0.45149600
vt 0.35054800 0.42331900
vt 0.20277400 0.34508900
vt 0.19211800 0.34697800
vt 0.18930900 0.33927700
vt 0.34983800 0.39123000
vt 0.34548100 0.40956400
vt 0.33860600 0.39882900
vt 0.33116800 0.42488500
vt 0.33736800 0.43467500
vt 0.22595300 0.38404900
vt 0.20463100 0.38254300
vt 0.32726100 0.41190900
vt 0.31952400 0.39730500
vt 0.31087400 0.41635700
vt 0.46509800 0.81830900
vt 0.46505300 0.81030200
vt 0.47309100 0.80756700
vt 0.44181600 0.35901500
vt 0.43959800 0.37014600
vt 0.45095000 0.35754200
vt 0.47645100 0.81823800
vt 0.48023500 0.80552000
vt 0.44917000 0.37153300
vt 0.46998000 0.82014600
vt 0.47081800 0.82833700
vt 0.45454200 0.34059300
vt 0.44413900 0.35205600
vt 0.44825700 0.36030200
vt 0.44668800 0.34484100
vt 0.47841900 0.82927600
vt 0.45728400 0.82689800
vt 0.45579200 0.82068100
vt 0.45694700 0.80918100
vt 0.44938800 0.80754000
vt 0.44838000 0.81748200
vt 0.44714500 0.82453800
vt 0.46011300 0.32975300
vt 0.46129500 0.83476100
vt 0.46331500 0.82749000
vt 0.45549000 0.83316200
vt 0.45444100 0.33062200
vt 0.44915700 0.83469300
vt 0.44920400 0.84450800
vt 0.46533900 0.31358000
vt 0.45832200 0.32094800
vt 0.15078700 0.27621000
vt 0.05192900 0.32209800
vt 0.14821700 0.26566000
vt 0.15434500 0.26840900
vt 0.15235100 0.25712000
vt 0.04350000 0.31918500
vt 0.15977700 0.25865400
vt 0.04265900 0.32506300
vt 0.41730600 0.81949900
vt 0.41403100 0.81653200
vt 0.41746500 0.81557400
vt 0.41019800 0.82127200
vt 0.40828300 0.82006300
vt 0.43911100 0.80649800
vt 0.43915600 0.82378500
vt 0.42492700 0.82280400
vt 0.42965800 0.81588400
vt 0.43135600 0.82991800
vt 0.42049200 0.82109300
vt 0.42405800 0.81620000
vt 0.41910100 0.82618700
vt 0.42236900 0.83634000
vt 0.43968700 0.83599200
vt 0.42996100 0.83834000
vt 0.43997000 0.84502300
vt 0.47213400 0.30674600
vt 0.42902000 0.84497500
vt 0.43168500 0.85112400
vt 0.47381700 0.29653900
vt 0.04108700 0.33317800
vt 0.03399900 0.32416300
vt 0.02933800 0.33000900
vt 0.03632800 0.31567200
vt 0.15731700 0.24993400
vt 0.47952000 0.28336500
vt 0.41820400 0.85483500
vt 0.41506500 0.84744600
vt 0.02708000 0.33783900
vt 0.01808300 0.33548600
vt 0.01873900 0.32750900
vt 0.41499500 0.82566900
vt 0.41063600 0.82317700
vt 0.40834200 0.82884200
vt 0.40546900 0.82399200
vt 0.40045300 0.82382400
vt 0.40613900 0.81873900
vt 0.40454400 0.84301300
vt 0.41449100 0.82874200
vt 0.40869900 0.83425600
vt 0.40459200 0.83298300
vt 0.39985500 0.82106000
vt 0.40301000 0.82926400
vt 0.39669500 0.82695400
vt 0.38874100 0.82656800
vt 0.38951500 0.82346900
vt 0.38896800 0.82833500
vt 0.40008400 0.83121900
vt 0.39496400 0.83516000
vt 0.39196800 0.83372200
vt 0.01505300 0.34549700
vt 0.00734000 0.34080400
vt 0.14777000 0.19298100
vt 0.40355200 0.85265700
vt 0.39190400 0.85133400
vt 0.39858900 0.83706500
vt 0.14078300 0.18561200
vt 0.00958600 0.34852100
vt 0.14863300 0.18333200
vt 0.43582000 0.35554100
vt 0.42699800 0.35424300
vt 0.42753300 0.34178800
vt 0.43656400 0.34711900
vt 0.44135700 0.33771300
vt 0.44859900 0.33390000
vt 0.44355300 0.33006400
vt 0.43638200 0.32977400
vt 0.41825000 0.34049100
vt 0.43407400 0.33629400
vt 0.42737800 0.33041500
vt 0.43278500 0.32222700
vt 0.41975100 0.33352000
vt 0.44641900 0.30531200
vt 0.45470800 0.30758000
vt 0.45061200 0.31388800
vt 0.45469900 0.30083300
vt 0.45243100 0.32261200
vt 0.44676900 0.32036700
vt 0.44130100 0.31958200
vt 0.15895400 0.27772200
vt 0.16382600 0.26994300
vt 0.16779800 0.27191000
vt 0.16127200 0.26431800
vt 0.15731200 0.27314700
vt 0.16637500 0.28124900
vt 0.17261400 0.27954400
vt 0.45886200 0.31494600
vt 0.16922300 0.25988800
vt 0.16445500 0.25415900
vt 0.16090700 0.24952100
vt 0.44481000 0.31318000
vt 0.43349500 0.31410500
vt 0.43912600 0.30853000
vt 0.40743700 0.32786900
vt 0.41983500 0.32864600
vt 0.42415200 0.31951000
vt 0.41444400 0.32085100
vt 0.39517500 0.33108700
vt 0.41598200 0.31208600
vt 0.39910700 0.31663000
vt 0.44068500 0.29835900
vt 0.44767800 0.29615500
vt 0.43378400 0.30219900
vt 0.43394300 0.29417200
vt 0.42429000 0.30113900
vt 0.42214100 0.29280100
vt 0.43140600 0.28663200
vt 0.42751700 0.28100200
vt 0.42752400 0.30947800
vt 0.41196200 0.30223300
vt 0.46074400 0.30568100
vt 0.46545200 0.29693000
vt 0.46922200 0.28649100
vt 0.45946500 0.29331100
vt 0.45280800 0.29276600
vt 0.45151400 0.29781100
vt 0.44736400 0.28403300
vt 0.46432000 0.28444700
vt 0.46854300 0.27833000
vt 0.45988300 0.28365400
vt 0.45920200 0.27756100
vt 0.45251600 0.28209300
vt 0.16138000 0.24174200
vt 0.02846200 0.31378100
vt 0.02641800 0.32117700
vt 0.16429700 0.23602800
vt 0.02305200 0.31251500
vt 0.16604200 0.24615400
vt 0.47368400 0.28298500
vt 0.01864300 0.31898500
vt 0.01611600 0.31444800
vt 0.16504300 0.22722900
vt 0.16937100 0.23536800
vt 0.00952200 0.31579500
vt 0.16627900 0.21871300
vt 0.17644600 0.21397300
vt 0.17448100 0.22573400
vt 0.47817300 0.27042700
vt 0.47117900 0.26922700
vt 0.47836000 0.26033400
vt 0.46440900 0.27297800
vt 0.46517400 0.26499400
vt 0.45823800 0.27333400
vt 0.47234200 0.25924600
vt 0.46519200 0.25719500
vt 0.47112700 0.25009500
vt 0.46609100 0.24848900
vt 0.01176100 0.32441600
vt 0.15711500 0.21223300
vt 0.16545800 0.20585700
vt 0.15979800 0.20298600
vt 0.00887100 0.33191300
vt 0.15307200 0.20312900
vt 0.48260300 0.26751000
vt 0.40290900 0.86045400
vt 0.39653900 0.85784500
vt 0.48497600 0.25292100
vt 0.38829800 0.86399100
vt 0.16130200 0.19289800
vt 0.16726900 0.19562800
vt 0.15487200 0.18782900
vt 0.16110000 0.18335500
vt 0.16714400 0.18456600
vt 0.17080500 0.20956100
vt 0.17925900 0.20382800
vt 0.17423500 0.19872900
vt 0.17186800 0.19065500
vt 0.17786400 0.18973700
vt 0.17970900 0.19293600
vt 0.44232300 0.29103100
vt 0.43980000 0.28618400
vt 0.45045300 0.27368900
vt 0.44272500 0.27672200
vt 0.43552700 0.27724800
vt 0.44502200 0.26587700
vt 0.43928200 0.26670700
vt 0.43016900 0.26990400
vt 0.18244400 0.21834000
vt 0.18436500 0.22649500
vt 0.45197700 0.26614900
vt 0.45801500 0.26239100
vt 0.45160400 0.25937800
vt 0.45861200 0.25410100
vt 0.45419900 0.25042000
vt 0.44637200 0.25459700
vt 0.43164700 0.26010200
vt 0.43997600 0.25615000
vt 0.44530200 0.24689400
vt 0.18473400 0.20459900
vt 0.18497300 0.21015600
vt 0.18758700 0.19689400
vt 0.19369900 0.20387100
vt 0.44644600 0.39675400
vt 0.48363100 0.78049200
vt 0.47706500 0.78683300
vt 0.47843700 0.77437800
vt 0.47158100 0.78560300
vt 0.47043000 0.79543700
vt 0.46275500 0.80191200
vt 0.46486900 0.78861700
vt 0.46776400 0.80375000
vt 0.46973500 0.77387100
vt 0.46128700 0.77173100
vt 0.47477100 0.75522400
vt 0.47364400 0.76782600
vt 0.46875800 0.76219800
vt 0.46960700 0.74909500
vt 0.47391300 0.74247900
vt 0.46201200 0.75882400
vt 0.11617800 0.35442600
vt 0.10734400 0.35784300
vt 0.10714700 0.34715800
vt 0.12899700 0.34691100
vt 0.11966100 0.34523200
vt 0.11301300 0.34428700
vt 0.11153700 0.33736600
vt 0.13760200 0.32143300
vt 0.13721800 0.31529300
vt 0.10415400 0.33609700
vt 0.09588600 0.33566500
vt 0.13593500 0.30856400
vt 0.09434800 0.34390500
vt 0.09100100 0.33861600
vt 0.08672900 0.34416900
vt 0.10042800 0.35398300
vt 0.08887300 0.34950600
vt 0.09069600 0.35562700
vt 0.09985700 0.36059300
vt 0.44496500 0.79400300
vt 0.44620200 0.78173900
vt 0.45006400 0.78158200
vt 0.43789600 0.78830100
vt 0.43793000 0.78295800
vt 0.44188200 0.77856400
vt 0.43473600 0.79079600
vt 0.43464900 0.78573700
vt 0.43830200 0.77670200
vt 0.44237800 0.79056500
vt 0.45724200 0.79717900
vt 0.45611400 0.78534300
vt 0.43984600 0.79786600
vt 0.07516600 0.34564500
vt 0.07817400 0.35310400
vt 0.06543500 0.34786800
vt 0.45069100 0.76939500
vt 0.44701700 0.77367600
vt 0.45365500 0.76180900
vt 0.45271100 0.77128600
vt 0.43561400 0.77744800
vt 0.43513200 0.77080600
vt 0.43122200 0.77932900
vt 0.43044700 0.76144000
vt 0.42914800 0.77151500
vt 0.42730800 0.76674500
vt 0.07349400 0.34029200
vt 0.07943000 0.33583000
vt 0.09033200 0.36322300
vt 0.09628600 0.37095500
vt 0.08912100 0.37075500
vt 0.07972600 0.36180600
vt 0.06680300 0.35367500
vt 0.07762100 0.37162500
vt 0.43939700 0.37807200
vt 0.44318600 0.38028000
vt 0.44357000 0.37375400
vt 0.47994300 0.79493400
vt 0.45038700 0.38245100
vt 0.15283500 0.30588500
vt 0.14553900 0.31354300
vt 0.14394600 0.30654100
vt 0.14849800 0.30510800
vt 0.14456800 0.30125200
vt 0.08507600 0.33158300
vt 0.13854500 0.29878000
vt 0.14517500 0.29303800
vt 0.14125900 0.28561000
vt 0.07175100 0.32811100
vt 0.15133400 0.29644800
vt 0.16314900 0.29641600
vt 0.15826800 0.30609800
vt 0.15776300 0.29653500
vt 0.14916900 0.28601300
vt 0.15493200 0.28650400
vt 0.16115900 0.28550200
vt 0.15086700 0.30142900
vt 0.14350600 0.32335100
vt 0.14592200 0.28238400
vt 0.14305800 0.27662900
vt 0.06281500 0.32639100
vt 0.06658700 0.33432400
vt 0.05714500 0.33394600
vt 0.05569700 0.32826300
vt 0.05106900 0.33101900
vt 0.06347200 0.34181200
vt 0.04938300 0.33800100
vt 0.05301900 0.34617700
vt 0.46813700 0.73697600
vt 0.12688300 0.36959700
vt 0.13098000 0.37421800
vt 0.12688000 0.37484900
vt 0.12175200 0.36653600
vt 0.12119300 0.38003800
vt 0.12845400 0.38372200
vt 0.11753400 0.37624100
vt 0.10849300 0.36556500
vt 0.10305500 0.37312900
vt 0.11001100 0.37650300
vt 0.11078400 0.38580700
vt 0.11639700 0.38479700
vt 0.11570100 0.36685800
vt 0.13281900 0.35699500
vt 0.12394900 0.35390900
vt 0.13226400 0.36843700
vt 0.13242300 0.39015000
vt 0.12313000 0.38707800
vt 0.12774400 0.39518400
vt 0.12244800 0.39329400
vt 0.12875200 0.40717100
vt 0.12232500 0.40156700
vt 0.13306100 0.39907700
vt 0.13750300 0.40003400
vt 0.11613700 0.39559800
vt 0.11749200 0.40665800
vt 0.09347700 0.38076300
vt 0.10223700 0.38272500
vt 0.42761400 0.75664300
vt 0.43217900 0.79162600
vt 0.43441100 0.79570700
vt 0.42873000 0.80104800
vt 0.42974800 0.79052100
vt 0.42774200 0.79888300
vt 0.42892500 0.80328700
vt 0.43337000 0.80551500
vt 0.43444400 0.80907700
vt 0.42969100 0.81148000
vt 0.42398200 0.79760400
vt 0.41944800 0.79460500
vt 0.42446700 0.78740100
vt 0.42228000 0.81033100
vt 0.42230400 0.80720500
vt 0.42223100 0.80367500
vt 0.41469100 0.81202300
vt 0.41706000 0.81343300
vt 0.41922700 0.80393500
vt 0.41322900 0.81504400
vt 0.41046500 0.81166500
vt 0.41289400 0.80123000
vt 0.42059100 0.78780200
vt 0.41119200 0.79708500
vt 0.42739100 0.77834900
vt 0.42483200 0.77226300
vt 0.42461100 0.76220600
vt 0.42146800 0.76475500
vt 0.40999000 0.76790100
vt 0.40988200 0.78436900
vt 0.40858100 0.75189100
vt 0.41454900 0.78577600
vt 0.05181500 0.35491800
vt 0.04456200 0.37015600
vt 0.05325100 0.38705900
vt 0.40572000 0.80819900
vt 0.40025700 0.81735800
vt 0.40512200 0.80517200
vt 0.40006600 0.79933700
vt 0.39470100 0.79902800
vt 0.39801500 0.77442400
vt 0.04127800 0.34220300
vt 0.03971800 0.34866600
vt 0.02837600 0.34240300
vt 0.02191100 0.35053500
vt 0.02905700 0.36029800
vt 0.39826900 0.81256900
vt 0.39776400 0.81053900
vt 0.39811300 0.80669700
vt 0.39033300 0.81498800
vt 0.38780800 0.81149300
vt 0.38500400 0.80923300
vt 0.37506600 0.80312400
vt 0.13685200 0.17390500
vt 0.00789600 0.35881500
vt 0.14850000 0.16867700
vt 0.00868000 0.37639000
vt 0.12866700 0.15441500
vt 0.03171100 0.41491700
vt 0.07111800 0.40606700
vt 0.06407100 0.43377800
vt 0.38874000 0.74334600
vt 0.36719100 0.76674800
vt 0.38387800 0.74326300
vt 0.36078200 0.73934400
vt 0.06353600 0.45542900
vt 0.16588000 0.30388500
vt 0.16955200 0.29810700
vt 0.16747200 0.28815700
vt 0.14943700 0.33850800
vt 0.15316600 0.32872700
vt 0.15855600 0.32164700
vt 0.14929300 0.31990500
vt 0.15601800 0.31581700
vt 0.16214400 0.32748700
vt 0.15682800 0.33252100
vt 0.17018000 0.32527800
vt 0.16523300 0.33623200
vt 0.16553200 0.31969000
vt 0.16249300 0.31273400
vt 0.15911500 0.34912700
vt 0.15497500 0.34211900
vt 0.13724000 0.38901600
vt 0.14926200 0.38647900
vt 0.15579600 0.37828000
vt 0.14178200 0.38898300
vt 0.14493400 0.39614800
vt 0.15187700 0.39623500
vt 0.15487200 0.38812300
vt 0.15210000 0.35240100
vt 0.16261000 0.35862600
vt 0.15481800 0.36035800
vt 0.15488800 0.36907000
vt 0.16533600 0.37262100
vt 0.14475200 0.35471900
vt 0.14831900 0.36167800
vt 0.16841500 0.34852100
vt 0.17367000 0.34452800
vt 0.17571400 0.36549500
vt 0.18090900 0.36039800
vt 0.16160600 0.38296700
vt 0.16950200 0.37903000
vt 0.16230700 0.39286400
vt 0.16969800 0.38473100
vt 0.17562700 0.37671800
vt 0.17869400 0.38859100
vt 0.16952500 0.30950300
vt 0.18160400 0.33640500
vt 0.17619800 0.31631100
vt 0.17812300 0.32665700
vt 0.19421500 0.33506500
vt 0.18788100 0.32335200
vt 0.19988300 0.32965600
vt 0.18755900 0.30923200
vt 0.19994000 0.30101100
vt 0.20275800 0.31237300
vt 0.21167500 0.30514900
vt 0.22590900 0.31678000
vt 0.20828700 0.33046100
vt 0.20105500 0.31800100
vt 0.21421700 0.32218900
vt 0.21211900 0.34069000
vt 0.23069400 0.33820100
vt 0.19174600 0.38070200
vt 0.18716800 0.37044800
vt 0.20160500 0.39244500
vt 0.18903100 0.38534100
vt 0.18269900 0.35308500
vt 0.17497400 0.35228100
vt 0.18736000 0.39446200
vt 0.22867100 0.36334600
vt 0.22704900 0.34969800
vt 0.22240400 0.37336700
vt 0.22350700 0.39255600
vt 0.23217400 0.37773600
vt 0.17706500 0.27146000
vt 0.17773200 0.27999300
vt 0.17248100 0.26764200
vt 0.17096400 0.25333300
vt 0.17813500 0.26201600
vt 0.18390000 0.26984100
vt 0.18620100 0.25630100
vt 0.18378400 0.28090900
vt 0.17133700 0.24442600
vt 0.17979900 0.24403400
vt 0.17750800 0.25526600
vt 0.19649400 0.27268200
vt 0.20142900 0.28169600
vt 0.20527300 0.27493900
vt 0.19446200 0.26868600
vt 0.21238300 0.27205200
vt 0.21310000 0.27891200
vt 0.20842800 0.26957000
vt 0.18815800 0.24421800
vt 0.19699200 0.25256300
vt 0.20662000 0.25819200
vt 0.21215000 0.26301000
vt 0.19756000 0.24407100
vt 0.20420400 0.24329800
vt 0.21169300 0.25053700
vt 0.17621600 0.23367400
vt 0.18339500 0.23633300
vt 0.19108400 0.23420700
vt 0.19203900 0.22183800
vt 0.19609600 0.23508500
vt 0.19803300 0.22574200
vt 0.21077000 0.23290700
vt 0.20591500 0.22716400
vt 0.20215600 0.22096400
vt 0.19223600 0.21293300
vt 0.20249200 0.21236800
vt 0.19622200 0.19462800
vt 0.20493900 0.20251100
vt 0.20320400 0.19324600
vt 0.17766600 0.30299800
vt 0.17615800 0.29103300
vt 0.18778500 0.29562100
vt 0.19631200 0.28726300
vt 0.20619000 0.29176700
vt 0.22021100 0.28590000
vt 0.21864500 0.29596200
vt 0.22181500 0.30532800
vt 0.45152100 0.68290600
vt 0.44337600 0.68249500
vt 0.45845100 0.68373500
vt 0.46691500 0.68065500
vt 0.40329500 0.50148100
vt 0.45162500 0.67478400
vt 0.40013800 0.51263500
vt 0.45858200 0.67328100
vt 0.44340600 0.67312700
vt 0.39852600 0.52152700
vt 0.45081700 0.66856800
vt 0.44203400 0.68973800
vt 0.11868300 0.41598200
vt 0.12529900 0.41093400
vt 0.12338800 0.41849200
vt 0.43181300 0.68076900
vt 0.43103100 0.67306300
vt 0.43173800 0.66453200
vt 0.39287600 0.52214100
vt 0.44221000 0.66231700
vt 0.39513200 0.53112600
vt 0.38625400 0.52434200
vt 0.38802500 0.53285800
vt 0.43591700 0.66292900
vt 0.42534800 0.65375900
vt 0.38953000 0.54014300
vt 0.43415600 0.65488400
vt 0.38234000 0.53991300
vt 0.38261400 0.53191800
vt 0.42866700 0.64968000
vt 0.38488400 0.54654300
vt 0.37494100 0.54796800
vt 0.42481000 0.69138800
vt 0.42504300 0.68478700
vt 0.42617700 0.67874400
vt 0.41846900 0.69572600
vt 0.41288400 0.70258600
vt 0.41180400 0.69656700
vt 0.41714600 0.69819500
vt 0.41476500 0.68435400
vt 0.40867500 0.69311700
vt 0.41002300 0.69082900
vt 0.41563600 0.67741400
vt 0.41914900 0.67233500
vt 0.40524600 0.68037700
vt 0.11122500 0.41862600
vt 0.10337200 0.42249700
vt 0.12126800 0.42424400
vt 0.11524000 0.42559500
vt 0.12720500 0.42323300
vt 0.11881100 0.43235000
vt 0.10814000 0.42718100
vt 0.11014800 0.43649500
vt 0.09637900 0.43046500
vt 0.10458700 0.43301500
vt 0.40841700 0.67013300
vt 0.41435700 0.66476600
vt 0.40411700 0.67132100
vt 0.40523600 0.66267700
vt 0.42293000 0.66556600
vt 0.12490300 0.43249800
vt 0.11936700 0.43981600
vt 0.41970400 0.65818500
vt 0.41575100 0.65269100
vt 0.40807800 0.65604000
vt 0.41926900 0.64463500
vt 0.37987300 0.55674300
vt 0.11517500 0.44061700
vt 0.10311400 0.44393700
vt 0.10997200 0.44655900
vt 0.39430000 0.65649200
vt 0.39852200 0.65208700
vt 0.12106400 0.44586400
vt 0.11459000 0.44850100
vt 0.40733700 0.64725500
vt 0.37677100 0.56797700
vt 0.40785600 0.64210200
vt 0.37231800 0.55600500
vt 0.36718600 0.56608300
vt 0.39764100 0.63815000
vt 0.37176200 0.57688100
vt 0.39674300 0.64264200
vt 0.39049100 0.64995500
vt 0.38782700 0.63542800
vt 0.36747200 0.58505900
vt 0.36045600 0.58271500
vt 0.36544500 0.57738200
vt 0.40530700 0.69842100
vt 0.40386000 0.70041400
vt 0.40339600 0.70166400
vt 0.39949100 0.69838300
vt 0.40194500 0.69258900
vt 0.40441500 0.69430800
vt 0.39923600 0.70487000
vt 0.40253000 0.68838300
vt 0.39798300 0.68931900
vt 0.39459900 0.68551600
vt 0.39552900 0.69878500
vt 0.39448900 0.70052700
vt 0.39495300 0.69694100
vt 0.39337800 0.70797600
vt 0.39113800 0.70200200
vt 0.39646700 0.69494300
vt 0.39761600 0.69225900
vt 0.39059700 0.69610200
vt 0.38885300 0.69316600
vt 0.38626000 0.69800700
vt 0.38482100 0.69448500
vt 0.38857500 0.68644700
vt 0.38916900 0.68947900
vt 0.38345900 0.70133600
vt 0.38392800 0.68836300
vt 0.38626900 0.68484800
vt 0.09010900 0.43509800
vt 0.08241000 0.43665300
vt 0.10266200 0.43864700
vt 0.09800400 0.43999500
vt 0.09286900 0.44052100
vt 0.39426700 0.71028200
vt 0.38717900 0.71105400
vt 0.38792700 0.70740500
vt 0.08036200 0.44824500
vt 0.08739100 0.45107200
vt 0.39252000 0.67074000
vt 0.39446800 0.66392500
vt 0.38533300 0.67534500
vt 0.38953100 0.68342700
vt 0.38323800 0.68282100
vt 0.38223700 0.66069100
vt 0.37723200 0.66690300
vt 0.37192200 0.67230100
vt 0.10480200 0.44996400
vt 0.09573400 0.44715700
vt 0.09968100 0.45163900
vt 0.10976100 0.45274500
vt 0.11509700 0.45561700
vt 0.10347200 0.45876300
vt 0.11043400 0.46030800
vt 0.09304100 0.45476100
vt 0.09298000 0.46051500
vt 0.08517400 0.46107800
vt 0.37293600 0.65800400
vt 0.09870700 0.46585400
vt 0.10520500 0.46477400
vt 0.38132400 0.69575400
vt 0.38126500 0.69018000
vt 0.37785500 0.69427900
vt 0.38188200 0.70605900
vt 0.38201100 0.68634000
vt 0.37531000 0.69918400
vt 0.37243600 0.70705300
vt 0.37396500 0.69478500
vt 0.36964900 0.69757500
vt 0.36728800 0.70029800
vt 0.36862300 0.69394300
vt 0.36504200 0.69641600
vt 0.35819700 0.70037400
vt 0.37720400 0.70948800
vt 0.37563000 0.71371600
vt 0.07896200 0.45866600
vt 0.07317300 0.45837000
vt 0.35974500 0.71703400
vt 0.36430000 0.71113800
vt 0.36597900 0.70836500
vt 0.36049600 0.70207200
vt 0.37595400 0.68625800
vt 0.37519700 0.68202400
vt 0.36605100 0.68414300
vt 0.36970100 0.68741100
vt 0.36026500 0.69538400
vt 0.36291100 0.68912800
vt 0.36694700 0.66417500
vt 0.36236800 0.67380900
vt 0.09193000 0.46927500
vt 0.09366800 0.47451000
vt 0.08293500 0.47218600
vt 0.07848200 0.46883900
vt 0.08882300 0.47812200
vt 0.35867400 0.68864000
vt 0.35680400 0.68575200
vt 0.35619100 0.66724600
vt 0.35193400 0.67719300
vt 0.38669400 0.64495500
vt 0.38063200 0.65021900
vt 0.37504600 0.64263000
vt 0.36228000 0.59084700
vt 0.38009800 0.63173400
vt 0.38088500 0.63784100
vt 0.37218700 0.63483200
vt 0.36782800 0.64852400
vt 0.36675100 0.64044000
vt 0.36284600 0.63594700
vt 0.36327000 0.65568400
vt 0.35606200 0.66211200
vt 0.35839000 0.64310900
vt 0.35717700 0.64921700
vt 0.35251200 0.63812500
vt 0.34947700 0.64511100
vt 0.34739900 0.67018000
vt 0.35147300 0.65845300
vt 0.34422600 0.66182600
vt 0.34630000 0.65244900
vt 0.39790200 0.48789700
vt 0.39476400 0.49837200
vt 0.39675900 0.50517700
vt 0.39143400 0.51439800
vt 0.38810700 0.50667900
vt 0.39144500 0.49134300
vt 0.38423000 0.49853200
vt 0.38174000 0.50527900
vt 0.38858200 0.48329500
vt 0.38231200 0.47925800
vt 0.38310000 0.49008400
vt 0.37171800 0.49748500
vt 0.37486300 0.48221700
vt 0.38346700 0.51397000
vt 0.37896900 0.52362600
vt 0.37578900 0.51331900
vt 0.37258000 0.52466400
vt 0.37306200 0.50595600
vt 0.36894500 0.51626900
vt 0.36239800 0.51433800
vt 0.36563300 0.52482200
vt 0.36220200 0.50266000
vt 0.37405700 0.47010700
vt 0.37200200 0.46352700
vt 0.36646400 0.47740100
vt 0.35773500 0.46524600
vt 0.34975400 0.47186100
vt 0.36593300 0.48821100
vt 0.35911400 0.49291500
vt 0.34649400 0.49836200
vt 0.35307900 0.51005000
vt 0.33778300 0.47896800
vt 0.33464500 0.48851900
vt 0.35646200 0.52427300
vt 0.34401400 0.51831000
vt 0.33358200 0.50584100
vt 0.32188700 0.51438400
vt 0.33055300 0.52419500
vt 0.33838200 0.45333200
vt 0.34746800 0.44412500
vt 0.33143600 0.45683200
vt 0.32992300 0.46882800
vt 0.31633800 0.43433600
vt 0.22202300 0.41006500
vt 0.21169500 0.40640500
vt 0.21656000 0.39869400
vt 0.30434600 0.42346600
vt 0.22989400 0.40624200
vt 0.22848000 0.42408100
vt 0.23102900 0.41554600
vt 0.30690200 0.46018700
vt 0.30951800 0.47316500
vt 0.30758800 0.44889400
vt 0.29710600 0.43817500
vt 0.28381000 0.44863500
vt 0.21449500 0.41740400
vt 0.22103600 0.42793500
vt 0.23303100 0.43403300
vt 0.22133700 0.43809800
vt 0.21005300 0.43273100
vt 0.22450600 0.44376900
vt 0.31844300 0.49114100
vt 0.31006500 0.49877700
vt 0.30083200 0.50375600
vt 0.31025400 0.51797300
vt 0.29820600 0.47714900
vt 0.29109600 0.48234300
vt 0.29108000 0.45972900
vt 0.28678200 0.46901700
vt 0.22177900 0.45326300
vt 0.21220000 0.44447300
vt 0.21042500 0.45659200
vt 0.22175200 0.45891300
vt 0.23141500 0.45106700
vt 0.28608400 0.48984100
vt 0.21710900 0.46759100
vt 0.20468200 0.46303400
vt 0.20654400 0.47265600
vt 0.22606400 0.46862000
vt 0.22018800 0.47528400
vt 0.28258400 0.50195800
vt 0.28605000 0.51403000
vt 0.31626100 0.53077400
vt 0.29430200 0.52874400
vt 0.21784600 0.48517200
vt 0.20910700 0.48066300
vt 0.26541100 0.51011100
vt 0.26601700 0.49954200
vt 0.13610400 0.40492200
vt 0.13580100 0.41399100
vt 0.13967100 0.42092100
vt 0.13589500 0.42825400
vt 0.12983600 0.41615700
vt 0.13355600 0.41964300
vt 0.14414700 0.42783200
vt 0.14748500 0.41772100
vt 0.37599200 0.53519200
vt 0.36810200 0.53278400
vt 0.13032100 0.42718200
vt 0.13027700 0.43192300
vt 0.13546000 0.43746700
vt 0.12923500 0.43850300
vt 0.13941000 0.43491100
vt 0.14338900 0.44234300
vt 0.12732500 0.44687300
vt 0.13306500 0.44571500
vt 0.13719000 0.44685500
vt 0.12383800 0.45249200
vt 0.12019600 0.45626000
vt 0.36912200 0.54302200
vt 0.36787900 0.55170900
vt 0.36264900 0.54454300
vt 0.35969800 0.55487400
vt 0.36078100 0.53282800
vt 0.34948400 0.53147600
vt 0.35543600 0.54158400
vt 0.35246600 0.54935200
vt 0.34955000 0.55761400
vt 0.34516200 0.53992900
vt 0.34051600 0.54837600
vt 0.33628500 0.55457000
vt 0.36476300 0.56112000
vt 0.35594800 0.56562500
vt 0.35789300 0.57580600
vt 0.35487200 0.58959200
vt 0.34683400 0.56525800
vt 0.34903800 0.57627600
vt 0.34873700 0.58418900
vt 0.34121100 0.57355100
vt 0.33109800 0.56182100
vt 0.34045100 0.58079400
vt 0.33870700 0.58794500
vt 0.33119000 0.57466700
vt 0.33703000 0.53490700
vt 0.32727200 0.54251500
vt 0.31221900 0.54516400
vt 0.30999600 0.55729600
vt 0.32864000 0.58739600
vt 0.31872700 0.57491100
vt 0.30367100 0.56587700
vt 0.31020000 0.57832700
vt 0.11517500 0.46279600
vt 0.06841100 0.47148700
vt 0.07280400 0.47681200
vt 0.07611400 0.48060800
vt 0.08039300 0.48231100
vt 0.10771500 0.47019700
vt 0.36716400 0.62894900
vt 0.35646800 0.60095200
vt 0.10171600 0.47081000
vt 0.10361400 0.47689000
vt 0.11016100 0.47292500
vt 0.34808200 0.60131600
vt 0.34534800 0.59507600
vt 0.34873800 0.61066800
vt 0.35249200 0.62388100
vt 0.35634600 0.63190600
vt 0.34160500 0.61755900
vt 0.33466800 0.59690300
vt 0.33813000 0.60529700
vt 0.33318900 0.61607900
vt 0.32621600 0.60500700
vt 0.32355500 0.59339900
vt 0.32568400 0.61027900
vt 0.09710200 0.47939500
vt 0.10172400 0.48446000
vt 0.10851600 0.48924300
vt 0.10830400 0.48189500
vt 0.10169100 0.49217500
vt 0.08993100 0.48517000
vt 0.09529200 0.48731100
vt 0.08446900 0.48669800
vt 0.08984600 0.49185500
vt 0.33989000 0.64554000
vt 0.34340200 0.63979900
vt 0.33879500 0.65084300
vt 0.09680400 0.49264900
vt 0.11303400 0.48292300
vt 0.11451800 0.49075200
vt 0.10903400 0.49696100
vt 0.10163700 0.49905800
vt 0.09238000 0.49827800
vt 0.34628400 0.63175500
vt 0.33657900 0.63214900
vt 0.32982200 0.64812900
vt 0.33347500 0.64141900
vt 0.32929600 0.63515100
vt 0.32694100 0.64184900
vt 0.32972100 0.62517000
vt 0.32138900 0.62088000
vt 0.32208600 0.63943600
vt 0.10589500 0.50363700
vt 0.09947000 0.50508700
vt 0.32287200 0.63053800
vt 0.31326200 0.63510600
vt 0.31503100 0.63023200
vt 0.31526100 0.59693100
vt 0.31586300 0.60795800
vt 0.30314400 0.58463400
vt 0.31176500 0.61852900
vt 0.30399800 0.62588800
vt 0.30401800 0.63211900
vt 0.29744200 0.61876300
vt 0.18668800 0.43938400
vt 0.18098200 0.45103300
vt 0.17185600 0.44316400
vt 0.19034900 0.47464200
vt 0.17879200 0.47723100
vt 0.18198100 0.46831700
vt 0.29477800 0.53978600
vt 0.18388300 0.48343700
vt 0.28250100 0.54424400
vt 0.19186900 0.46242400
vt 0.20011700 0.47878100
vt 0.19985500 0.48676600
vt 0.18638600 0.49355100
vt 0.19946800 0.49361000
vt 0.19378000 0.50150400
vt 0.21151700 0.49111800
vt 0.26417400 0.51591900
vt 0.20494100 0.49744900
vt 0.21756300 0.49773600
vt 0.21154100 0.50607900
vt 0.20568300 0.50981400
vt 0.18478800 0.50530700
vt 0.19394500 0.51175300
vt 0.19949700 0.51636400
vt 0.19020700 0.52137000
vt 0.18029000 0.51218500
vt 0.15083000 0.50395100
vt 0.13985600 0.50950800
vt 0.13921900 0.50092700
vt 0.13822100 0.51546800
vt 0.15420300 0.51715400
vt 0.14823100 0.52475100
vt 0.14250300 0.52970900
vt 0.29037200 0.59064000
vt 0.29925500 0.60452400
vt 0.29023200 0.60746200
vt 0.29194800 0.63190300
vt 0.28204300 0.61420500
vt 0.28839100 0.57035000
vt 0.28600900 0.55848400
vt 0.26593600 0.52601300
vt 0.25941600 0.53507100
vt 0.26705800 0.54696800
vt 0.25805100 0.55322100
vt 0.26925100 0.56956300
vt 0.19502400 0.52875500
vt 0.18339800 0.52742800
vt 0.25191700 0.56222700
vt 0.28344400 0.58035100
vt 0.27323700 0.59311500
vt 0.26117000 0.57830700
vt 0.27020600 0.60081700
vt 0.25631900 0.60429900
vt 0.27606500 0.62172900
vt 0.17638100 0.52149200
vt 0.17234700 0.52910300
vt 0.18394600 0.53722700
vt 0.17587500 0.54109900
vt 0.24386800 0.57010900
vt 0.16714600 0.53830500
vt 0.17163200 0.55017300
vt 0.24867600 0.58481100
vt 0.14445000 0.55366900
vt 0.13801600 0.54601000
vt 0.14400800 0.54218300
vt 0.15924000 0.54893900
vt 0.15404800 0.53878500
vt 0.16494800 0.55758300
vt 0.15606600 0.55715700
vt 0.15286400 0.56561400
vt 0.23076800 0.59447800
vt 0.24395200 0.61086300
vt 0.14433400 0.40426000
vt 0.15124900 0.40428700
vt 0.15667900 0.40124300
vt 0.14841500 0.41107900
vt 0.15578800 0.41118500
vt 0.15654400 0.41630900
vt 0.16524800 0.40221800
vt 0.16991100 0.39604100
vt 0.16308000 0.40973300
vt 0.17124900 0.41332300
vt 0.17042700 0.41968100
vt 0.17096500 0.40336100
vt 0.17978000 0.40352300
vt 0.18100100 0.41494400
vt 0.15926600 0.42420500
vt 0.15155000 0.42389500
vt 0.16674700 0.42687400
vt 0.16278800 0.43930700
vt 0.17168600 0.43482900
vt 0.18883900 0.41776900
vt 0.18568700 0.42301700
vt 0.17577100 0.42890900
vt 0.19476300 0.40129400
vt 0.19376800 0.40971300
vt 0.19026600 0.43185600
vt 0.20057200 0.43862600
vt 0.19568500 0.44753700
vt 0.20766700 0.42287300
vt 0.14192600 0.41223500
vt 0.15280900 0.43281700
vt 0.14735800 0.43785900
vt 0.14188600 0.45068100
vt 0.15103100 0.44592800
vt 0.12895300 0.45145600
vt 0.16202900 0.45122600
vt 0.14818000 0.45455200
vt 0.13450000 0.45278500
vt 0.13067500 0.45806800
vt 0.13688400 0.45781600
vt 0.12492100 0.46012400
vt 0.13142500 0.46441600
vt 0.12431200 0.46974600
vt 0.14058800 0.46400200
vt 0.15232300 0.45863600
vt 0.13126000 0.47130500
vt 0.14784100 0.47443700
vt 0.14019100 0.47362100
vt 0.14243800 0.48055800
vt 0.16427300 0.46029400
vt 0.15863300 0.46532500
vt 0.17330800 0.45678600
vt 0.16721600 0.46947200
vt 0.16664900 0.47900600
vt 0.15720900 0.47868400
vt 0.15592200 0.48448200
vt 0.16899200 0.48510400
vt 0.14559500 0.48926200
vt 0.16550300 0.49237500
vt 0.15968900 0.49764500
vt 0.11696400 0.46718600
vt 0.11850800 0.47601200
vt 0.12373300 0.47636500
vt 0.11296800 0.47671300
vt 0.12854500 0.48036100
vt 0.12055300 0.48314600
vt 0.12203100 0.48930900
vt 0.12921200 0.49046500
vt 0.12266200 0.49983600
vt 0.11786900 0.49624000
vt 0.11439400 0.50360000
vt 0.11019500 0.51147700
vt 0.10202000 0.50988000
vt 0.13574300 0.48739400
vt 0.13731600 0.49592500
vt 0.12919500 0.50322700
vt 0.14300600 0.49723800
vt 0.11708500 0.51025500
vt 0.12604000 0.51184200
vt 0.10211300 0.51450700
vt 0.11921200 0.52026900
vt 0.12659000 0.52141700
vt 0.13041600 0.53259900
vt 0.11302700 0.52757600
vt 0.17525400 0.46922700
vt 0.16151500 0.51039500
vt 0.12149800 0.53612900
vt 0.38186300 0.82896900
vt 0.37865800 0.82712600
vt 0.38099300 0.83551600
vt 0.38729300 0.83695700
vt 0.38044900 0.83062500
vt 0.37513300 0.83014800
vt 0.38770000 0.84016400
vt 0.37840900 0.83696700
vt 0.37862200 0.84033000
vt 0.38183400 0.84771800
vt 0.37059700 0.83564800
vt 0.36654500 0.83743600
vt 0.36576500 0.83989100
vt 0.37216700 0.85021300
vt 0.35641500 0.84593500
vt 0.35903500 0.83794800
vt 0.47848900 0.24962100
vt 0.47735500 0.24177000
vt 0.47138900 0.23958400
vt 0.38430000 0.85539800
vt 0.37659900 0.85838700
vt 0.48467700 0.24099800
vt 0.37676900 0.86750200
vt 0.15565400 0.17700100
vt 0.15243800 0.17240100
vt 0.16239300 0.17325300
vt 0.15687800 0.16442000
vt 0.36716300 0.86110400
vt 0.36228300 0.85365000
vt 0.16366800 0.16184500
vt 0.16919100 0.16797300
vt 0.17563600 0.17858200
vt 0.18208500 0.17808100
vt 0.36828200 0.87124000
vt 0.48254200 0.23136900
vt 0.36365300 0.86558800
vt 0.47613700 0.23197500
vt 0.47358300 0.22633500
vt 0.47986400 0.21923600
vt 0.17261600 0.17579000
vt 0.17427100 0.16759900
vt 0.17997100 0.17087600
vt 0.34905300 0.85041700
vt 0.35431700 0.85800100
vt 0.34018300 0.84095000
vt 0.35097600 0.86338900
vt 0.34375600 0.85536800
vt 0.33605100 0.84742900
vt 0.33321100 0.85478400
vt 0.32816600 0.85012700
vt 0.48458600 0.22035500
vt 0.35797800 0.87001000
vt 0.48751400 0.20884600
vt 0.34618000 0.86683100
vt 0.17265300 0.15927800
vt 0.18046400 0.15468200
vt 0.18121000 0.16366300
vt 0.17354100 0.15398000
vt 0.18462800 0.16506900
vt 0.18700400 0.15254900
vt 0.34050000 0.85936400
vt 0.33173600 0.85969900
vt 0.33667600 0.86656000
vt 0.48669900 0.20005100
vt 0.46709900 0.23470800
vt 0.46130500 0.24278200
vt 0.45935300 0.23555100
vt 0.46400300 0.22386600
vt 0.46986200 0.22210800
vt 0.45371500 0.23953200
vt 0.44389600 0.23727800
vt 0.45459300 0.23085100
vt 0.44817300 0.23074200
vt 0.45867000 0.22495800
vt 0.45236700 0.22190400
vt 0.18436500 0.18469300
vt 0.18875500 0.17883700
vt 0.18854500 0.18946800
vt 0.19289900 0.17393900
vt 0.47390100 0.21845600
vt 0.47174600 0.21057100
vt 0.46688000 0.21542900
vt 0.18902300 0.16604500
vt 0.47754800 0.20612100
vt 0.46883500 0.20444400
vt 0.47888500 0.19605600
vt 0.19666400 0.15865600
vt 0.18983000 0.15339300
vt 0.19679500 0.15096400
vt 0.19260800 0.14843700
vt 0.47091800 0.19297600
vt 0.45833300 0.21592900
vt 0.46290100 0.21096600
vt 0.45563900 0.20783400
vt 0.46579700 0.19716600
vt 0.45893200 0.20123600
vt 0.45824000 0.19262900
vt 0.46667500 0.18891700
vt 0.32207700 0.85371700
vt 0.32625800 0.86542700
vt 0.48564400 0.19034600
vt 0.31986500 0.85966800
vt 0.31713900 0.86704700
vt 0.48149500 0.18230700
vt 0.47528200 0.18513900
vt 0.47482100 0.17412700
vt 0.46767500 0.17976600
vt 0.45936400 0.18527600
vt 0.46180500 0.17079800
vt 0.46742400 0.17096300
vt 0.36689000 0.78866200
vt 0.38279900 0.81625700
vt 0.37766600 0.82453400
vt 0.37430900 0.82144000
vt 0.37889400 0.81430700
vt 0.36663600 0.81111000
vt 0.36767600 0.82803100
vt 0.36685800 0.82939500
vt 0.36800100 0.82483800
vt 0.36982400 0.81625000
vt 0.36453200 0.81644700
vt 0.36139600 0.81290700
vt 0.36343400 0.80659500
vt 0.14531200 0.15879700
vt 0.36567800 0.83385800
vt 0.15779600 0.15300600
vt 0.15329900 0.14997600
vt 0.14584000 0.14366000
vt 0.01338800 0.41279500
vt 0.11736400 0.11714900
vt 0.35238500 0.79878800
vt 0.14154200 0.12156200
vt 0.12382200 0.09729800
vt 0.00744300 0.43363100
vt 0.35804800 0.82329800
vt 0.36063000 0.82199500
vt 0.35436500 0.82415800
vt 0.35873400 0.82771300
vt 0.35766000 0.83103900
vt 0.34909000 0.82343100
vt 0.35339000 0.82758100
vt 0.35572700 0.81401200
vt 0.35728100 0.80998300
vt 0.34943900 0.81973200
vt 0.34902300 0.80883400
vt 0.34664400 0.82394300
vt 0.34450100 0.81944400
vt 0.34408500 0.81199500
vt 0.34120400 0.81470600
vt 0.34148400 0.81959800
vt 0.33889500 0.81996500
vt 0.34211500 0.82632000
vt 0.33150700 0.80967000
vt 0.33459700 0.81478700
vt 0.36262300 0.83396400
vt 0.35783400 0.83575200
vt 0.35170700 0.83286000
vt 0.34962000 0.83675600
vt 0.15090200 0.13424800
vt 0.15918300 0.14170200
vt 0.34624000 0.83164900
vt 0.33728700 0.83065500
vt 0.33704600 0.82707400
vt 0.32680400 0.83749800
vt 0.34806600 0.80290200
vt 0.35352500 0.77816900
vt 0.33971900 0.79211800
vt 0.33894300 0.80606800
vt 0.34175600 0.80340200
vt 0.33690400 0.79504900
vt 0.33369200 0.80836400
vt 0.33634700 0.79968900
vt 0.33085100 0.79288200
vt 0.15901700 0.13075500
vt 0.15488900 0.10997700
vt 0.16096100 0.11497100
vt 0.14594500 0.09467600
vt 0.34688400 0.76074500
vt 0.02895000 0.46427100
vt 0.33808000 0.73900200
vt 0.32999900 0.74116500
vt 0.33296800 0.74184000
vt 0.32632500 0.75153800
vt 0.01145300 0.46544400
vt 0.12691800 0.06594400
vt 0.33022900 0.75521600
vt 0.33098600 0.77271500
vt 0.32679400 0.76914800
vt 0.32689500 0.75687700
vt 0.32555800 0.74342500
vt 0.02870000 0.48046000
vt 0.01213500 0.48172800
vt 0.13317300 0.05256500
vt 0.34236200 0.78403500
vt 0.33148900 0.78164100
vt 0.13443100 0.07021600
vt 0.33149000 0.81514600
vt 0.33253000 0.82216400
vt 0.32459700 0.81668100
vt 0.32895800 0.82465400
vt 0.32902200 0.82230300
vt 0.32321800 0.82981500
vt 0.32095400 0.81785600
vt 0.32789900 0.81149800
vt 0.32740000 0.80781500
vt 0.32847200 0.80349900
vt 0.32217900 0.80489200
vt 0.32125600 0.81149600
vt 0.32673000 0.79362800
vt 0.32427700 0.79724300
vt 0.32121200 0.79930300
vt 0.32059100 0.79487400
vt 0.31763600 0.79730800
vt 0.31396200 0.80338200
vt 0.31447800 0.79483000
vt 0.30989500 0.79718800
vt 0.16167200 0.10145000
vt 0.16515600 0.10891500
vt 0.16657700 0.09612900
vt 0.31259300 0.80800000
vt 0.31373000 0.82317700
vt 0.30277900 0.81599700
vt 0.30589700 0.79853700
vt 0.29873000 0.80701900
vt 0.29447300 0.81551700
vt 0.28880900 0.80103300
vt 0.31946600 0.77024500
vt 0.32106400 0.77980800
vt 0.31665100 0.77933900
vt 0.32383200 0.77343400
vt 0.31921600 0.78769000
vt 0.31472400 0.78159900
vt 0.31345800 0.78393900
vt 0.31191900 0.77161900
vt 0.31042600 0.77746600
vt 0.31400700 0.76809000
vt 0.31636000 0.77098600
vt 0.30966400 0.77093900
vt 0.30452700 0.77664800
vt 0.32316000 0.75078400
vt 0.31947900 0.74820700
vt 0.32218200 0.74089900
vt 0.31671700 0.75659400
vt 0.31492000 0.75588300
vt 0.31436200 0.75196300
vt 0.31828900 0.74424500
vt 0.31250700 0.75354200
vt 0.31292000 0.74696000
vt 0.31524800 0.74536900
vt 0.32365800 0.76295700
vt 0.31596000 0.76358700
vt 0.31995500 0.75935100
vt 0.31111800 0.75880400
vt 0.30955200 0.76452200
vt 0.30515500 0.76038000
vt 0.30484900 0.76804400
vt 0.30125800 0.76141200
vt 0.30774200 0.75514500
vt 0.30826500 0.75236400
vt 0.31049900 0.74670900
vt 0.30570300 0.74927000
vt 0.30473200 0.75344300
vt 0.30283900 0.74974900
vt 0.30199500 0.75352800
vt 0.29495400 0.74513100
vt 0.29255700 0.75721700
vt 0.32637800 0.78212200
vt 0.32443300 0.78627000
vt 0.32671600 0.77769200
vt 0.31638600 0.79066900
vt 0.31255000 0.78671600
vt 0.30894500 0.79356400
vt 0.30250700 0.78882100
vt 0.30557300 0.78574000
vt 0.30062400 0.78046400
vt 0.30023700 0.77388800
vt 0.15007800 0.07873500
vt 0.15858800 0.09506200
vt 0.15878900 0.08337300
vt 0.29544200 0.79765400
vt 0.16948600 0.08197200
vt 0.17197000 0.09057100
vt 0.15522900 0.07172900
vt 0.16365000 0.07532600
vt 0.16903600 0.07237800
vt 0.14369600 0.06267300
vt 0.14982000 0.06944700
vt 0.14396200 0.05122700
vt 0.13739100 0.04563300
vt 0.01269200 0.49031900
vt 0.15197700 0.05900000
vt 0.14661100 0.04537100
vt 0.30107200 0.76666300
vt 0.15813200 0.06696900
vt 0.15440900 0.05068900
vt 0.16052900 0.05753700
vt 0.16699800 0.06321400
vt 0.15894100 0.04517800
vt 0.16650900 0.05188700
vt 0.29209400 0.78047600
vt 0.29320100 0.79178700
vt 0.28445000 0.79140700
vt 0.28256600 0.78008900
vt 0.27942400 0.78462500
vt 0.27828400 0.79444500
vt 0.28924300 0.77290000
vt 0.28357300 0.76659300
vt 0.28508400 0.75173700
vt 0.17467100 0.06306700
vt 0.27669600 0.76610400
vt 0.27875200 0.75826800
vt 0.17178000 0.05395000
vt 0.17309100 0.04338500
vt 0.17733100 0.04820200
vt 0.27705500 0.77682700
vt 0.27185100 0.78201700
vt 0.27008100 0.76866800
vt 0.27245700 0.75952300
vt 0.26589800 0.75644400
vt 0.16351000 0.15196100
vt 0.16686500 0.14010300
vt 0.16820600 0.14740700
vt 0.17117800 0.13722400
vt 0.16553200 0.13083400
vt 0.17354100 0.12690000
vt 0.17659700 0.14737100
vt 0.17806700 0.13765600
vt 0.18341100 0.14550100
vt 0.18501000 0.13846000
vt 0.18818700 0.14295700
vt 0.19701200 0.14145800
vt 0.20166700 0.14725000
vt 0.20415200 0.15245100
vt 0.20948200 0.14713300
vt 0.32490400 0.84371100
vt 0.31429400 0.83790500
vt 0.31679500 0.84496400
vt 0.16850200 0.11863600
vt 0.31374700 0.83119600
vt 0.30620400 0.82874500
vt 0.30683400 0.83788300
vt 0.18270200 0.13408900
vt 0.17856600 0.12555500
vt 0.19049600 0.13256900
vt 0.18645400 0.12927400
vt 0.18291400 0.12238500
vt 0.31046400 0.84778100
vt 0.31233600 0.85482100
vt 0.30147900 0.85002400
vt 0.29723000 0.83980100
vt 0.18884900 0.11944500
vt 0.18371200 0.11372100
vt 0.19178400 0.12710100
vt 0.17133000 0.10779900
vt 0.17532300 0.11336400
vt 0.17445300 0.10037400
vt 0.18279700 0.10400200
vt 0.17953200 0.09714700
vt 0.18870100 0.10563900
vt 0.19289500 0.11141800
vt 0.30008500 0.83427100
vt 0.29071800 0.84395500
vt 0.29291600 0.82282700
vt 0.28566200 0.81092400
vt 0.28368000 0.82198900
vt 0.27605300 0.80544900
vt 0.27697400 0.81530700
vt 0.29136100 0.82929700
vt 0.19706400 0.10347700
vt 0.28310300 0.83246100
vt 0.18629400 0.09687000
vt 0.19509300 0.09835100
vt 0.19066800 0.09418600
vt 0.27587100 0.82163700
vt 0.27472000 0.83058600
vt 0.27004500 0.82320100
vt 0.26619700 0.81854000
vt 0.19174300 0.13850100
vt 0.19510100 0.12988100
vt 0.19738500 0.13386000
vt 0.20290900 0.13961800
vt 0.20234300 0.13087400
vt 0.31126400 0.86091700
vt 0.30362700 0.85694300
vt 0.30834500 0.86502400
vt 0.48000000 0.17318200
vt 0.29845700 0.86090400
vt 0.47928900 0.16264700
vt 0.19671300 0.12304000
vt 0.19337600 0.12050000
vt 0.20319400 0.12142100
vt 0.21185500 0.13804500
vt 0.20755900 0.13444400
vt 0.47377700 0.16219500
vt 0.46543000 0.16280500
vt 0.46938400 0.15667900
vt 0.20993800 0.12734500
vt 0.29410500 0.85335600
vt 0.28881700 0.85086300
vt 0.47660100 0.15272300
vt 0.28867200 0.85810300
vt 0.28309800 0.84624700
vt 0.28387100 0.85372900
vt 0.28092100 0.85891800
vt 0.47138600 0.14541800
vt 0.27817500 0.84091200
vt 0.27788500 0.84681900
vt 0.20240100 0.10045300
vt 0.20079200 0.10766700
vt 0.27638000 0.83807800
vt 0.27225100 0.83304400
vt 0.27520400 0.84194400
vt 0.27322800 0.83712000
vt 0.26946200 0.84105000
vt 0.26905700 0.83715000
vt 0.26943100 0.82747300
vt 0.26577500 0.83187200
vt 0.25965100 0.81484000
vt 0.25243200 0.81914400
vt 0.25301500 0.84592300
vt 0.27771600 0.85334600
vt 0.27615600 0.85098100
vt 0.46968100 0.13728400
vt 0.27475000 0.85751800
vt 0.46545200 0.14070900
vt 0.27566800 0.84689700
vt 0.27400100 0.85006400
vt 0.27349700 0.85346300
vt 0.26857000 0.84685200
vt 0.27482800 0.85425900
vt 0.26961500 0.85278400
vt 0.27195200 0.85551600
vt 0.46939900 0.13439800
vt 0.27296500 0.85761600
vt 0.46677800 0.13345100
vt 0.26699900 0.85647300
vt 0.26931800 0.85845700
vt 0.26072200 0.85446700
vt 0.25305300 0.86179600
vt 0.17755500 0.09078500
vt 0.17797800 0.08256600
vt 0.28205400 0.80419900
vt 0.18345700 0.08931600
vt 0.18292000 0.08020200
vt 0.17465300 0.07582500
vt 0.18095100 0.07298100
vt 0.17805900 0.06854100
vt 0.18728700 0.07592800
vt 0.18884100 0.07009500
vt 0.26854300 0.80635400
vt 0.27063200 0.79500800
vt 0.26948400 0.78895900
vt 0.26281400 0.79492400
vt 0.18845700 0.08522600
vt 0.19566400 0.08729500
vt 0.19143500 0.07872800
vt 0.19742100 0.07966600
vt 0.26972600 0.81121600
vt 0.26257800 0.81137600
vt 0.26025600 0.80816500
vt 0.25790300 0.81106300
vt 0.25567800 0.80049800
vt 0.17962000 0.05857100
vt 0.18365800 0.06527200
vt 0.18740500 0.06023800
vt 0.18441100 0.05150800
vt 0.26483900 0.77947900
vt 0.25739400 0.78579600
vt 0.26002200 0.77416100
vt 0.26346300 0.76771800
vt 0.25823200 0.76619900
vt 0.25910400 0.75899200
vt 0.25013200 0.83840800
vt 0.25393300 0.83197900
vt 0.25552400 0.85133900
vt 0.25634200 0.85402500
vt 0.24756500 0.84579200
vt 0.24328400 0.82623800
vt 0.24158000 0.84199300
vt 0.23515200 0.83212000
vt 0.23381000 0.84497900
vt 0.25466300 0.80738500
vt 0.25154500 0.79603000
vt 0.25432200 0.80223600
vt 0.25191800 0.80405500
vt 0.24996700 0.80180000
vt 0.24897100 0.79901200
vt 0.24705800 0.79975400
vt 0.24436100 0.79646800
vt 0.24970700 0.78880000
vt 0.25426800 0.78090000
vt 0.25296900 0.77144000
vt 0.24823000 0.77910700
vt 0.24279300 0.78672000
vt 0.24652000 0.76621800
vt 0.25271600 0.76126300
vt 0.24231200 0.77560900
vt 0.23753200 0.76699000
vt 0.24748000 0.81540700
vt 0.24778100 0.80811700
vt 0.24376000 0.80836500
vt 0.24408700 0.79911000
vt 0.24509300 0.80140600
vt 0.23970400 0.80189300
vt 0.24018700 0.80561900
vt 0.24050600 0.79808700
vt 0.24078000 0.79545400
vt 0.24394500 0.80515600
vt 0.24189900 0.81405000
vt 0.23816400 0.81175200
vt 0.24295400 0.80317500
vt 0.23517400 0.79874300
vt 0.23532300 0.79700300
vt 0.23638800 0.80098100
vt 0.23181100 0.79354700
vt 0.23346000 0.80185400
vt 0.22826600 0.79973700
vt 0.23174400 0.79754200
vt 0.23510400 0.80540800
vt 0.23411200 0.80992800
vt 0.23045600 0.80697600
vt 0.23995100 0.82301100
vt 0.23562600 0.82306100
vt 0.23166900 0.82244700
vt 0.23477300 0.81269100
vt 0.22139800 0.79993700
vt 0.22504400 0.80008400
vt 0.22248900 0.80140400
vt 0.22800300 0.79822600
vt 0.22923300 0.80200600
vt 0.22702100 0.80467800
vt 0.23192100 0.80842500
vt 0.22380400 0.80283100
vt 0.22541900 0.80939100
vt 0.21886700 0.80108000
vt 0.22406400 0.79867700
vt 0.21702200 0.79967500
vt 0.21729900 0.80051100
vt 0.21849300 0.80795100
vt 0.21546300 0.80446700
vt 0.28049700 0.89260300
vt 0.23045700 0.82856800
vt 0.22581600 0.82087600
vt 0.22709100 0.81419500
vt 0.22994600 0.82010300
vt 0.21850900 0.81127900
vt 0.22198800 0.81441500
vt 0.22060600 0.82322700
vt 0.21819200 0.82069700
vt 0.23235400 0.78873600
vt 0.23217800 0.78239000
vt 0.23538100 0.77295500
vt 0.23040400 0.77388900
vt 0.22210600 0.78856100
vt 0.22763500 0.79290400
vt 0.22289300 0.78092800
vt 0.21843100 0.79054200
vt 0.21466100 0.78528100
vt 0.22149300 0.77011200
vt 0.22975800 0.76633700
vt 0.21210100 0.77083100
vt 0.22792600 0.84257100
vt 0.22827600 0.83667000
vt 0.22325300 0.83129200
vt 0.22376300 0.83593300
vt 0.22534500 0.82494700
vt 0.21649200 0.83115700
vt 0.19442600 0.18291400
vt 0.19838900 0.18645600
vt 0.19896000 0.17839800
vt 0.20701300 0.18022700
vt 0.19393700 0.16877900
vt 0.20112100 0.17274500
vt 0.20692200 0.16943200
vt 0.20021800 0.16608600
vt 0.20376900 0.16187500
vt 0.20886800 0.15665700
vt 0.21203600 0.12004700
vt 0.21891700 0.12582200
vt 0.19900700 0.11452400
vt 0.20471000 0.11497600
vt 0.20821100 0.10812400
vt 0.21407100 0.11058100
vt 0.21886500 0.11711400
vt 0.20900000 0.09703900
vt 0.20264300 0.09169700
vt 0.20820500 0.08881900
vt 0.21304900 0.10036200
vt 0.21954600 0.10345300
vt 0.21417500 0.09253700
vt 0.22168100 0.09607000
vt 0.19516900 0.07075100
vt 0.20218200 0.07190900
vt 0.19252700 0.04943700
vt 0.19333100 0.06377600
vt 0.19419000 0.05778800
vt 0.20052700 0.06188500
vt 0.20106300 0.05384600
vt 0.20134100 0.04842300
vt 0.20107100 0.08541000
vt 0.20476300 0.07899100
vt 0.21337500 0.08346000
vt 0.21228300 0.07472700
vt 0.21985000 0.08641600
vt 0.21838900 0.06783800
vt 0.22426900 0.07478400
vt 0.20850700 0.06515100
vt 0.20607200 0.05830000
vt 0.20979000 0.05463400
vt 0.20729600 0.04437900
vt 0.21601300 0.05135200
vt 0.21944700 0.06088800
vt 0.22972600 0.06399300
vt 0.22981400 0.05285100
vt 0.22591400 0.04781600
vt 0.28330800 0.88923600
vt 0.28295800 0.88746700
vt 0.52490400 0.00734000
vt 0.21450100 0.80400100
vt 0.21715400 0.80213100
vt 0.28435400 0.88989800
vt 0.22777900 0.79713100
vt 0.22262200 0.79689200
vt 0.21904700 0.80225100
vt 0.21503700 0.80130300
vt 0.20981200 0.79902300
vt 0.35403200 0.70516100
vt 0.36123700 0.70946200
vt 0.35362800 0.71335500
vt 0.34693000 0.70955000
vt 0.35469500 0.71559600
vt 0.34203800 0.71069400
vt 0.34640800 0.70608100
vt 0.35505300 0.70010700
vt 0.34091700 0.70902800
vt 0.34768600 0.72045300
vt 0.34479900 0.71831000
vt 0.33767800 0.71747000
vt 0.35335700 0.69909900
vt 0.35549700 0.69242600
vt 0.35282000 0.68936100
vt 0.35142600 0.69567300
vt 0.34868800 0.69641400
vt 0.34938700 0.69353400
vt 0.34777400 0.69045900
vt 0.34553500 0.68303200
vt 0.34576600 0.70232500
vt 0.34599500 0.70478200
vt 0.34401900 0.69350100
vt 0.34310600 0.69763300
vt 0.34152900 0.70268100
vt 0.34213100 0.70437400
vt 0.33639000 0.70570500
vt 0.34135200 0.69464400
vt 0.33820800 0.70153100
vt 0.33687500 0.69829300
vt 0.33686400 0.68750100
vt 0.34002700 0.67686100
vt 0.33002300 0.68231800
vt 0.32706200 0.69728000
vt 0.33483300 0.71537500
vt 0.33573700 0.71168600
vt 0.33009200 0.72319500
vt 0.33428000 0.72779400
vt 0.33254700 0.72367400
vt 0.32862800 0.72010000
vt 0.32854000 0.72334700
vt 0.33375700 0.70838300
vt 0.32778700 0.71434900
vt 0.32719600 0.73067800
vt 0.33439700 0.70128100
vt 0.33144100 0.70717600
vt 0.33120600 0.70340800
vt 0.33981800 0.67047600
vt 0.33542400 0.66580700
vt 0.33240200 0.67553400
vt 0.33652500 0.65785200
vt 0.05842900 0.47087200
vt 0.04681000 0.46580100
vt 0.34581200 0.72696300
vt 0.04607000 0.47888000
vt 0.05347300 0.48201400
vt 0.06158200 0.48245500
vt 0.06843800 0.48454100
vt 0.07095200 0.49170300
vt 0.06345500 0.48676100
vt 0.05534000 0.49198200
vt 0.06164900 0.49121500
vt 0.06188800 0.49725100
vt 0.07129300 0.49713900
vt 0.34132100 0.72541500
vt 0.33590600 0.73530900
vt 0.33483800 0.73264300
vt 0.04020100 0.48604900
vt 0.32946800 0.73474900
vt 0.32226700 0.73523200
vt 0.32403100 0.72908000
vt 0.31977900 0.72100500
vt 0.32519500 0.71310700
vt 0.32117800 0.72891500
vt 0.32117100 0.72175900
vt 0.31823500 0.72958400
vt 0.32169400 0.71331900
vt 0.31633800 0.72102800
vt 0.02650900 0.48694300
vt 0.04723200 0.49344800
vt 0.03549400 0.49301300
vt 0.02459800 0.49562000
vt 0.03871200 0.50067200
vt 0.02841300 0.50247400
vt 0.32704600 0.70799600
vt 0.31948000 0.70563000
vt 0.32532000 0.69079600
vt 0.31841800 0.69441800
vt 0.06497800 0.50337500
vt 0.31398600 0.70855200
vt 0.31142300 0.70039500
vt 0.31248700 0.69283800
vt 0.30628800 0.70964400
vt 0.30363300 0.70210400
vt 0.04863300 0.50111500
vt 0.05778900 0.50531600
vt 0.04848800 0.51083200
vt 0.06292000 0.51114500
vt 0.05526100 0.51283400
vt 0.03962500 0.50731700
vt 0.03940500 0.51481600
vt 0.04868100 0.51720000
vt 0.05637400 0.51939400
vt 0.04365500 0.52513200
vt 0.05349000 0.52628300
vt 0.08014400 0.48934100
vt 0.08332100 0.49527000
vt 0.08817600 0.49656800
vt 0.07723800 0.49794500
vt 0.08392700 0.50187900
vt 0.33020600 0.65435200
vt 0.32817400 0.66140000
vt 0.32630400 0.67635600
vt 0.07056600 0.50702000
vt 0.32425400 0.66887300
vt 0.32265500 0.65852300
vt 0.32012400 0.66259100
vt 0.31779600 0.67617600
vt 0.09211700 0.50512900
vt 0.08214700 0.50850700
vt 0.07880900 0.50379200
vt 0.32003200 0.64717300
vt 0.32330800 0.65270500
vt 0.31788100 0.65978100
vt 0.31270000 0.65321800
vt 0.31274500 0.64198800
vt 0.31305300 0.64694000
vt 0.31013400 0.66015100
vt 0.31182000 0.66793300
vt 0.30524000 0.64902400
vt 0.30376300 0.65946000
vt 0.29713600 0.65565700
vt 0.31905300 0.68496200
vt 0.31138800 0.68489400
vt 0.31251800 0.67186600
vt 0.30722900 0.67981200
vt 0.30329300 0.69167300
vt 0.06862000 0.51488500
vt 0.06435800 0.52107000
vt 0.30401800 0.67575000
vt 0.30764000 0.66663200
vt 0.29853800 0.68279900
vt 0.30139300 0.67299900
vt 0.29776200 0.69112900
vt 0.29468800 0.67168500
vt 0.29100200 0.68121100
vt 0.29337700 0.68832700
vt 0.30067600 0.66547700
vt 0.29675400 0.66203300
vt 0.30260600 0.64116100
vt 0.29336400 0.64195700
vt 0.29730200 0.64907700
vt 0.29035100 0.65103400
vt 0.28231900 0.64540000
vt 0.27919400 0.63336300
vt 0.06324500 0.52876100
vt 0.07146100 0.52063400
vt 0.06079900 0.53469800
vt 0.06953700 0.53258600
vt 0.29041000 0.66034500
vt 0.29041700 0.66803200
vt 0.28411000 0.66406700
vt 0.28523900 0.67725900
vt 0.28457300 0.67046100
vt 0.28130300 0.65653200
vt 0.26942200 0.64590500
vt 0.27044200 0.65511100
vt 0.27663500 0.66166800
vt 0.27688500 0.67183000
vt 0.27904800 0.67834400
vt 0.26987200 0.66983400
vt 0.26521500 0.66397200
vt 0.31966000 0.73616900
vt 0.31827600 0.74000000
vt 0.31346700 0.73734200
vt 0.31306000 0.73495300
vt 0.31570800 0.72897800
vt 0.31425400 0.74369900
vt 0.31188100 0.74311400
vt 0.31268200 0.72832800
vt 0.30720300 0.72060300
vt 0.30858800 0.74429100
vt 0.30842700 0.74149400
vt 0.30888000 0.73487000
vt 0.13930000 0.03645200
vt 0.01752400 0.49991200
vt 0.30094200 0.72861100
vt 0.30507200 0.74611100
vt 0.29798200 0.73676500
vt 0.29126600 0.73235500
vt 0.29361900 0.72530000
vt 0.30172200 0.72060900
vt 0.29734200 0.71502300
vt 0.02818800 0.51146700
vt 0.29680300 0.70920000
vt 0.03919300 0.52093300
vt 0.29692400 0.69920800
vt 0.29093000 0.70618500
vt 0.28716400 0.72117700
vt 0.28876800 0.71456200
vt 0.14499700 0.03704800
vt 0.01994100 0.51045400
vt 0.14459700 0.02933800
vt 0.02293700 0.51753300
vt 0.14769100 0.02400200
vt 0.15102600 0.04199300
vt 0.15209000 0.03536300
vt 0.15883300 0.03815600
vt 0.15696300 0.03091700
vt 0.15483500 0.02322900
vt 0.16398700 0.02222800
vt 0.16461000 0.03987500
vt 0.16362300 0.02929100
vt 0.03045100 0.51947000
vt 0.15043500 0.01640500
vt 0.02961900 0.52740300
vt 0.03498000 0.52894000
vt 0.04487600 0.53282600
vt 0.05380100 0.53073200
vt 0.03943400 0.53604000
vt 0.28551400 0.72943600
vt 0.03055200 0.54022100
vt 0.15930200 0.01443500
vt 0.28166700 0.71722600
vt 0.28053200 0.72672400
vt 0.28336500 0.70719300
vt 0.27683600 0.71189500
vt 0.17300000 0.02378300
vt 0.03442200 0.55138000
vt 0.16775400 0.01078000
vt 0.03845400 0.54536400
vt 0.04395500 0.54923800
vt 0.04704800 0.54356600
vt 0.04129400 0.55590100
vt 0.28688200 0.73959400
vt 0.28082700 0.74705100
vt 0.28280000 0.73466200
vt 0.27742700 0.73978100
vt 0.27550700 0.73396700
vt 0.16818200 0.03578700
vt 0.17730700 0.03537200
vt 0.27350300 0.75120400
vt 0.26886900 0.74410500
vt 0.27009300 0.73774800
vt 0.17125900 0.03022100
vt 0.26218200 0.75218700
vt 0.26410600 0.73779000
vt 0.26161800 0.74033300
vt 0.26449300 0.74375900
vt 0.27752500 0.72113000
vt 0.27018400 0.71961700
vt 0.27228900 0.72853100
vt 0.26865300 0.72911200
vt 0.26715600 0.71562200
vt 0.26158400 0.72314700
vt 0.26227200 0.73001400
vt 0.28919800 0.69387800
vt 0.28944400 0.70095700
vt 0.05343800 0.53719300
vt 0.28666300 0.68981100
vt 0.28469200 0.68470000
vt 0.28420300 0.69882100
vt 0.27915200 0.69480200
vt 0.27498800 0.68961600
vt 0.27753700 0.70380400
vt 0.27159800 0.70550100
vt 0.27268900 0.68520400
vt 0.27078000 0.69685100
vt 0.26583300 0.70229500
vt 0.26581400 0.69107400
vt 0.26519900 0.68437800
vt 0.26188900 0.69729500
vt 0.27086700 0.67827600
vt 0.26495900 0.70905800
vt 0.25913800 0.71564800
vt 0.27192800 0.63874300
vt 0.25113100 0.64921400
vt 0.10771500 0.56434200
vt 0.09345500 0.56580400
vt 0.09600200 0.55802200
vt 0.25624300 0.66632000
vt 0.14869800 0.57228800
vt 0.14282000 0.57762200
vt 0.13973700 0.56380300
vt 0.23562400 0.66458000
vt 0.23665600 0.65333200
vt 0.21804200 0.64826900
vt 0.03835600 0.56513600
vt 0.17933300 0.00870800
vt 0.18069000 0.04115100
vt 0.25356400 0.75199200
vt 0.25780700 0.74440500
vt 0.25073900 0.74429200
vt 0.24784500 0.75630900
vt 0.24395700 0.75069100
vt 0.24568700 0.74297600
vt 0.23715600 0.74671000
vt 0.25492400 0.72351800
vt 0.25264800 0.71601400
vt 0.25701400 0.73592500
vt 0.25466900 0.73095500
vt 0.24908200 0.73722200
vt 0.24847900 0.72863400
vt 0.23581700 0.71654000
vt 0.24588800 0.72020900
vt 0.23928000 0.72399000
vt 0.24155100 0.73629000
vt 0.23023400 0.75036400
vt 0.23331300 0.73988800
vt 0.22176500 0.74155500
vt 0.21338900 0.74767100
vt 0.23317100 0.73129900
vt 0.22475600 0.73358200
vt 0.22368400 0.71932800
vt 0.20621800 0.73102400
vt 0.20580300 0.72065000
vt 0.20192900 0.70987000
vt 0.25961100 0.70659800
vt 0.25472500 0.69120300
vt 0.25357500 0.68498900
vt 0.25361700 0.70196800
vt 0.24281900 0.69043600
vt 0.26150600 0.67767100
vt 0.25093100 0.67371400
vt 0.23756400 0.67771600
vt 0.24633500 0.71027000
vt 0.24305900 0.70206700
vt 0.23510400 0.70529600
vt 0.23317300 0.69370300
vt 0.22633900 0.68566000
vt 0.21772000 0.69513400
vt 0.21909200 0.66223400
vt 0.21340400 0.67068200
vt 0.21476100 0.70473500
vt 0.26494300 0.62820600
vt 0.25473300 0.63693100
vt 0.24748400 0.62196100
vt 0.23506800 0.62424200
vt 0.22916500 0.62949300
vt 0.23029500 0.64318800
vt 0.24065500 0.75784900
vt 0.23565500 0.75607900
vt 0.22415300 0.75914200
vt 0.20751500 0.75965700
vt 0.09437000 0.51170300
vt 0.08999000 0.51077400
vt 0.07710400 0.51169200
vt 0.08863300 0.51830100
vt 0.08196100 0.51655100
vt 0.08367200 0.52163500
vt 0.08875600 0.52524000
vt 0.09532200 0.51784000
vt 0.10703200 0.51968400
vt 0.09682000 0.52474200
vt 0.09445900 0.53319100
vt 0.08547100 0.52970400
vt 0.10008100 0.53365000
vt 0.11007300 0.53566100
vt 0.10347200 0.53742900
vt 0.09855800 0.54452100
vt 0.07638000 0.52506600
vt 0.07579800 0.53091900
vt 0.06626800 0.54260100
vt 0.08082300 0.53791100
vt 0.07476900 0.53827600
vt 0.08611300 0.54873700
vt 0.08675700 0.53997600
vt 0.07542000 0.54706100
vt 0.09222900 0.53873700
vt 0.09588000 0.55028200
vt 0.05431300 0.54802700
vt 0.05026400 0.55718700
vt 0.17743600 0.01537600
vt 0.18250500 0.02293000
vt 0.05796800 0.54302100
vt 0.06136700 0.55252500
vt 0.11320300 0.54571700
vt 0.10791900 0.55032500
vt 0.12711000 0.54855200
vt 0.12599700 0.55587400
vt 0.08778900 0.56007400
vt 0.08218900 0.56078300
vt 0.08856000 0.57340100
vt 0.13115900 0.56944900
vt 0.11862100 0.56425600
vt 0.13404200 0.58244000
vt 0.12131700 0.57698600
vt 0.10199400 0.57180500
vt 0.10256000 0.57909900
vt 0.12665600 0.58775100
vt 0.11155600 0.59084500
vt 0.09077400 0.58387700
vt 0.04630900 0.56628100
vt 0.05059300 0.57508600
vt 0.03994900 0.57498900
vt 0.18865100 0.00962800
vt 0.18811300 0.04199900
vt 0.18401100 0.03337200
vt 0.18943900 0.03460700
vt 0.19586900 0.03103300
vt 0.19042000 0.02570100
vt 0.19737900 0.02171700
vt 0.20381200 0.03179800
vt 0.19805500 0.04080600
vt 0.18576300 0.01703300
vt 0.20123000 0.01030800
vt 0.04379600 0.58669000
vt 0.21221600 0.01025300
vt 0.04855000 0.59568300
vt 0.20224400 0.01843100
vt 0.05539900 0.58329100
vt 0.06508700 0.59613900
vt 0.06176000 0.58671100
vt 0.22471600 0.00914900
vt 0.05639800 0.60502600
vt 0.07547700 0.61248600
vt 0.06937200 0.61722000
vt 0.24144700 0.00734000
vt 0.21066000 0.02248200
vt 0.21666400 0.03883700
vt 0.20952000 0.03385800
vt 0.22024800 0.02265500
vt 0.22937900 0.03235000
vt 0.23048100 0.03743100
vt 0.23527900 0.02682500
vt 0.23307700 0.01790200
vt 0.07126900 0.56588800
vt 0.06929200 0.55543400
vt 0.06058300 0.56568900
vt 0.07642400 0.56374600
vt 0.06458300 0.57399300
vt 0.07903700 0.57408400
vt 0.07493800 0.58412600
vt 0.06137700 0.57743000
vt 0.06929300 0.59428400
vt 0.08768100 0.59381200
vt 0.08121600 0.60109000
vt 0.11114200 0.60597200
vt 0.08632300 0.60756700
vt 0.30972800 0.40407700
vt 0.32322900 0.36861500
vt 0.32042900 0.37547600
vt 0.29583900 0.36858300
vt 0.29720600 0.38506900
vt 0.32235700 0.38550000
vt 0.29706500 0.39653700
vt 0.29868900 0.37728200
vt 0.29307400 0.37493300
vt 0.29084000 0.38287300
vt 0.28898400 0.39056700
vt 0.28690000 0.38824900
vt 0.28436000 0.39859600
vt 0.28469800 0.39231300
vt 0.27682500 0.39290900
vt 0.27169700 0.38785700
vt 0.27965800 0.38239700
vt 0.28047900 0.39010300
vt 0.28251600 0.38233000
vt 0.34907000 0.35483900
vt 0.33034400 0.36007800
vt 0.33562400 0.34354800
vt 0.37009600 0.34495800
vt 0.35858600 0.33862900
vt 0.35926100 0.33082100
vt 0.37122300 0.32360400
vt 0.24229700 0.33495400
vt 0.23053000 0.32897400
vt 0.24556700 0.32644200
vt 0.24082300 0.31749800
vt 0.23711400 0.30792500
vt 0.25151200 0.31302400
vt 0.32101100 0.35122000
vt 0.31796400 0.32757100
vt 0.32065300 0.33955000
vt 0.33646700 0.31796200
vt 0.35831900 0.31359200
vt 0.33511500 0.32494500
vt 0.25499300 0.33695000
vt 0.25515600 0.33132700
vt 0.25281100 0.32118900
vt 0.26398500 0.33137600
vt 0.26405200 0.32072300
vt 0.24146500 0.29932200
vt 0.25502800 0.30624000
vt 0.24904400 0.29926000
vt 0.27189800 0.33039200
vt 0.27303200 0.31964900
vt 0.26671400 0.31163000
vt 0.26290500 0.29900800
vt 0.27130100 0.30283300
vt 0.25307800 0.35344400
vt 0.23821000 0.34571500
vt 0.25278800 0.34539600
vt 0.24498200 0.35936900
vt 0.24446700 0.37933300
vt 0.23797900 0.36693100
vt 0.24489300 0.36829100
vt 0.23755600 0.38571600
vt 0.23902000 0.39572100
vt 0.25423300 0.37947000
vt 0.25572800 0.37015900
vt 0.25369000 0.38823600
vt 0.24779700 0.39260500
vt 0.26042200 0.35035100
vt 0.25947100 0.36280300
vt 0.26414300 0.36035900
vt 0.30296200 0.35344700
vt 0.27336100 0.36322000
vt 0.27137800 0.35539700
vt 0.26662400 0.34709400
vt 0.26446300 0.33855600
vt 0.27638700 0.34915300
vt 0.27659300 0.34025200
vt 0.26631700 0.36998000
vt 0.26313300 0.38172400
vt 0.26940300 0.37886200
vt 0.26220500 0.39383500
vt 0.27659900 0.37084400
vt 0.28310400 0.37352700
vt 0.28521800 0.36352600
vt 0.29887200 0.35970400
vt 0.29488700 0.36091500
vt 0.29188800 0.37140300
vt 0.29308500 0.36322900
vt 0.28945400 0.37962500
vt 0.29020200 0.37342200
vt 0.28646600 0.38315300
vt 0.28762400 0.37542800
vt 0.29118700 0.36222600
vt 0.28644300 0.37152900
vt 0.28449800 0.38191700
vt 0.28273500 0.39114400
vt 0.30523500 0.34097500
vt 0.28667700 0.33411800
vt 0.27906400 0.33160200
vt 0.28297000 0.32608000
vt 0.30035800 0.34162200
vt 0.30039200 0.34633800
vt 0.30242000 0.33434600
vt 0.30687600 0.33416000
vt 0.29953300 0.33880900
vt 0.30019500 0.33448200
vt 0.29698500 0.34019300
vt 0.30549800 0.32613000
vt 0.31092500 0.31865900
vt 0.29160800 0.33694100
vt 0.29405900 0.32618000
vt 0.30236400 0.32766200
vt 0.30099400 0.32760400
vt 0.29647700 0.33243600
vt 0.29632400 0.33732000
vt 0.29311000 0.34065600
vt 0.29429100 0.33141000
vt 0.29856300 0.33252700
vt 0.29938900 0.32686300
vt 0.29725500 0.32060500
vt 0.29691700 0.32712300
vt 0.29413400 0.31787800
vt 0.32915200 0.30851900
vt 0.33153900 0.30157000
vt 0.31106600 0.31038700
vt 0.27507600 0.31300900
vt 0.28417100 0.31729200
vt 0.27824900 0.30330100
vt 0.28848300 0.30897700
vt 0.29713600 0.31038500
vt 0.28744600 0.30218900
vt 0.28451500 0.29489900
vt 0.27593100 0.29134500
vt 0.29892200 0.29502300
vt 0.30567400 0.32018600
vt 0.30538700 0.31456100
vt 0.30350500 0.32137700
vt 0.30439000 0.31251300
vt 0.30203400 0.31772500
vt 0.29969600 0.31766800
vt 0.31151200 0.30119900
vt 0.31386200 0.29233100
vt 0.31060300 0.29820200
vt 0.30742200 0.30576100
vt 0.33001300 0.29321300
vt 0.30400100 0.29303200
vt 0.30376900 0.28481700
vt 0.30837900 0.29805600
vt 0.31074500 0.29167200
vt 0.31534800 0.28409000
vt 0.30820000 0.29141500
vt 0.30595300 0.29736000
vt 0.30600200 0.29009900
vt 0.31082500 0.28780400
vt 0.30840300 0.28645600
vt 0.30819600 0.31259400
vt 0.29949600 0.31182800
vt 0.29800100 0.30273000
vt 0.30338100 0.30770800
vt 0.30078900 0.30146200
vt 0.30186800 0.30521500
vt 0.30356900 0.30174600
vt 0.30547400 0.30484100
vt 0.29788500 0.35198600
vt 0.28759500 0.35543400
vt 0.28813600 0.34265200
vt 0.28956400 0.34615800
vt 0.28114800 0.35505300
vt 0.28913700 0.36104400
vt 0.29168900 0.35037200
vt 0.29771800 0.34578800
vt 0.29541800 0.35375200
vt 0.29456800 0.34861000
vt 0.29478400 0.34410200
vt 0.39083700 0.32199600
vt 0.40014700 0.30704000
vt 0.21462700 0.26920700
vt 0.37683200 0.31491000
vt 0.37568200 0.30405600
vt 0.39338200 0.29615800
vt 0.40716900 0.29040100
vt 0.22738300 0.26463300
vt 0.22705000 0.27249700
vt 0.41329600 0.28481300
vt 0.39345400 0.28412900
vt 0.39048300 0.27560700
vt 0.40598000 0.27588400
vt 0.23299700 0.25701000
vt 0.21918500 0.24975400
vt 0.23170200 0.24351800
vt 0.35795600 0.30320600
vt 0.37065200 0.29487400
vt 0.37502300 0.28471800
vt 0.25507100 0.24663300
vt 0.23347300 0.23497100
vt 0.36892600 0.27373400
vt 0.37299300 0.26482400
vt 0.41498700 0.27134900
vt 0.41996500 0.26233600
vt 0.42020200 0.25585300
vt 0.40163500 0.26422100
vt 0.40444400 0.25199600
vt 0.42863800 0.25038600
vt 0.43542000 0.24899500
vt 0.43559000 0.24043300
vt 0.41466800 0.24588100
vt 0.42460000 0.23806900
vt 0.37887900 0.25833800
vt 0.26347300 0.24036700
vt 0.23998600 0.22601700
vt 0.37987100 0.25040500
vt 0.37804800 0.24246700
vt 0.26550100 0.23030900
vt 0.39894200 0.23897900
vt 0.40164100 0.23262400
vt 0.23868700 0.21771800
vt 0.23312200 0.20697800
vt 0.24443700 0.20638400
vt 0.40776800 0.22554300
vt 0.42426300 0.22746600
vt 0.22542300 0.19632900
vt 0.23827400 0.19835000
vt 0.34373400 0.29078200
vt 0.34429100 0.28071700
vt 0.34410200 0.26772900
vt 0.35148100 0.25558500
vt 0.33677500 0.25996400
vt 0.32716400 0.24906400
vt 0.34884700 0.24587900
vt 0.26308000 0.22121200
vt 0.37071400 0.23141900
vt 0.38180000 0.22609100
vt 0.38010100 0.21694700
vt 0.34998500 0.23399500
vt 0.35373400 0.22040100
vt 0.33190600 0.23235600
vt 0.33235700 0.22388200
vt 0.35898000 0.20126300
vt 0.39776500 0.21380800
vt 0.35264500 0.21037400
vt 0.25412200 0.29289600
vt 0.26674300 0.28914500
vt 0.25442100 0.28084700
vt 0.26071800 0.27339600
vt 0.24290800 0.27470400
vt 0.25080000 0.26508200
vt 0.26360800 0.26688000
vt 0.26677500 0.27781600
vt 0.26484500 0.25598900
vt 0.24919500 0.25401300
vt 0.27484000 0.28098300
vt 0.27593100 0.27134900
vt 0.27136200 0.26243000
vt 0.28197200 0.28648000
vt 0.28639700 0.27887400
vt 0.29307300 0.28615700
vt 0.28369200 0.26687200
vt 0.28825600 0.27218400
vt 0.27601900 0.25375200
vt 0.27084700 0.24626000
vt 0.28385100 0.26118100
vt 0.28700600 0.25463300
vt 0.28559400 0.24527800
vt 0.28697200 0.23861700
vt 0.32843400 0.28178400
vt 0.29929600 0.28056300
vt 0.32012400 0.27057800
vt 0.29310700 0.26538600
vt 0.29802600 0.27383200
vt 0.30694100 0.26667400
vt 0.30280100 0.26114400
vt 0.31855900 0.27711400
vt 0.31585900 0.27374000
vt 0.31308400 0.28159100
vt 0.30784900 0.27791800
vt 0.30537600 0.27686700
vt 0.31101300 0.28199600
vt 0.30968000 0.27904800
vt 0.31400500 0.27125800
vt 0.31739600 0.26683100
vt 0.32174400 0.26066900
vt 0.31907400 0.26095800
vt 0.30752100 0.27094200
vt 0.31179400 0.27135400
vt 0.31392200 0.26443300
vt 0.31148600 0.26421600
vt 0.30955600 0.26125500
vt 0.29654200 0.24777200
vt 0.29724000 0.25605000
vt 0.29549600 0.23922900
vt 0.32154400 0.25184400
vt 0.30687300 0.25060200
vt 0.30989100 0.25774000
vt 0.31177300 0.25086100
vt 0.30227700 0.24322000
vt 0.30340400 0.23229300
vt 0.31233300 0.24415100
vt 0.32966400 0.23930200
vt 0.31077900 0.23808200
vt 0.27640900 0.22079000
vt 0.27030600 0.21252300
vt 0.27766500 0.23608000
vt 0.27799800 0.22720700
vt 0.28443100 0.23193900
vt 0.28839700 0.22316700
vt 0.28409400 0.21010300
vt 0.27553300 0.20608600
vt 0.27408600 0.19804900
vt 0.28686800 0.19785200
vt 0.27725500 0.19255400
vt 0.29647600 0.23061500
vt 0.29210000 0.21527000
vt 0.29886300 0.22242000
vt 0.30229100 0.21200300
vt 0.30623900 0.22110200
vt 0.31018400 0.21531900
vt 0.29356700 0.20587200
vt 0.29722900 0.19737600
vt 0.29373300 0.18765100
vt 0.33704900 0.20900300
vt 0.30513400 0.20132300
vt 0.30402100 0.19148500
vt 0.29890400 0.17966800
vt 0.31380200 0.19400200
vt 0.31073400 0.18724700
vt 0.31688600 0.26176300
vt 0.31884500 0.25325700
vt 0.31541700 0.25254500
vt 0.31629200 0.25482100
vt 0.31342800 0.25303400
vt 0.32129700 0.24742300
vt 0.32370500 0.24191700
vt 0.31499600 0.24494400
vt 0.32589800 0.23451300
vt 0.31763000 0.23874400
vt 0.31506400 0.24019400
vt 0.32033700 0.24373100
vt 0.31746700 0.24517700
vt 0.32244400 0.22787600
vt 0.32256000 0.23665200
vt 0.31484700 0.23422300
vt 0.31825900 0.23031300
vt 0.32450100 0.22680500
vt 0.32062000 0.23007100
vt 0.32652700 0.22579100
vt 0.32043700 0.22307600
vt 0.31492100 0.22954200
vt 0.31799500 0.22341600
vt 0.32241800 0.21883000
vt 0.32806200 0.21863900
vt 0.33133400 0.21582300
vt 0.31772400 0.21539000
vt 0.32041000 0.21680800
vt 0.32122900 0.20930500
vt 0.32628000 0.21452400
vt 0.32450400 0.21162800
vt 0.32313300 0.20815600
vt 0.33039700 0.20675500
vt 0.33663500 0.19951100
vt 0.31272700 0.20509400
vt 0.31849500 0.20670900
vt 0.32116800 0.20058400
vt 0.33396200 0.19648200
vt 0.34068200 0.19112300
vt 0.32185700 0.18556000
vt 0.32229600 0.19367800
vt 0.32743800 0.20715800
vt 0.32592400 0.20898100
vt 0.32628500 0.19921300
vt 0.32446500 0.19816600
vt 0.32768800 0.19952500
vt 0.32855200 0.20218700
vt 0.33042800 0.19582500
vt 0.33011900 0.19039100
vt 0.33440600 0.18991600
vt 0.33292900 0.18490500
vt 0.32554100 0.18595500
vt 0.32688300 0.18793500
vt 0.32993700 0.18215000
vt 0.21769900 0.25757000
vt 0.20902800 0.24785600
vt 0.21137600 0.24053400
vt 0.21888500 0.23521700
vt 0.21166600 0.22022400
vt 0.22263300 0.22326000
vt 0.22499500 0.21247600
vt 0.21607700 0.21004300
vt 0.21551400 0.20452200
vt 0.20933400 0.19184700
vt 0.22325900 0.20407200
vt 0.23059200 0.19444500
vt 0.25743300 0.21379400
vt 0.26177300 0.20526000
vt 0.25717000 0.19947900
vt 0.24233400 0.18948900
vt 0.24422600 0.28552000
vt 0.25700700 0.18781900
vt 0.29110400 0.42616200
vt 0.28807700 0.41855700
vt 0.28420500 0.42991100
vt 0.28398000 0.44068900
vt 0.29334900 0.40688200
vt 0.29019900 0.41223800
vt 0.28661600 0.39923500
vt 0.28429500 0.40540100
vt 0.28306000 0.41085300
vt 0.27948200 0.42233900
vt 0.28021500 0.41717700
vt 0.27817700 0.39746500
vt 0.27321200 0.40568500
vt 0.28028500 0.40467400
vt 0.27987200 0.39959700
vt 0.27553600 0.40704600
vt 0.28071200 0.41072900
vt 0.27826600 0.41797400
vt 0.27631800 0.41124100
vt 0.27595300 0.41703900
vt 0.27360100 0.41555400
vt 0.27163900 0.41951100
vt 0.26844100 0.41425300
vt 0.27627100 0.42679800
vt 0.27760600 0.43129300
vt 0.27090800 0.42766000
vt 0.26914600 0.42391300
vt 0.27387100 0.42231300
vt 0.27430000 0.42863700
vt 0.27251100 0.42925400
vt 0.27442800 0.44272800
vt 0.27489400 0.43959700
vt 0.27318400 0.43686100
vt 0.27046200 0.43784300
vt 0.23691000 0.40350400
vt 0.23713100 0.41303400
vt 0.24798100 0.40428700
vt 0.24472800 0.41357300
vt 0.25896500 0.40190200
vt 0.25238300 0.41069100
vt 0.24003900 0.42480400
vt 0.24415500 0.42253600
vt 0.23437400 0.44546200
vt 0.23893500 0.44061600
vt 0.24684700 0.43030200
vt 0.24350400 0.43696600
vt 0.25282600 0.42184100
vt 0.26050300 0.41287500
vt 0.26166100 0.42066100
vt 0.25633500 0.42674800
vt 0.25760400 0.43119600
vt 0.25253400 0.44006000
vt 0.24900600 0.44637000
vt 0.26735300 0.40332200
vt 0.26562400 0.43664100
vt 0.26158200 0.44704200
vt 0.26786600 0.43782600
vt 0.24548200 0.45021800
vt 0.23883800 0.45336900
vt 0.27276900 0.47557800
vt 0.27343000 0.46759500
vt 0.27715100 0.45840000
vt 0.27129400 0.45295300
vt 0.26782300 0.46148600
vt 0.26508300 0.46874300
vt 0.24612400 0.46083400
vt 0.25814600 0.45726000
vt 0.25507700 0.46533100
vt 0.26754300 0.48230900
vt 0.26320400 0.47638200
vt 0.26117900 0.47280800
vt 0.25019400 0.47642500
vt 0.24203200 0.47094800
vt 0.25304900 0.47625000
vt 0.25996100 0.48109200
vt 0.25855900 0.47721600
vt 0.25853000 0.48733000
vt 0.25656800 0.48511600
vt 0.23013800 0.46011100
vt 0.23605400 0.46286800
vt 0.23445100 0.47135900
vt 0.26726400 0.49021000
vt 0.23512600 0.47845000
vt 0.22793000 0.47933200
vt 0.22870700 0.48636800
vt 0.24029700 0.48281000
vt 0.25623100 0.49230600
vt 0.25437800 0.49880700
vt 0.25254400 0.49472800
vt 0.25448900 0.48663700
vt 0.24643300 0.48927700
vt 0.24131600 0.48665500
vt 0.24872800 0.48478100
vt 0.23240000 0.49281500
vt 0.24124800 0.49797400
vt 0.24481700 0.49911800
vt 0.23293400 0.50308700
vt 0.27031200 0.44751000
vt 0.26886300 0.44630000
vt 0.26828400 0.45156900
vt 0.26601900 0.45151300
vt 0.26450200 0.44661600
vt 0.26399900 0.45395500
vt 0.26236300 0.45191000
vt 0.26735700 0.44500000
vt 0.26782600 0.45570300
vt 0.26347800 0.46286700
vt 0.26214100 0.46169200
vt 0.26043200 0.45986900
vt 0.26407100 0.46434700
vt 0.25701500 0.46846600
vt 0.25820900 0.47172700
vt 0.25473800 0.47639400
vt 0.25479300 0.48139600
vt 0.25148900 0.48462300
vt 0.25119600 0.48996500
vt 0.24809100 0.49265300
vt 0.24905700 0.49923200
vt 0.24667600 0.50017200
vt 0.24998700 0.50213600
vt 0.25296700 0.51323100
vt 0.25070000 0.50516100
vt 0.24682100 0.50701400
vt 0.23909400 0.50618600
vt 0.24783000 0.50941400
vt 0.24311700 0.50910900
vt 0.24085000 0.50903200
vt 0.24244400 0.51412200
vt 0.22364300 0.49158900
vt 0.22622700 0.50093900
vt 0.22304800 0.51005200
vt 0.21442900 0.51896000
vt 0.21921800 0.51789400
vt 0.24707600 0.52391800
vt 0.24557000 0.51598500
vt 0.23514900 0.51485100
vt 0.24319400 0.51658900
vt 0.23249500 0.52002000
vt 0.22801100 0.51890400
vt 0.24118100 0.52471100
vt 0.23942400 0.52186700
vt 0.22472400 0.52731400
vt 0.24514300 0.53511700
vt 0.23779100 0.52922300
vt 0.23542100 0.53557800
vt 0.23943800 0.54047000
vt 0.23389800 0.53452700
vt 0.20541900 0.52467700
vt 0.21299800 0.52870300
vt 0.19900500 0.53436400
vt 0.20794500 0.53329100
vt 0.23635400 0.54910800
vt 0.23063700 0.54345800
vt 0.22107400 0.53794100
vt 0.20496400 0.54332300
vt 0.21222600 0.54061800
vt 0.23158200 0.55871500
vt 0.22748100 0.54875300
vt 0.22399400 0.55545800
vt 0.23857100 0.51971700
vt 0.23783700 0.51644500
vt 0.23275800 0.52901000
vt 0.23309100 0.52437200
vt 0.23441900 0.53040400
vt 0.22804500 0.52985300
vt 0.22678500 0.54421000
vt 0.22791300 0.53368300
vt 0.22655500 0.54096200
vt 0.22360000 0.53974500
vt 0.22253800 0.54338200
vt 0.21905500 0.54443700
vt 0.21310500 0.55207500
vt 0.21662300 0.55284700
vt 0.21956500 0.55213700
vt 0.22350600 0.55132600
vt 0.21885500 0.55858500
vt 0.21515200 0.56082000
vt 0.19311200 0.54233100
vt 0.18544200 0.54756700
vt 0.18095200 0.55623300
vt 0.23620400 0.57764000
vt 0.23420700 0.58692900
vt 0.18919200 0.55217300
vt 0.19980500 0.55281600
vt 0.19126900 0.56074100
vt 0.20012700 0.56462700
vt 0.22378600 0.56713800
vt 0.21888300 0.58016800
vt 0.17604000 0.56084600
vt 0.16977800 0.56962600
vt 0.16087200 0.56750600
vt 0.15724000 0.57520700
vt 0.21261500 0.59760000
vt 0.22112200 0.61141800
vt 0.17907900 0.57068100
vt 0.18603100 0.56434600
vt 0.16753100 0.58184700
vt 0.17588200 0.57845400
vt 0.18654700 0.57194600
vt 0.21307800 0.58890700
vt 0.20738000 0.56126000
vt 0.19629300 0.57422000
vt 0.20500600 0.56800700
vt 0.21815500 0.56209600
vt 0.21524100 0.56832000
vt 0.21331500 0.56014200
vt 0.21013600 0.56218800
vt 0.21332700 0.56696800
vt 0.20720400 0.57093500
vt 0.21070200 0.56705100
vt 0.21047000 0.57522200
vt 0.20529900 0.57083700
vt 0.20817200 0.57289600
vt 0.20694400 0.57706000
vt 0.19971400 0.57677500
vt 0.20125600 0.57823000
vt 0.18795400 0.58163800
vt 0.17686800 0.58571400
vt 0.18638900 0.59304600
vt 0.19343000 0.58455200
vt 0.19228400 0.59032100
vt 0.19644300 0.58450200
vt 0.17104900 0.59138800
vt 0.18588500 0.59912700
vt 0.19039800 0.59569700
vt 0.20571400 0.58183100
vt 0.20016500 0.59140700
vt 0.20129100 0.58143700
vt 0.20021700 0.58534300
vt 0.19670500 0.58731100
vt 0.20154000 0.58645600
vt 0.19704800 0.59111400
vt 0.19473600 0.59609400
vt 0.19402600 0.60078100
vt 0.19475900 0.59129500
vt 0.19090000 0.59980200
vt 0.19097000 0.59716100
vt 0.43803300 0.22949500
vt 0.44584100 0.22211600
vt 0.43672200 0.22128600
vt 0.45101400 0.21495600
vt 0.44341600 0.21254300
vt 0.42160700 0.21836000
vt 0.43302600 0.21257100
vt 0.44765300 0.20749600
vt 0.45177100 0.19908500
vt 0.44425000 0.19599800
vt 0.45157100 0.18964400
vt 0.44382300 0.18451000
vt 0.44025200 0.20434700
vt 0.43003900 0.20108800
vt 0.42859100 0.18391100
vt 0.40600000 0.20975600
vt 0.42319000 0.20988200
vt 0.41124600 0.20360600
vt 0.42616000 0.19128900
vt 0.41265400 0.19395100
vt 0.41034800 0.18272600
vt 0.45275400 0.18097400
vt 0.45303300 0.16887900
vt 0.44740300 0.17595200
vt 0.43752100 0.17401200
vt 0.41996400 0.17416200
vt 0.38662600 0.19924400
vt 0.38384400 0.18785500
vt 0.45637600 0.16305300
vt 0.45685900 0.15291400
vt 0.44946000 0.15736600
vt 0.43983400 0.16430300
vt 0.44047000 0.14870500
vt 0.46346500 0.15198400
vt 0.45476700 0.13911300
vt 0.43343600 0.14087400
vt 0.46275700 0.13576700
vt 0.45796100 0.13364900
vt 0.27173800 0.85897100
vt 0.46895400 0.13209100
vt 0.46732000 0.13185000
vt 0.46813200 0.12968100
vt 0.27096100 0.86129600
vt 0.46562500 0.12961000
vt 0.46177200 0.12876100
vt 0.46322100 0.12791800
vt 0.46592300 0.12682900
vt 0.27144400 0.86484500
vt 0.46484700 0.12655000
vt 0.26017100 0.86073800
vt 0.26332200 0.86222300
vt 0.26884500 0.86373700
vt 0.27076000 0.86776500
vt 0.26445200 0.86842600
vt 0.25979600 0.86581200
vt 0.46224400 0.12131000
vt 0.51366700 0.02503900
vt 0.46410500 0.12188900
vt 0.27259100 0.86988000
vt 0.51522200 0.02620700
vt 0.27357700 0.87666300
vt 0.51628900 0.02358700
vt 0.27312800 0.87245300
vt 0.51766900 0.01923300
vt 0.27502700 0.87644500
vt 0.51612700 0.01848200
vt 0.51872000 0.01386600
vt 0.20831700 0.81052700
vt 0.51458100 0.02457900
vt 0.51076900 0.02410700
vt 0.45919000 0.12096000
vt 0.26776600 0.87069600
vt 0.27129400 0.87149200
vt 0.43778500 0.13332700
vt 0.42337300 0.16261700
vt 0.43162400 0.15792900
vt 0.43579400 0.15527500
vt 0.41648000 0.14728400
vt 0.26755700 0.12603800
vt 0.24904300 0.13262200
vt 0.25169000 0.12093500
vt 0.25996800 0.11583600
vt 0.41797600 0.13024700
vt 0.40593600 0.13545300
vt 0.44282300 0.12420600
vt 0.42541100 0.12506600
vt 0.41629000 0.11146000
vt 0.16085800 0.80578200
vt 0.42550700 0.11995400
vt 0.40787000 0.12104000
vt 0.51965900 0.01500800
vt 0.27718000 0.88052500
vt 0.19400800 0.78169100
vt 0.21117700 0.78887300
vt 0.19324400 0.79139700
vt 0.19447300 0.76723400
vt 0.20801500 0.77882600
vt 0.19668400 0.77735700
vt 0.18540700 0.77203500
vt 0.15883400 0.79569800
vt 0.17632400 0.80084700
vt 0.15890100 0.78965800
vt 0.17449600 0.79070400
vt 0.16078800 0.78177600
vt 0.18001400 0.76228900
vt 0.16791700 0.76414700
vt 0.26840600 0.06965900
vt 0.28144600 0.07273800
vt 0.26972100 0.08077900
vt 0.26363400 0.17824600
vt 0.26601400 0.16753300
vt 0.27764100 0.17269800
vt 0.28440700 0.18358600
vt 0.27337400 0.18434000
vt 0.28760800 0.17494400
vt 0.27982700 0.16631300
vt 0.27831900 0.15849900
vt 0.28626600 0.16061100
vt 0.29274100 0.16682800
vt 0.26364000 0.15755200
vt 0.24846600 0.16226300
vt 0.27127500 0.15092500
vt 0.39479600 0.17323700
vt 0.39823800 0.16659300
vt 0.36950500 0.17353600
vt 0.37259800 0.15206500
vt 0.39866000 0.15379600
vt 0.28868500 0.14793600
vt 0.29470100 0.15275600
vt 0.28232200 0.14050400
vt 0.27377600 0.14293400
vt 0.27657000 0.13510800
vt 0.29161000 0.14118200
vt 0.28608600 0.13246200
vt 0.35356700 0.18883200
vt 0.35518600 0.17622000
vt 0.30479100 0.17231600
vt 0.30862100 0.18080900
vt 0.29911100 0.16040700
vt 0.30716500 0.16403100
vt 0.30935900 0.15409700
vt 0.31550300 0.17069400
vt 0.31586500 0.15935100
vt 0.36650400 0.16141500
vt 0.30580600 0.14866800
vt 0.30259800 0.14299900
vt 0.29791900 0.13620300
vt 0.29106500 0.12547700
vt 0.30805300 0.13215400
vt 0.30359100 0.12508500
vt 0.31434500 0.13921900
vt 0.31379800 0.14709900
vt 0.31272400 0.12434700
vt 0.31023400 0.11752400
vt 0.31862500 0.13317000
vt 0.39709900 0.13035400
vt 0.38135700 0.13867000
vt 0.27682100 0.12146500
vt 0.29141500 0.11890500
vt 0.37735500 0.12277300
vt 0.37289000 0.14561000
vt 0.36498700 0.12960900
vt 0.34613900 0.13846300
vt 0.28558400 0.09741300
vt 0.27087500 0.10023900
vt 0.27993300 0.09171000
vt 0.27946000 0.10619100
vt 0.30144600 0.10886300
vt 0.29932400 0.11389200
vt 0.29238600 0.10284000
vt 0.28429300 0.11168900
vt 0.38744900 0.11663400
vt 0.39405700 0.11607900
vt 0.39396800 0.11830200
vt 0.39173800 0.11482100
vt 0.13757400 0.99266000
vt 0.13934600 0.81243500
vt 0.14339300 0.81001300
vt 0.39645500 0.11395200
vt 0.13525600 0.98919700
vt 0.38729900 0.11505000
vt 0.29383000 0.08743600
vt 0.29850600 0.09406800
vt 0.27927900 0.08387100
vt 0.27220200 0.09078600
vt 0.29354700 0.07820100
vt 0.29124300 0.06148500
vt 0.27747900 0.06272700
vt 0.30422800 0.08031800
vt 0.29559100 0.06931100
vt 0.30433100 0.07102700
vt 0.15411600 0.80141800
vt 0.14763000 0.80698800
vt 0.15164400 0.80212800
vt 0.40401700 0.11269800
vt 0.15010100 0.80716500
vt 0.14962400 0.80188300
vt 0.15135500 0.79793300
vt 0.14753200 0.79897900
vt 0.15594500 0.79398600
vt 0.15425500 0.79428800
vt 0.14996200 0.79421200
vt 0.15320300 0.79264500
vt 0.15801100 0.78293400
vt 0.15527400 0.78787000
vt 0.15111300 0.78921300
vt 0.14861600 0.79324200
vt 0.15171600 0.78422100
vt 0.15607800 0.78290500
vt 0.14931300 0.78685500
vt 0.39994200 0.11453800
vt 0.14689900 0.80983500
vt 0.14626500 0.80858700
vt 0.14794600 0.80431300
vt 0.14639000 0.80604100
vt 0.14527500 0.80751400
vt 0.14367400 0.80527400
vt 0.14509600 0.80238700
vt 0.14093700 0.80693900
vt 0.14337200 0.80105000
vt 0.14215300 0.80403600
vt 0.13768300 0.80956900
vt 0.14038500 0.99098400
vt 0.13569000 0.80768400
vt 0.14176100 0.98872800
vt 0.13352700 0.80532100
vt 0.14332200 0.98600100
vt 0.13563100 0.80141500
vt 0.14718600 0.98744600
vt 0.14624500 0.79232100
vt 0.13864900 0.79682100
vt 0.14632700 0.78285000
vt 0.13994400 0.78631000
vt 0.15337300 0.77849600
vt 0.15160600 0.77907600
vt 0.16167400 0.77241500
vt 0.15847300 0.77098900
vt 0.15681100 0.76633100
vt 0.15587000 0.76780000
vt 0.15456100 0.75953200
vt 0.15987500 0.76633700
vt 0.15655900 0.77219800
vt 0.15295800 0.76961900
vt 0.15354400 0.76208600
vt 0.15124900 0.76919200
vt 0.15077100 0.75879200
vt 0.14996400 0.75433900
vt 0.14809100 0.76331900
vt 0.15369400 0.77316200
vt 0.15119600 0.77429000
vt 0.14448800 0.78005100
vt 0.14769800 0.75477200
vt 0.14368700 0.75949900
vt 0.14023700 0.76494500
vt 0.13919900 0.76229500
vt 0.08829100 0.92679700
vt 0.13433200 0.76255500
vt 0.30532900 0.10010800
vt 0.31002600 0.10846000
vt 0.38370100 0.11859900
vt 0.38272000 0.11674500
vt 0.38378300 0.11502300
vt 0.13334300 0.98660300
vt 0.38025300 0.11544500
vt 0.13780400 0.98551900
vt 0.37696900 0.11579000
vt 0.37326900 0.11592100
vt 0.38088700 0.11408500
vt 0.13217500 0.98409400
vt 0.37520500 0.11391400
vt 0.37701500 0.11337300
vt 0.12990200 0.98150100
vt 0.13025800 0.97837700
vt 0.37563300 0.11027500
vt 0.37242700 0.11172500
vt 0.13405700 0.97845800
vt 0.13526200 0.98136900
vt 0.13181400 0.97635700
vt 0.31806300 0.11813100
vt 0.35543900 0.11856500
vt 0.31570200 0.10003500
vt 0.31982200 0.10921400
vt 0.36302800 0.11360000
vt 0.37147800 0.11249800
vt 0.36487700 0.10770200
vt 0.36927100 0.10996600
vt 0.37264400 0.10947300
vt 0.12753800 0.97678600
vt 0.13082300 0.97258600
vt 0.37145000 0.10778100
vt 0.12650900 0.97500200
vt 0.36950000 0.10818800
vt 0.36649300 0.10381500
vt 0.36702800 0.10193500
vt 0.12034600 0.97090700
vt 0.12593900 0.97296400
vt 0.13010500 0.96839600
vt 0.12430800 0.97012200
vt 0.12080000 0.96998400
vt 0.36488600 0.09771900
vt 0.11724500 0.96682900
vt 0.35984400 0.09394700
vt 0.35427300 0.10454900
vt 0.30429700 0.08996800
vt 0.31230200 0.09245800
vt 0.31367200 0.08287200
vt 0.31666400 0.07659700
vt 0.32962400 0.10215500
vt 0.32472200 0.09529000
vt 0.36567900 0.09368800
vt 0.11375700 0.96473300
vt 0.36434600 0.09168300
vt 0.32415200 0.08767000
vt 0.32910500 0.08147900
vt 0.14084700 0.98126500
vt 0.14266200 0.98045100
vt 0.15216200 0.98507000
vt 0.13395800 0.79562400
vt 0.14809900 0.98149200
vt 0.13872100 0.97398300
vt 0.14082900 0.97318700
vt 0.14533200 0.97976600
vt 0.14945500 0.97668600
vt 0.14337300 0.97709000
vt 0.14521100 0.97462000
vt 0.14347800 0.97440400
vt 0.15512200 0.98156200
vt 0.15033400 0.97378500
vt 0.15489400 0.97703200
vt 0.16060900 0.97873200
vt 0.15770900 0.97333300
vt 0.16669500 0.98076700
vt 0.16481400 0.97879400
vt 0.16475100 0.97503000
vt 0.16728000 0.97792800
vt 0.13562400 0.97313000
vt 0.13556800 0.96780800
vt 0.14638600 0.97261200
vt 0.14327300 0.96677700
vt 0.14644300 0.96772900
vt 0.14046600 0.96658600
vt 0.13370800 0.96385900
vt 0.13944100 0.96488600
vt 0.14500000 0.96091900
vt 0.12028800 0.96656100
vt 0.11214700 0.96109700
vt 0.12449400 0.96410200
vt 0.12907000 0.96288600
vt 0.11681500 0.96247700
vt 0.12689100 0.95654600
vt 0.12126100 0.94958600
vt 0.14925200 0.97039700
vt 0.15173100 0.96536600
vt 0.15465600 0.96974200
vt 0.14991300 0.96260400
vt 0.14807900 0.96179700
vt 0.15262500 0.95602000
vt 0.15469400 0.96014100
vt 0.16207100 0.97048700
vt 0.16037400 0.96538500
vt 0.16776200 0.97402600
vt 0.16894400 0.97540800
vt 0.36444000 0.07437200
vt 0.36546900 0.07430500
vt 0.36464800 0.07811000
vt 0.36626700 0.07876000
vt 0.10137900 0.95286300
vt 0.36143700 0.07637700
vt 0.36609200 0.07063300
vt 0.36148000 0.06907000
vt 0.10679800 0.95462300
vt 0.09762400 0.94922700
vt 0.36691300 0.07443000
vt 0.09856700 0.94799300
vt 0.10110400 0.94809600
vt 0.36787100 0.07014500
vt 0.09364000 0.94624400
vt 0.09420900 0.94469300
vt 0.36711100 0.06753800
vt 0.13274600 0.74893600
vt 0.36941700 0.06621700
vt 0.08975000 0.94407500
vt 0.13273800 0.75002500
vt 0.09036000 0.94284100
vt 0.09680900 0.94138200
vt 0.16913100 0.98212400
vt 0.12851200 0.77878000
vt 0.16175100 0.98642100
vt 0.13472900 0.78531000
vt 0.16215100 0.98254700
vt 0.17165100 0.98342200
vt 0.12905400 0.77607500
vt 0.13327200 0.77639000
vt 0.16967200 0.97776400
vt 0.17090600 0.97924500
vt 0.17136200 0.97789700
vt 0.17353800 0.98019500
vt 0.17420300 0.98302500
vt 0.08725600 0.92173200
vt 0.13306100 0.76700400
vt 0.13778100 0.76997600
vt 0.13380000 0.75952700
vt 0.08948300 0.93010000
vt 0.09206300 0.92545300
vt 0.09550300 0.92699900
vt 0.10203200 0.94199000
vt 0.09847700 0.93776200
vt 0.36546900 0.08606500
vt 0.10742600 0.95892800
vt 0.36413700 0.08518500
vt 0.10572000 0.95600900
vt 0.36061400 0.08503100
vt 0.10857600 0.94620700
vt 0.11685700 0.94937100
vt 0.35386400 0.07583700
vt 0.17031600 0.97668300
vt 0.17226700 0.97491800
vt 0.11126600 0.93951400
vt 0.10460100 0.93706800
vt 0.10382700 0.93315900
vt 0.10962400 0.93361900
vt 0.10908100 0.92866800
vt 0.11134100 0.93022400
vt 0.24599600 0.85540200
vt 0.24933200 0.86279500
vt 0.24919200 0.85984400
vt 0.25300300 0.86534700
vt 0.25263300 0.86838000
vt 0.25752000 0.86991500
vt 0.25867500 0.87593700
vt 0.26308100 0.87769600
vt 0.24138500 0.85124200
vt 0.24028200 0.85796500
vt 0.24416400 0.86080900
vt 0.24339800 0.86443000
vt 0.23155900 0.85864900
vt 0.24477500 0.87444600
vt 0.25020300 0.87299400
vt 0.24392400 0.87141600
vt 0.25276100 0.87437400
vt 0.25335500 0.87866400
vt 0.25711300 0.88051500
vt 0.25984100 0.88533200
vt 0.25162500 0.88806100
vt 0.24103600 0.86882600
vt 0.23634600 0.86670400
vt 0.23246800 0.86365900
vt 0.23543000 0.87085000
vt 0.24287400 0.87983900
vt 0.24618400 0.88298100
vt 0.23820500 0.87470800
vt 0.22878900 0.87932400
vt 0.24638700 0.88923900
vt 0.22807100 0.85379300
vt 0.22412200 0.85047300
vt 0.21783600 0.84497500
vt 0.22169000 0.86395500
vt 0.23034700 0.86854300
vt 0.23006700 0.87353700
vt 0.22532000 0.87003500
vt 0.22560300 0.87424700
vt 0.21828500 0.85701000
vt 0.21509600 0.85134200
vt 0.21494200 0.86423400
vt 0.20705500 0.85825800
vt 0.23814300 0.87835000
vt 0.23862700 0.88821100
vt 0.23281700 0.88061600
vt 0.22923300 0.88155900
vt 0.23099200 0.88429900
vt 0.23289300 0.88749100
vt 0.23060400 0.89229600
vt 0.24158800 0.89685700
vt 0.23762400 0.89591700
vt 0.22649200 0.87613700
vt 0.21911000 0.87429700
vt 0.21717900 0.86941100
vt 0.22389300 0.88850500
vt 0.22225500 0.87943600
vt 0.22150400 0.88103400
vt 0.21242800 0.87885700
vt 0.20847300 0.87287200
vt 0.20977600 0.86795200
vt 0.20385600 0.87435400
vt 0.20120000 0.86261000
vt 0.21978000 0.88617500
vt 0.21680900 0.89077700
vt 0.22593700 0.89067800
vt 0.21763300 0.88264900
vt 0.21226900 0.89180100
vt 0.22414000 0.89628400
vt 0.22725300 0.89827600
vt 0.21576600 0.89782700
vt 0.21838800 0.90119700
vt 0.21558400 0.89494700
vt 0.23173700 0.89702000
vt 0.23375300 0.90090100
vt 0.22767400 0.90464700
vt 0.21457100 0.88136200
vt 0.20567700 0.87940100
vt 0.21049500 0.88601600
vt 0.21049900 0.88993700
vt 0.20613700 0.88586800
vt 0.19849300 0.86888600
vt 0.19601400 0.88607100
vt 0.19234400 0.87453000
vt 0.21180800 0.80704000
vt 0.27573600 0.89533400
vt 0.20913000 0.81715100
vt 0.21507400 0.81639300
vt 0.21809100 0.81946700
vt 0.21252500 0.82077400
vt 0.20387300 0.81539600
vt 0.26639200 0.90292000
vt 0.20176900 0.82368800
vt 0.25946300 0.90191400
vt 0.25985900 0.90718700
vt 0.19717000 0.82036000
vt 0.21332400 0.84174100
vt 0.21260800 0.83532900
vt 0.21386000 0.82936100
vt 0.21188100 0.82894000
vt 0.20994200 0.82654200
vt 0.20270400 0.82786000
vt 0.21012300 0.83470400
vt 0.20523600 0.83470700
vt 0.20196700 0.83350600
vt 0.19677200 0.83504800
vt 0.19277700 0.82773400
vt 0.19452100 0.83061700
vt 0.19096500 0.83578800
vt 0.20823800 0.84987800
vt 0.20461500 0.84563200
vt 0.20485600 0.85432500
vt 0.19927600 0.85022500
vt 0.20207800 0.84128600
vt 0.19963400 0.84135700
vt 0.19472900 0.84175900
vt 0.19541500 0.83913700
vt 0.19424200 0.84715000
vt 0.24896700 0.91761000
vt 0.18476100 0.83173500
vt 0.25386700 0.91066900
vt 0.19074400 0.82426300
vt 0.18591300 0.83536700
vt 0.24799500 0.91872600
vt 0.18340800 0.83314500
vt 0.24376300 0.91499200
vt 0.24256300 0.91710000
vt 0.17689700 0.83268300
vt 0.17716800 0.83926700
vt 0.19995100 0.86050200
vt 0.19485700 0.85547000
vt 0.19103300 0.85300200
vt 0.18796300 0.84253300
vt 0.18739200 0.83965800
vt 0.19100300 0.84760500
vt 0.18603200 0.84858200
vt 0.18296100 0.84448700
vt 0.18724100 0.85207000
vt 0.18121500 0.84969800
vt 0.23347700 0.91204200
vt 0.23191900 0.91818700
vt 0.16613300 0.83440300
vt 0.17089600 0.84032200
vt 0.17892700 0.84294900
vt 0.17492600 0.84823400
vt 0.16996200 0.84679100
vt 0.17974400 0.84835200
vt 0.17211700 0.85262700
vt 0.17342700 0.85530400
vt 0.23064100 0.92741600
vt 0.16485200 0.84382300
vt 0.16531400 0.85273000
vt 0.19467900 0.87123200
vt 0.19484500 0.86454200
vt 0.18490300 0.85762700
vt 0.18274600 0.85341700
vt 0.19280600 0.86804100
vt 0.18843800 0.86257800
vt 0.18695300 0.87139800
vt 0.18562500 0.86626500
vt 0.18155600 0.86296500
vt 0.17830400 0.85801600
vt 0.17706200 0.85567800
vt 0.17657500 0.86257800
vt 0.17162100 0.86013200
vt 0.21023700 0.89589900
vt 0.21300200 0.89664800
vt 0.20775100 0.90189300
vt 0.21223500 0.90607300
vt 0.20836600 0.90327900
vt 0.21901800 0.90400400
vt 0.20656000 0.89211600
vt 0.20516000 0.89037100
vt 0.20213600 0.89729700
vt 0.20137100 0.89571600
vt 0.20397800 0.89882600
vt 0.20161400 0.90290600
vt 0.19738800 0.89186800
vt 0.19876500 0.89520100
vt 0.20557700 0.90898000
vt 0.20477300 0.90703200
vt 0.19953200 0.90760600
vt 0.19958900 0.91019500
vt 0.19539000 0.91173100
vt 0.20716900 0.91192100
vt 0.21058500 0.91308100
vt 0.20078900 0.91366600
vt 0.19967200 0.91799700
vt 0.19867600 0.90275300
vt 0.19219100 0.89666100
vt 0.19584300 0.89951200
vt 0.19201400 0.90610700
vt 0.19610500 0.90685300
vt 0.18936700 0.90069800
vt 0.18885800 0.90606200
vt 0.18670200 0.89335400
vt 0.19334700 0.91816500
vt 0.19286400 0.91588400
vt 0.19055300 0.91420900
vt 0.19261400 0.92255100
vt 0.18689600 0.91888100
vt 0.18705300 0.92157100
vt 0.18311400 0.91837900
vt 0.18491200 0.92488700
vt 0.19017200 0.92667800
vt 0.19145200 0.91142500
vt 0.18721600 0.91235700
vt 0.18436300 0.91036100
vt 0.18258500 0.91361200
vt 0.18440100 0.90448000
vt 0.18286400 0.89893900
vt 0.18129500 0.90752300
vt 0.17870800 0.90166700
vt 0.17521000 0.90397500
vt 0.18288500 0.93172000
vt 0.17964400 0.92854900
vt 0.18504600 0.92963700
vt 0.18283500 0.92252800
vt 0.17749700 0.92695800
vt 0.17746700 0.93296500
vt 0.17530100 0.93013600
vt 0.17913100 0.91825300
vt 0.17473100 0.92416600
vt 0.17603900 0.92480000
vt 0.17370400 0.92130800
vt 0.17963600 0.91295900
vt 0.17738100 0.90956900
vt 0.17273200 0.90674400
vt 0.17588900 0.91712300
vt 0.17375900 0.91305500
vt 0.17145300 0.91966500
vt 0.16856700 0.90886700
vt 0.16849700 0.91495400
vt 0.16317300 0.84844300
vt 0.16559800 0.85845800
vt 0.16494400 0.85613000
vt 0.16016900 0.85591200
vt 0.16014600 0.86128400
vt 0.15425200 0.86156000
vt 0.15651000 0.86484300
vt 0.14887600 0.87026100
vt 0.15225300 0.87050800
vt 0.16759400 0.96838100
vt 0.17233600 0.97161900
vt 0.16618000 0.96334100
vt 0.17449800 0.96656000
vt 0.15916300 0.96123800
vt 0.16935800 0.96138900
vt 0.17564200 0.96043600
vt 0.17492600 0.97643200
vt 0.17585700 0.98034100
vt 0.09661000 0.92270400
vt 0.09447400 0.92232000
vt 0.09607700 0.92028900
vt 0.10019200 0.92159600
vt 0.17621000 0.97277500
vt 0.17885200 0.97739700
vt 0.10117000 0.91882000
vt 0.09894500 0.91676500
vt 0.10252500 0.92316400
vt 0.10328200 0.91396600
vt 0.10407800 0.91777900
vt 0.10748200 0.91608900
vt 0.10693600 0.91338200
vt 0.10696500 0.92701200
vt 0.11327400 0.92422100
vt 0.10818000 0.92367100
vt 0.11090800 0.92266300
vt 0.10838800 0.91822200
vt 0.11588000 0.91880200
vt 0.11088700 0.92003900
vt 0.11593000 0.91216000
vt 0.11094500 0.90870300
vt 0.10972900 0.91254600
vt 0.10548100 0.90960500
vt 0.19069500 0.97589400
vt 0.11557200 0.90951500
vt 0.11247100 0.90989600
vt 0.11780800 0.89971100
vt 0.11707900 0.90473600
vt 0.11366000 0.90444700
vt 0.11510300 0.90725200
vt 0.12071700 0.90282700
vt 0.16744800 0.90304100
vt 0.16389400 0.90925800
vt 0.16078400 0.90219700
vt 0.15322700 0.90265100
vt 0.14796400 0.89804700
vt 0.15505500 0.89459300
vt 0.14799200 0.87721700
vt 0.14289700 0.87676000
vt 0.14131000 0.88139900
vt 0.14249000 0.88385500
vt 0.13628200 0.88731200
vt 0.12486800 0.89565400
vt 0.12261900 0.89263000
vt 0.12739900 0.88967800
vt 0.13020800 0.89100600
vt 0.11983400 0.90006200
vt 0.12644700 0.89667000
vt 0.12338100 0.90209700
vt 0.13351700 0.89245100
vt 0.12956200 0.89755900
vt 0.12649400 0.90349300
vt 0.13211300 0.89988000
vt 0.13175100 0.88386900
vt 0.13252300 0.88751600
vt 0.13680700 0.88390900
vt 0.14181000 0.88743800
vt 0.14308200 0.89767600
vt 0.14877000 0.89424100
vt 0.14384900 0.89221300
vt 0.13651100 0.89410200
vt 0.14196400 0.89046600
vt 0.13978700 0.89572600
vt 0.13358500 0.89726500
vt 0.13494100 0.89979700
vt 0.18378300 0.88038000
vt 0.18460300 0.88717700
vt 0.18004800 0.89111100
vt 0.17742500 0.88358300
vt 0.18030500 0.89496900
vt 0.17628700 0.89902000
vt 0.17250200 0.89503500
vt 0.17818200 0.87075500
vt 0.17909100 0.87593900
vt 0.16722300 0.86041500
vt 0.16355900 0.86681200
vt 0.17145200 0.86464500
vt 0.17518800 0.86795500
vt 0.16954300 0.86877900
vt 0.16532200 0.86853500
vt 0.17099900 0.87240600
vt 0.17322000 0.87733800
vt 0.17214500 0.88907400
vt 0.17095600 0.88291000
vt 0.16764800 0.87812700
vt 0.16569000 0.87290800
vt 0.16199300 0.87193800
vt 0.16212200 0.87575300
vt 0.16389500 0.88195700
vt 0.15930100 0.87954000
vt 0.15638000 0.87698200
vt 0.15946800 0.86529900
vt 0.15621400 0.87042100
vt 0.15476700 0.87518600
vt 0.16582300 0.88934300
vt 0.17232400 0.90015500
vt 0.16611900 0.89775600
vt 0.15774300 0.88457800
vt 0.16252200 0.88864800
vt 0.15484100 0.88124300
vt 0.16143000 0.89238500
vt 0.15649700 0.88878500
vt 0.15176000 0.88563800
vt 0.16264500 0.89769700
vt 0.15918800 0.89749800
vt 0.15325000 0.89107300
vt 0.14936500 0.88157100
vt 0.14866000 0.88414700
vt 0.14779300 0.88913900
vt 0.34011200 0.16527100
vt 0.33649000 0.18222100
vt 0.32937700 0.17924300
vt 0.33478000 0.17326200
vt 0.33793600 0.17348500
vt 0.33195000 0.18097400
vt 0.33327800 0.17330700
vt 0.31664800 0.17573200
vt 0.32519400 0.16921300
vt 0.32512000 0.17756100
vt 0.32422400 0.15876100
vt 0.32858000 0.17587600
vt 0.32902400 0.16998000
vt 0.33125300 0.17418600
vt 0.33144300 0.16901200
vt 0.32879800 0.16186200
vt 0.33184000 0.16003900
vt 0.33057800 0.15931200
vt 0.33412800 0.15890800
vt 0.33556400 0.15890800
vt 0.33809300 0.15666600
vt 0.32971000 0.14911000
vt 0.34173400 0.15772900
vt 0.34252200 0.15065900
vt 0.32345900 0.14755100
vt 0.32804600 0.13934400
vt 0.33836200 0.14964100
vt 0.33216500 0.14851800
vt 0.33194800 0.13894700
vt 0.33444500 0.14711600
vt 0.33679800 0.14799200
vt 0.33523300 0.13461900
vt 0.34044900 0.14006900
vt 0.34165900 0.13349300
vt 0.34583100 0.13072500
vt 0.33937000 0.13088600
vt 0.33786300 0.14128100
vt 0.33724600 0.13750600
vt 0.32215000 0.12576700
vt 0.33044700 0.13032700
vt 0.33046300 0.12009900
vt 0.33396400 0.13077000
vt 0.34432100 0.12446900
vt 0.34221900 0.12356900
vt 0.33506400 0.12429000
vt 0.33691800 0.12165200
vt 0.33877400 0.11776400
vt 0.33330000 0.11765200
vt 0.34680300 0.11341200
vt 0.33235400 0.10825100
vt 0.33487900 0.11134000
vt 0.34662900 0.09427700
vt 0.34428400 0.10266400
vt 0.34034700 0.12126400
vt 0.33704500 0.11056500
vt 0.34253600 0.11177700
vt 0.34001700 0.11146200
vt 0.34166100 0.10428300
vt 0.33922700 0.10536800
vt 0.33273800 0.09753400
vt 0.33512600 0.09895100
vt 0.34222000 0.09313700
vt 0.33227300 0.08769700
vt 0.33665800 0.08731000
vt 0.33452200 0.08851400
vt 0.32802900 0.07618500
vt 0.33289300 0.07745000
vt 0.33412200 0.08310400
vt 0.34368400 0.08146600
vt 0.34079300 0.07787800
vt 0.34334300 0.07249700
vt 0.33826900 0.08922900
vt 0.34031900 0.08451100
vt 0.34005200 0.09718200
vt 0.33838800 0.07957700
vt 0.33542900 0.07464400
vt 0.33729100 0.07795300
vt 0.33655600 0.10203700
vt 0.33841200 0.09971100
vt 0.14186400 0.95962100
vt 0.13957800 0.95991800
vt 0.13614200 0.95584100
vt 0.14059000 0.95454200
vt 0.13226300 0.95202900
vt 0.14648700 0.95368400
vt 0.14392800 0.95378300
vt 0.15349300 0.95177400
vt 0.15059800 0.95669000
vt 0.14974500 0.95454000
vt 0.15117000 0.95005000
vt 0.15005100 0.94844800
vt 0.14363500 0.94895200
vt 0.14789900 0.94825700
vt 0.12759500 0.95096900
vt 0.13834900 0.94927400
vt 0.12772400 0.94724900
vt 0.13929100 0.94479000
vt 0.14247900 0.94393200
vt 0.13350700 0.94354400
vt 0.13132300 0.94045100
vt 0.12484500 0.93981600
vt 0.11912800 0.94012500
vt 0.11452600 0.93256700
vt 0.11874900 0.93303900
vt 0.17153300 0.93614600
vt 0.17111100 0.93346800
vt 0.16577200 0.94133900
vt 0.16733200 0.93566800
vt 0.16746200 0.93295800
vt 0.17167200 0.93013000
vt 0.16055100 0.94031500
vt 0.16280000 0.93509500
vt 0.16590500 0.93115500
vt 0.16894300 0.92907700
vt 0.16088900 0.93312600
vt 0.16963500 0.92500300
vt 0.16892600 0.92283700
vt 0.16401400 0.92083700
vt 0.16518700 0.92836100
vt 0.16476600 0.92572200
vt 0.15872400 0.94986800
vt 0.15631700 0.94852200
vt 0.15918600 0.94532300
vt 0.16193600 0.94690100
vt 0.15464400 0.94716100
vt 0.15383900 0.94475000
vt 0.15185200 0.94433400
vt 0.16063500 0.94386900
vt 0.16326600 0.94025500
vt 0.13657200 0.93721600
vt 0.15657600 0.93950200
vt 0.14792500 0.94336500
vt 0.15133600 0.94273300
vt 0.15428100 0.93821000
vt 0.15021600 0.93849100
vt 0.14614800 0.94018300
vt 0.14411600 0.93554600
vt 0.14073500 0.94004000
vt 0.13850800 0.93310500
vt 0.15772100 0.93351400
vt 0.15296100 0.93667400
vt 0.15482000 0.93249900
vt 0.14964300 0.93146400
vt 0.15772400 0.92977800
vt 0.16265200 0.92828400
vt 0.15279000 0.92886200
vt 0.15558300 0.92508700
vt 0.14490600 0.92799500
vt 0.14123600 0.93040400
vt 0.13982900 0.92333700
vt 0.14751500 0.92577400
vt 0.15044100 0.92265200
vt 0.12883700 0.93364100
vt 0.12298700 0.93065700
vt 0.12630700 0.92560900
vt 0.13262700 0.92996900
vt 0.12042200 0.92696000
vt 0.11687800 0.92489900
vt 0.11796900 0.92120300
vt 0.12256600 0.92025500
vt 0.13128300 0.92376300
vt 0.13338600 0.91911300
vt 0.13050300 0.91762600
vt 0.11782100 0.91295400
vt 0.11892600 0.91473800
vt 0.12102800 0.91633000
vt 0.12542300 0.91139900
vt 0.12669100 0.91582200
vt 0.12285700 0.91019500
vt 0.12569700 0.92008700
vt 0.12994900 0.91302100
vt 0.13575000 0.92477700
vt 0.16040000 0.92583000
vt 0.15643600 0.92267900
vt 0.16085500 0.92267300
vt 0.15690600 0.91833500
vt 0.15967900 0.91432600
vt 0.15236800 0.91882300
vt 0.15235100 0.91207300
vt 0.14782600 0.91511800
vt 0.14405900 0.91662600
vt 0.14282600 0.91223500
vt 0.15525600 0.90991800
vt 0.15744100 0.90531300
vt 0.15256800 0.90673700
vt 0.14896000 0.90542500
vt 0.14575400 0.90912800
vt 0.14281700 0.91991200
vt 0.13832800 0.91702400
vt 0.13389000 0.91485700
vt 0.13482500 0.91027200
vt 0.13875600 0.91376300
vt 0.13860600 0.90916300
vt 0.14217400 0.90730900
vt 0.13311100 0.90477000
vt 0.13832200 0.90381200
vt 0.12714100 0.90629300
vt 0.13010500 0.90791700
vt 0.12969700 0.90300100
vt 0.14315200 0.90232700
vt 0.13967400 0.89992700
vt 0.21802900 0.18678400
vt 0.21656300 0.17557700
vt 0.22385700 0.17842200
vt 0.22863000 0.19194800
vt 0.23009600 0.18569700
vt 0.21394100 0.16178600
vt 0.22694200 0.16764800
vt 0.22798600 0.16086800
vt 0.23937000 0.18107600
vt 0.24888300 0.18255800
vt 0.23935800 0.17390200
vt 0.21841400 0.15158200
vt 0.22218000 0.14664700
vt 0.21766200 0.14420300
vt 0.22797300 0.15481000
vt 0.23670800 0.14303000
vt 0.23851700 0.15545000
vt 0.24991700 0.17242500
vt 0.25016900 0.15530900
vt 0.24762300 0.14683000
vt 0.25451300 0.14560500
vt 0.25528600 0.13900100
vt 0.25760300 0.14964300
vt 0.21971400 0.13546400
vt 0.22583500 0.14096200
vt 0.23156500 0.13139700
vt 0.23402500 0.12714900
vt 0.22638400 0.12251900
vt 0.22431600 0.11596700
vt 0.23507300 0.11702700
vt 0.23373700 0.11168100
vt 0.23266700 0.10149000
vt 0.23888000 0.11282000
vt 0.23980100 0.10820100
vt 0.24389300 0.11469600
vt 0.45490700 0.12807800
vt 0.51294200 0.02053900
vt 0.44966200 0.11670800
vt 0.50219400 0.01852600
vt 0.19179100 0.81518700
vt 0.19663000 0.80535000
vt 0.50703300 0.00868900
vt 0.26903700 0.87422300
vt 0.24376800 0.10055300
vt 0.25366200 0.10488700
vt 0.43352700 0.11459500
vt 0.17648300 0.81086100
vt 0.42532300 0.11973500
vt 0.22831000 0.08648500
vt 0.22987900 0.08207600
vt 0.22759600 0.07602200
vt 0.23822200 0.09207400
vt 0.23912500 0.07503300
vt 0.27546700 0.88153700
vt 0.52186100 0.01255000
vt 0.27865700 0.88348500
vt 0.51789600 0.01179400
vt 0.20749300 0.80845500
vt 0.21109400 0.80464200
vt 0.21248100 0.80497600
vt 0.52288400 0.00831500
vt 0.24056800 0.08618800
vt 0.24941000 0.07579100
vt 0.25507400 0.08201300
vt 0.23992600 0.06380200
vt 0.24339500 0.05218200
vt 0.25060600 0.06682600
vt 0.25395100 0.06075600
vt 0.25383500 0.09082600
vt 0.26172600 0.07247100
vt 0.26469000 0.05164600
vt 0.17567000 0.77819100
vt 0.27246200 0.11216700
vt 0.29030100 0.11364000
vt 0.15852600 0.77630200
vt 0.15650600 0.77605300
vt 0.14958400 0.78153100
vt 0.14920500 0.77819100
vt 0.15519800 0.75743200
vt 0.14227800 0.77204000
vt 0.13805800 0.77859600
vt 0.14119800 0.76847200
vt 0.15600400 0.96386200
vt 0.13449000 0.77036000
vt 0.08837300 0.91757600
vt 0.12962000 0.76938400
vt 0.17788500 0.98609300
vt 0.26850400 0.88014300
vt 0.26268400 0.89126400
vt 0.25541100 0.89656600
vt 0.25028900 0.89989600
vt 0.23755400 0.90089000
vt 0.23918700 0.90580100
vt 0.22119900 0.90908600
vt 0.27945400 0.88623800
vt 0.27254000 0.88529300
vt 0.27685500 0.88852100
vt 0.27504200 0.88917300
vt 0.27114800 0.89349400
vt 0.26428000 0.89788400
vt 0.25355700 0.90498000
vt 0.24574300 0.91103000
vt 0.22536300 0.91676900
vt 0.22124400 0.91242800
vt 0.21376700 0.91209100
vt 0.21476000 0.91581200
vt 0.20709300 0.91730900
vt 0.20220400 0.92203400
vt 0.20939800 0.92172400
vt 0.19656400 0.92604900
vt 0.19315500 0.92922700
vt 0.18638500 0.93202100
vt 0.22611500 0.92426000
vt 0.21780400 0.92158400
vt 0.22368100 0.92825500
vt 0.15707500 0.84568500
vt 0.15730800 0.85354900
vt 0.15077000 0.85199800
vt 0.21758900 0.93431000
vt 0.20960400 0.92976600
vt 0.21626600 0.92999900
vt 0.21182500 0.93190300
vt 0.20777100 0.94144500
vt 0.15192100 0.85870600
vt 0.21561500 0.94231000
vt 0.14729600 0.86129500
vt 0.14165100 0.86610700
vt 0.21163500 0.94589200
vt 0.14796100 0.86830900
vt 0.15611600 0.95590600
vt 0.15982600 0.95511100
vt 0.16321700 0.95781100
vt 0.16891800 0.95495800
vt 0.16376900 0.95341200
vt 0.16570800 0.95027500
vt 0.17705000 0.95783900
vt 0.17135600 0.94910800
vt 0.17372100 0.94358100
vt 0.17852800 0.94729200
vt 0.17392100 0.93708300
vt 0.17657100 0.93984900
vt 0.17901200 0.93594600
vt 0.18289900 0.93950100
vt 0.18029400 0.94294600
vt 0.18330900 0.95348900
vt 0.18494600 0.94937100
vt 0.18968200 0.95615600
vt 0.17781500 0.95356200
vt 0.18351900 0.95757000
vt 0.17748400 0.98177800
vt 0.09134100 0.92040600
vt 0.09443600 0.91593800
vt 0.18246700 0.98203200
vt 0.18363700 0.97734900
vt 0.09709400 0.91143900
vt 0.18067900 0.96992800
vt 0.18361900 0.97370900
vt 0.18760100 0.97129300
vt 0.18251100 0.96477600
vt 0.18684700 0.96610600
vt 0.10961100 0.89784900
vt 0.18963000 0.96746300
vt 0.19027900 0.95885500
vt 0.11326100 0.88736200
vt 0.10922700 0.89061500
vt 0.18667800 0.96207900
vt 0.11387200 0.89263100
vt 0.11371100 0.90015700
vt 0.11002800 0.90564100
vt 0.11695500 0.89657000
vt 0.19360700 0.93405000
vt 0.20004100 0.93715900
vt 0.19207000 0.93868900
vt 0.19553000 0.93989600
vt 0.13199800 0.86899700
vt 0.20316600 0.94725400
vt 0.20012800 0.95002400
vt 0.20443000 0.95323700
vt 0.13210400 0.87589600
vt 0.19611300 0.95156400
vt 0.19945400 0.95642700
vt 0.12479700 0.88140300
vt 0.13581800 0.87035800
vt 0.18627600 0.93642200
vt 0.18721500 0.94266500
vt 0.18777900 0.94547600
vt 0.19048200 0.95121600
vt 0.14320900 0.87130900
vt 0.13737400 0.87618300
vt 0.14294100 0.87490600
vt 0.13078600 0.88113100
vt 0.13729600 0.88044100
vt 0.19518000 0.95554100
vt 0.11933300 0.88957200
vt 0.19692900 0.95930200
vt 0.12103200 0.88584800
vt 0.12589700 0.88682000
vt 0.16222100 0.95019900
vt 0.17000800 0.94187700
vt 0.16764300 0.94563900
vt 0.14695500 0.58872300
vt 0.15107900 0.59886900
vt 0.13942800 0.59564300
vt 0.13231900 0.60561500
vt 0.11947900 0.59933700
vt 0.13115400 0.59816300
vt 0.12415000 0.60975800
vt 0.20039500 0.65125600
vt 0.14493500 0.60356500
vt 0.14247200 0.60913000
vt 0.15201500 0.60937000
vt 0.13246800 0.61262500
vt 0.14269500 0.61530100
vt 0.12579200 0.62175400
vt 0.11936300 0.61791000
vt 0.11280800 0.62282100
vt 0.13336500 0.62353700
vt 0.15778500 0.61473300
vt 0.14399100 0.62176600
vt 0.15004700 0.62520200
vt 0.13136500 0.63581400
vt 0.12158700 0.63076800
vt 0.13945500 0.63076300
vt 0.17929600 0.64124600
vt 0.19198600 0.65720600
vt 0.17396000 0.64827000
vt 0.18638600 0.75147500
vt 0.19020700 0.74207300
vt 0.20133400 0.73895100
vt 0.18471400 0.72826500
vt 0.18447800 0.71943800
vt 0.08956700 0.64465800
vt 0.26626200 0.02424500
vt 0.07599500 0.64575500
vt 0.07293800 0.63085000
vt 0.25300000 0.01465600
vt 0.08788400 0.62891900
vt 0.28315900 0.02880900
vt 0.08555400 0.65874600
vt 0.27798400 0.03605500
vt 0.27821800 0.04503700
vt 0.28953200 0.03497700
vt 0.10153900 0.65247900
vt 0.08958800 0.65076900
vt 0.10032500 0.64053900
vt 0.29147400 0.02790100
vt 0.09264500 0.66324300
vt 0.09777700 0.65752900
vt 0.16961100 0.74603900
vt 0.28250500 0.05362800
vt 0.15499000 0.74701800
vt 0.16614200 0.73393900
vt 0.15454900 0.73544200
vt 0.17984400 0.70900600
vt 0.15695100 0.70196200
vt 0.16028700 0.71678900
vt 0.10307600 0.62030800
vt 0.08781900 0.61455200
vt 0.09975600 0.61062500
vt 0.10081500 0.62623500
vt 0.18949100 0.68417000
vt 0.20333100 0.67421500
vt 0.11099700 0.63567900
vt 0.18414300 0.69294900
vt 0.11137900 0.64714200
vt 0.11889100 0.64190700
vt 0.17320800 0.68289800
vt 0.18029800 0.65965700
vt 0.18349300 0.67254600
vt 0.16687200 0.66108900
vt 0.15592700 0.66322700
vt 0.16638000 0.69637800
vt 0.14288900 0.63935000
vt 0.13526300 0.64295800
vt 0.14304300 0.65024900
vt 0.15034300 0.63514900
vt 0.15816000 0.63103900
vt 0.15523400 0.63739400
vt 0.16239500 0.63178000
vt 0.15729000 0.63872900
vt 0.15180900 0.64451400
vt 0.14645700 0.65383800
vt 0.15647200 0.65264200
vt 0.16264500 0.64262900
vt 0.16329000 0.64649000
vt 0.15914300 0.64578800
vt 0.14877000 0.65392500
vt 0.15453400 0.64588500
vt 0.15524200 0.64829500
vt 0.16154900 0.63658900
vt 0.29342100 0.04981100
vt 0.29238100 0.03991000
vt 0.30367500 0.04790800
vt 0.30138800 0.06236500
vt 0.30930400 0.06639600
vt 0.30228900 0.05391200
vt 0.30750600 0.05718100
vt 0.30285600 0.04039500
vt 0.09833300 0.67334500
vt 0.30161600 0.03177300
vt 0.11017300 0.65799200
vt 0.10625900 0.66752300
vt 0.31331600 0.04579000
vt 0.31086400 0.03464500
vt 0.10388800 0.68252500
vt 0.10957800 0.67582400
vt 0.10827300 0.69030000
vt 0.31826100 0.03691200
vt 0.13625000 0.74215000
vt 0.36701600 0.05739900
vt 0.14792500 0.75046300
vt 0.14156700 0.74897300
vt 0.14598100 0.75177100
vt 0.14146300 0.75074300
vt 0.13674000 0.74972300
vt 0.13655200 0.75132000
vt 0.13919300 0.75175100
vt 0.13522100 0.72688400
vt 0.14267500 0.75252000
vt 0.14018300 0.75478500
vt 0.13621300 0.75295800
vt 0.13525600 0.75756000
vt 0.08839300 0.93271300
vt 0.14201700 0.71615700
vt 0.13716000 0.69778600
vt 0.31546900 0.06203400
vt 0.32148800 0.06894300
vt 0.31764000 0.05085200
vt 0.32621800 0.06206900
vt 0.32945800 0.06443400
vt 0.32829200 0.06916800
vt 0.33148800 0.07057400
vt 0.32429700 0.05310100
vt 0.33118300 0.06090700
vt 0.33062000 0.05205600
vt 0.33297100 0.05786300
vt 0.11858100 0.69141900
vt 0.12051700 0.68457000
vt 0.11555700 0.69742600
vt 0.32851100 0.04517800
vt 0.11138900 0.70526200
vt 0.33225900 0.04439100
vt 0.11491500 0.70800100
vt 0.33486000 0.05126700
vt 0.11235200 0.71533200
vt 0.11398200 0.70598300
vt 0.33058900 0.04380200
vt 0.11863700 0.69938400
vt 0.11799200 0.70670700
vt 0.12194600 0.70294700
vt 0.12173700 0.69316500
vt 0.12360300 0.69577600
vt 0.12772600 0.68936000
vt 0.12842900 0.69298300
vt 0.12679500 0.69892500
vt 0.12060500 0.70083100
vt 0.13392100 0.74788300
vt 0.36888600 0.06433100
vt 0.34873800 0.06411400
vt 0.09065000 0.93478700
vt 0.13295500 0.75614700
vt 0.09245700 0.93901800
vt 0.13086300 0.75322800
vt 0.09234300 0.93696900
vt 0.13108900 0.75478400
vt 0.09464700 0.93255900
vt 0.09750900 0.92907800
vt 0.09649700 0.93533900
vt 0.09964700 0.93406800
vt 0.09717400 0.93323700
vt 0.11815000 0.72612000
vt 0.34523000 0.05532200
vt 0.33982100 0.05278000
vt 0.11527700 0.72040800
vt 0.34101200 0.06037400
vt 0.12365900 0.71465500
vt 0.10193000 0.92923100
vt 0.10264100 0.92666400
vt 0.12090100 0.71174900
vt 0.12761300 0.70399200
vt 0.33718700 0.05001000
vt 0.11494200 0.71627500
vt 0.12232100 0.70619900
vt 0.13210700 0.69346400
vt 0.11774600 0.65462000
vt 0.12854600 0.64712500
vt 0.12479600 0.65239400
vt 0.12997100 0.65417400
vt 0.11405700 0.66233500
vt 0.15865800 0.68553000
vt 0.12274400 0.66450200
vt 0.13475800 0.65564900
vt 0.13400200 0.66867300
vt 0.13573200 0.66548300
vt 0.14022300 0.66042200
vt 0.11586000 0.67166000
vt 0.14808200 0.68466600
vt 0.15179400 0.67283100
vt 0.16238300 0.65306100
vt 0.14007100 0.65342800
vt 0.15356200 0.65701200
vt 0.14960600 0.66574200
vt 0.14868900 0.66277600
vt 0.14781200 0.65805000
vt 0.15066300 0.65775500
vt 0.15470500 0.65274300
vt 0.12886300 0.67453300
vt 0.13748800 0.66975600
vt 0.14234600 0.66196600
vt 0.14081700 0.67000900
vt 0.14243200 0.66541700
vt 0.12435000 0.67959700
vt 0.13810800 0.68566100
vt 0.12697500 0.68375800
vt 0.13281900 0.67503700
vt 0.13551100 0.67572600
vt 0.12884000 0.68523200
vt 0.13445300 0.68024600
vt 0.13445100 0.68684000
vt 0.14210600 0.67826200
vt 0.13861900 0.67479300
vt 0.14396700 0.66882300
vt 0.13772100 0.67936700
vt 0.14504200 0.66958200
vt 0.13061800 0.69106600
vt 0.13270800 0.68648000
vt 0.14626000 0.66233900
vt 0.15267200 0.58179700
vt 0.15977700 0.58799300
vt 0.20610500 0.60459600
vt 0.20269400 0.61217600
vt 0.19891100 0.61856200
vt 0.21157600 0.63252400
vt 0.20306800 0.64291600
vt 0.15492800 0.59663800
vt 0.16698200 0.59858600
vt 0.15668700 0.60621600
vt 0.17958500 0.60096100
vt 0.18581300 0.60309800
vt 0.18078600 0.60407000
vt 0.17673900 0.60702900
vt 0.18122600 0.61406200
vt 0.18838000 0.60563900
vt 0.18706500 0.61042100
vt 0.16791600 0.61020700
vt 0.18496500 0.61940900
vt 0.18551000 0.60646500
vt 0.19071300 0.63035800
vt 0.18640900 0.63710100
vt 0.16426400 0.62295000
vt 0.17856500 0.62205400
vt 0.17481000 0.62830400
vt 0.18022000 0.60757100
vt 0.17720400 0.61589700
vt 0.17345800 0.61456300
vt 0.16980700 0.62127900
vt 0.17297500 0.61895700
vt 0.18229400 0.61536900
vt 0.17335400 0.62582600
vt 0.17247500 0.62508900
vt 0.16525200 0.62746000
vt 0.16760300 0.62845800
vt 0.16967400 0.63435500
vt 0.16702900 0.63485100
vt 0.16856300 0.63911400
vt 0.16378400 0.63746400
vt 0.10759400 0.92202400
vt 0.33360300 0.06831500
vt 0.33535400 0.06524300
vt 0.33687600 0.06439000
vt 0.33811600 0.06111200
vt 0.33944500 0.06775800
vt 0.33858500 0.07232900
vt 0.34215700 0.06587200
vt 0.23733900 0.04450200
vt 0.24403400 0.03475000
vt 0.24699800 0.04144300
vt 0.24764200 0.02399700
vt 0.26260300 0.03376800
f 1/1 2/2 3/3
f 4/4 5/5 6/6
f 7/7 6/6 5/5
f 6/6 7/7 8/8
f 9/9 6/6 8/8
f 10/10 6/6 9/9
f 4/4 6/6 10/10
f 11/11 12/12 13/13
f 7/7 5/5 12/12
f 5/5 14/14 13/13
f 12/12 5/5 13/13
f 11/11 15/15 12/12
f 12/12 15/15 7/7
f 16/16 15/15 17/17
f 15/15 11/11 17/17
f 18/18 16/16 17/17
f 19/19 20/20 21/21
f 22/22 20/20 23/23
f 22/22 21/21 20/20
f 23/23 24/24 25/25
f 26/26 22/22 23/23
f 27/27 22/22 26/26
f 25/25 28/28 23/23
f 29/29 26/26 28/28
f 28/28 26/26 23/23
f 30/30 19/19 21/21
f 1/1 30/30 2/2
f 31/31 2/2 30/30
f 27/27 31/31 21/21
f 31/31 30/30 21/21
f 32/32 33/33 31/31
f 34/34 3/3 2/2
f 34/34 35/35 3/3
f 36/36 35/35 34/34
f 33/33 2/2 31/31
f 34/34 2/2 33/33
f 37/37 31/31 27/27
f 26/26 37/37 27/27
f 22/22 27/27 21/21
f 32/32 31/31 37/37
f 38/38 32/32 37/37
f 39/39 40/40 41/41
f 40/40 42/42 41/41
f 43/43 42/42 44/44
f 7/7 45/45 8/8
f 45/45 46/46 8/8
f 45/45 47/47 46/46
f 48/48 46/46 49/49
f 46/46 47/47 49/49
f 25/25 50/50 9/9
f 9/9 48/48 25/25
f 28/28 25/25 48/48
f 48/48 9/9 8/8
f 8/8 46/46 48/48
f 51/51 52/52 29/29
f 47/47 40/40 39/39
f 49/49 47/47 39/39
f 49/49 39/39 53/53
f 49/49 51/51 48/48
f 51/51 49/49 53/53
f 54/54 53/53 39/39
f 51/51 53/53 54/54
f 51/51 54/54 52/52
f 51/51 28/28 48/48
f 28/28 51/51 29/29
f 15/15 45/45 7/7
f 15/15 55/55 45/45
f 42/42 45/45 55/55
f 45/45 42/42 47/47
f 55/55 56/56 42/42
f 57/57 56/56 55/55
f 15/15 16/16 57/57
f 15/15 57/57 55/55
f 57/57 16/16 18/18
f 57/57 18/18 58/58
f 18/18 59/59 60/60
f 40/40 47/47 42/42
f 44/44 42/42 56/56
f 58/58 56/56 57/57
f 61/61 56/56 58/58
f 61/61 44/44 56/56
f 60/60 61/61 58/58
f 60/60 58/58 18/18
f 61/61 60/60 62/62
f 62/62 63/63 61/61
f 64/64 39/39 65/65
f 66/66 67/67 41/41
f 43/43 66/66 41/41
f 39/39 41/41 65/65
f 43/43 41/41 42/42
f 65/65 41/41 67/67
f 67/67 68/68 65/65
f 64/64 65/65 68/68
f 67/67 69/69 68/68
f 43/43 44/44 70/70
f 66/66 43/43 71/71
f 43/43 70/70 71/71
f 71/71 70/70 72/72
f 69/69 67/67 73/73
f 73/73 74/74 69/69
f 75/75 74/74 73/73
f 73/73 67/67 76/76
f 75/75 77/77 74/74
f 66/66 78/78 67/67
f 78/78 76/76 67/67
f 66/66 79/79 78/78
f 71/71 79/79 66/66
f 80/80 78/78 79/79
f 76/76 78/78 80/80
f 81/81 76/76 80/80
f 76/76 81/81 73/73
f 81/81 75/75 73/73
f 82/82 37/37 29/29
f 26/26 29/29 37/37
f 52/52 82/82 29/29
f 83/83 38/38 82/82
f 82/82 38/38 37/37
f 84/84 82/82 52/52
f 64/64 84/84 54/54
f 52/52 54/54 84/84
f 54/54 39/39 64/64
f 82/82 84/84 83/83
f 68/68 84/84 64/64
f 84/84 74/74 83/83
f 68/68 69/69 84/84
f 69/69 74/74 84/84
f 83/83 74/74 38/38
f 85/85 32/32 38/38
f 85/85 86/86 32/32
f 74/74 85/85 38/38
f 85/85 74/74 77/77
f 87/87 88/88 89/89
f 90/90 88/88 87/87
f 87/87 89/89 91/91
f 91/91 92/92 87/87
f 63/63 70/70 44/44
f 63/63 72/72 70/70
f 44/44 61/61 63/63
f 87/87 93/93 90/90
f 90/90 93/93 94/94
f 93/93 87/87 92/92
f 94/94 93/93 95/95
f 95/95 96/96 94/94
f 97/97 95/95 93/93
f 62/62 60/60 59/59
f 98/98 99/99 62/62
f 62/62 99/99 100/100
f 79/79 101/101 80/80
f 101/101 79/79 71/71
f 80/80 101/101 102/102
f 103/103 101/101 71/71
f 101/101 103/103 104/104
f 105/105 103/103 71/71
f 105/105 106/106 103/103
f 107/107 72/72 63/63
f 63/63 62/62 107/107
f 107/107 62/62 100/100
f 72/72 105/105 71/71
f 105/105 72/72 108/108
f 72/72 107/107 108/108
f 100/100 108/108 107/107
f 109/109 100/100 99/99
f 108/108 106/106 105/105
f 110/110 106/106 108/108
f 108/108 100/100 110/110
f 111/111 110/110 100/100
f 109/109 111/111 100/100
f 112/112 111/111 109/109
f 113/113 114/114 115/115
f 117/117 119/119 120/120
f 121/121 122/122 123/123
f 124/124 125/125 126/126
f 125/125 127/127 126/126
f 127/127 125/125 118/118
f 118/118 125/125 129/129
f 127/127 118/118 130/130
f 128/128 131/131 119/119
f 116/116 130/130 118/118
f 119/119 131/131 120/120
f 121/121 127/127 122/122
f 126/126 127/127 121/121
f 122/122 127/127 130/130
f 132/132 133/133 134/134
f 135/135 136/136 137/137
f 138/138 139/139 140/140
f 141/141 135/135 137/137
f 142/142 138/138 140/140
f 143/143 144/144 145/145
f 146/146 144/144 143/143
f 137/137 139/139 138/138
f 143/143 137/137 138/138
f 147/147 143/143 138/138
f 148/148 138/138 142/142
f 148/148 147/147 138/138
f 146/146 143/143 147/147
f 149/149 140/140 150/150
f 150/150 140/140 151/151
f 140/140 139/139 151/151
f 151/151 126/126 121/121
f 151/151 121/121 152/152
f 152/152 121/121 123/123
f 150/150 152/152 153/153
f 150/150 151/151 152/152
f 139/139 136/136 124/124
f 151/151 139/139 126/126
f 139/139 124/124 126/126
f 125/125 124/124 136/136
f 137/137 136/136 139/139
f 154/154 156/156 157/157
f 149/149 142/142 140/140
f 149/149 150/150 158/158
f 159/159 149/149 158/158
f 159/159 142/142 149/149
f 160/160 150/150 153/153
f 160/160 158/158 150/150
f 133/133 160/160 153/153
f 161/161 133/133 153/153
f 132/132 160/160 133/133
f 158/158 160/160 132/132
f 117/117 120/120 162/162
f 162/162 163/163 117/117
f 163/163 165/165 117/117
f 162/162 166/166 163/163
f 19/19 167/167 163/163
f 163/163 166/166 19/19
f 167/167 168/168 165/165
f 167/167 165/165 163/163
f 169/169 116/116 164/164
f 170/170 164/164 171/171
f 122/122 169/169 173/173
f 122/122 173/173 123/123
f 174/174 175/175 173/173
f 169/169 170/170 174/174
f 164/164 170/170 169/169
f 169/169 174/174 173/173
f 174/174 170/170 176/176
f 173/173 175/175 177/177
f 175/175 174/174 176/176
f 176/176 178/178 175/175
f 179/179 175/175 178/178
f 122/122 130/130 116/116
f 116/116 169/169 122/122
f 180/180 181/181 182/182
f 183/183 184/184 185/185
f 171/171 186/186 170/170
f 186/186 171/171 187/187
f 189/189 186/186 187/187
f 189/189 187/187 190/190
f 187/187 191/191 190/190
f 1/1 168/168 167/167
f 167/167 30/30 1/1
f 168/168 1/1 193/193
f 172/172 165/165 168/168
f 172/172 168/168 188/188
f 168/168 193/193 188/188
f 188/188 193/193 35/35
f 35/35 192/192 188/188
f 194/194 192/192 35/35
f 1/1 3/3 193/193
f 193/193 3/3 35/35
f 189/189 196/196 176/176
f 189/189 197/197 196/196
f 176/176 170/170 186/186
f 176/176 186/186 189/189
f 178/178 176/176 196/196
f 198/198 178/178 196/196
f 196/196 199/199 198/198
f 190/190 197/197 189/189
f 200/200 197/197 201/201
f 190/190 191/191 197/197
f 191/191 201/201 197/197
f 197/197 199/199 196/196
f 200/200 199/199 197/197
f 199/199 200/200 202/202
f 203/203 204/204 184/184
f 183/183 205/205 184/184
f 184/184 205/205 203/203
f 198/198 206/206 179/179
f 207/207 179/179 206/206
f 161/161 207/207 208/208
f 208/208 207/207 209/209
f 207/207 206/206 209/209
f 133/133 161/161 208/208
f 210/210 134/134 211/211
f 134/134 133/133 208/208
f 209/209 212/212 213/213
f 209/209 213/213 208/208
f 134/134 208/208 213/213
f 212/212 214/214 213/213
f 215/215 198/198 199/199
f 198/198 216/216 206/206
f 215/215 216/216 198/198
f 217/217 215/215 199/199
f 206/206 216/216 212/212
f 212/212 209/209 206/206
f 212/212 216/216 218/218
f 219/219 216/216 220/220
f 216/216 215/215 217/217
f 216/216 217/217 220/220
f 218/218 216/216 219/219
f 153/153 177/177 161/161
f 153/153 152/152 177/177
f 152/152 123/123 177/177
f 177/177 123/123 173/173
f 177/177 207/207 161/161
f 179/179 207/207 175/175
f 177/177 175/175 207/207
f 221/221 157/157 222/222
f 179/179 178/178 198/198
f 217/217 199/199 202/202
f 223/223 224/224 225/225
f 132/132 210/210 225/225
f 210/210 132/132 134/134
f 226/226 225/225 210/210
f 227/227 228/228 223/223
f 223/223 225/225 226/226
f 226/226 210/210 229/229
f 230/230 226/226 229/229
f 223/223 226/226 230/230
f 230/230 227/227 223/223
f 142/142 231/231 148/148
f 232/232 148/148 233/233
f 233/233 148/148 231/231
f 232/232 146/146 148/148
f 146/146 234/234 144/144
f 235/235 234/234 146/146
f 235/235 146/146 232/232
f 146/146 147/147 148/148
f 236/236 232/232 233/233
f 237/237 232/232 236/236
f 236/236 233/233 228/228
f 238/238 235/235 232/232
f 232/232 237/237 238/238
f 239/239 235/235 238/238
f 238/238 237/237 240/240
f 241/241 239/239 238/238
f 224/224 231/231 159/159
f 159/159 231/231 142/142
f 233/233 231/231 224/224
f 224/224 159/159 225/225
f 225/225 158/158 132/132
f 159/159 158/158 225/225
f 224/224 223/223 228/228
f 233/233 224/224 228/228
f 242/242 228/228 227/227
f 242/242 227/227 243/243
f 242/242 243/243 244/244
f 230/230 245/245 227/227
f 246/246 245/245 230/230
f 237/237 236/236 247/247
f 247/247 240/240 237/237
f 247/247 236/236 228/228
f 247/247 228/228 244/244
f 241/241 238/238 240/240
f 114/114 241/241 240/240
f 114/114 113/113 241/241
f 244/244 248/248 247/247
f 248/248 240/240 247/247
f 244/244 228/228 242/242
f 249/249 210/210 211/211
f 211/211 134/134 213/213
f 213/213 250/250 211/211
f 250/250 213/213 214/214
f 251/251 249/249 250/250
f 214/214 252/252 250/250
f 229/229 210/210 249/249
f 249/249 211/211 250/250
f 253/253 254/254 255/255
f 254/254 256/256 257/257
f 219/219 258/258 218/218
f 258/258 219/219 259/259
f 214/214 212/212 218/218
f 260/260 214/214 218/218
f 260/260 218/218 258/258
f 252/252 214/214 260/260
f 261/261 262/262 263/263
f 253/253 262/262 261/261
f 253/253 255/255 262/262
f 229/229 249/249 251/251
f 264/264 229/229 251/251
f 251/251 250/250 252/252
f 265/265 251/251 252/252
f 230/230 229/229 264/264
f 256/256 254/254 253/253
f 246/246 230/230 264/264
f 265/265 266/266 251/251
f 266/266 264/264 251/251
f 265/265 252/252 260/260
f 258/258 267/267 260/260
f 267/267 258/258 268/268
f 269/269 270/270 257/257
f 260/260 271/271 265/265
f 272/272 266/266 265/265
f 265/265 271/271 272/272
f 267/267 271/271 260/260
f 267/267 273/273 271/271
f 274/274 275/275 276/276
f 144/144 277/277 278/278
f 280/280 276/276 281/281
f 283/283 280/280 284/284
f 283/283 274/274 276/276
f 280/280 283/283 276/276
f 286/286 287/287 277/277
f 286/286 279/279 287/287
f 289/289 284/284 280/280
f 288/288 279/279 286/286
f 290/290 291/291 274/274
f 291/291 292/292 275/275
f 291/291 275/275 274/274
f 293/293 292/292 294/294
f 291/291 294/294 292/292
f 294/294 291/291 295/295
f 284/284 297/297 298/298
f 297/297 299/299 298/298
f 285/285 300/300 296/296
f 283/283 284/284 298/298
f 283/283 298/298 274/274
f 298/298 290/290 274/274
f 298/298 299/299 290/290
f 299/299 301/301 290/290
f 297/297 302/302 299/299
f 296/296 304/304 303/303
f 299/299 302/302 301/301
f 291/291 290/290 301/301
f 291/291 301/301 295/295
f 305/305 307/307 308/308
f 308/308 307/307 309/309
f 311/311 308/308 309/309
f 312/312 310/310 306/306
f 313/313 314/314 315/315
f 314/314 316/316 317/317
f 294/294 318/318 293/293
f 318/318 294/294 319/319
f 320/320 321/321 319/319
f 294/294 295/295 319/319
f 319/319 322/322 320/320
f 320/320 323/323 321/321
f 315/315 324/324 323/323
f 323/323 313/313 315/315
f 323/323 320/320 325/325
f 326/326 320/320 322/322
f 326/326 325/325 320/320
f 322/322 327/327 328/328
f 302/302 329/329 301/301
f 329/329 327/327 301/301
f 331/331 329/329 332/332
f 327/327 329/329 331/331
f 327/327 319/319 295/295
f 295/295 301/301 327/327
f 327/327 322/322 319/319
f 334/334 335/335 312/312
f 334/334 336/336 335/335
f 310/310 335/335 337/337
f 310/310 312/312 335/335
f 322/322 328/328 326/326
f 331/331 326/326 328/328
f 331/331 328/328 327/327
f 340/340 331/331 332/332
f 340/340 341/341 331/331
f 341/341 326/326 331/331
f 336/336 334/334 342/342
f 336/336 342/342 343/343
f 344/344 336/336 343/343
f 313/313 345/345 314/314
f 346/346 316/316 314/314
f 346/346 314/314 345/345
f 323/323 345/345 313/313
f 345/345 323/323 325/325
f 347/347 346/346 345/345
f 348/348 316/316 346/346
f 317/317 316/316 348/348
f 348/348 349/349 317/317
f 317/317 349/349 350/350
f 348/348 346/346 347/347
f 351/351 352/352 326/326
f 352/352 345/345 325/325
f 326/326 352/352 325/325
f 353/353 352/352 351/351
f 352/352 347/347 345/345
f 354/354 347/347 352/352
f 353/353 354/354 352/352
f 350/350 349/349 355/355
f 356/356 357/357 348/348
f 357/357 349/349 348/348
f 358/358 355/355 349/349
f 359/359 355/355 358/358
f 349/349 360/360 358/358
f 357/357 360/360 349/349
f 347/347 356/356 348/348
f 354/354 356/356 347/347
f 361/361 357/357 356/356
f 354/354 361/361 356/356
f 361/361 354/354 362/362
f 361/361 363/363 357/357
f 362/362 363/363 361/361
f 341/341 351/351 326/326
f 343/343 342/342 364/364
f 364/364 365/365 343/343
f 351/351 341/341 367/367
f 368/368 351/351 367/367
f 353/353 351/351 369/369
f 369/369 354/354 353/353
f 354/354 369/369 362/362
f 371/371 365/365 364/364
f 366/366 370/370 372/372
f 373/373 144/144 234/234
f 373/373 277/277 144/144
f 286/286 277/277 373/373
f 234/234 374/374 373/373
f 375/375 376/376 374/374
f 374/374 376/376 373/373
f 288/288 377/377 378/378
f 377/377 379/379 378/378
f 380/380 379/379 377/377
f 376/376 286/286 373/373
f 376/376 377/377 288/288
f 288/288 286/286 376/376
f 378/378 285/285 288/288
f 375/375 374/374 239/239
f 239/239 241/241 381/381
f 381/381 375/375 239/239
f 382/382 380/380 377/377
f 383/383 382/382 375/375
f 383/383 380/380 382/382
f 380/380 383/383 384/384
f 382/382 376/376 375/375
f 382/382 377/377 376/376
f 383/383 375/375 385/385
f 386/386 387/387 388/388
f 386/386 389/389 387/387
f 300/300 285/285 378/378
f 304/304 296/296 300/300
f 390/390 304/304 300/300
f 378/378 390/390 300/300
f 390/390 378/378 391/391
f 378/378 379/379 391/391
f 392/392 391/391 379/379
f 391/391 388/388 390/390
f 393/393 394/394 395/395
f 396/396 397/397 308/308
f 398/398 395/395 399/399
f 304/304 390/390 400/400
f 303/303 304/304 400/400
f 388/388 400/400 390/390
f 387/387 400/400 388/388
f 396/396 308/308 311/311
f 338/338 311/311 309/309
f 311/311 401/401 396/396
f 402/402 338/338 403/403
f 384/384 392/392 380/380
f 392/392 379/379 380/380
f 392/392 404/404 391/391
f 405/405 392/392 384/384
f 405/405 406/406 392/392
f 404/404 388/388 391/391
f 404/404 386/386 388/388
f 392/392 406/406 404/404
f 406/406 386/386 404/404
f 381/381 241/241 113/113
f 385/385 375/375 381/381
f 381/381 113/113 385/385
f 385/385 113/113 407/407
f 383/383 385/385 408/408
f 409/409 384/384 383/383
f 408/408 409/409 383/383
f 407/407 410/410 408/408
f 410/410 409/409 408/408
f 407/407 408/408 385/385
f 411/411 407/407 113/113
f 113/113 115/115 411/411
f 412/412 409/409 410/410
f 413/413 412/412 410/410
f 407/407 413/413 410/410
f 414/414 386/386 406/406
f 414/414 415/415 386/386
f 406/406 416/416 414/414
f 417/417 414/414 416/416
f 416/416 418/418 417/417
f 417/417 418/418 419/419
f 419/419 420/420 417/417
f 419/419 421/421 420/420
f 409/409 405/405 384/384
f 422/422 405/405 409/409
f 412/412 422/422 409/409
f 422/422 416/416 405/405
f 416/416 406/406 405/405
f 418/418 416/416 422/422
f 418/418 422/422 412/412
f 423/423 418/418 412/412
f 389/389 424/424 387/387
f 389/389 425/425 424/424
f 426/426 333/333 425/425
f 427/427 426/426 425/425
f 389/389 427/427 425/425
f 415/415 389/389 386/386
f 428/428 389/389 429/429
f 415/415 429/429 389/389
f 415/415 428/428 429/429
f 428/428 427/427 389/389
f 415/415 430/430 428/428
f 431/431 426/426 427/427
f 426/426 431/431 432/432
f 433/433 431/431 427/427
f 434/434 431/431 433/433
f 428/428 433/433 427/427
f 433/433 428/428 435/435
f 435/435 434/434 433/433
f 424/424 303/303 400/400
f 425/425 330/330 303/303
f 400/400 387/387 424/424
f 424/424 425/425 303/303
f 437/437 438/438 440/440
f 439/439 441/441 436/436
f 438/438 337/337 335/335
f 337/337 438/438 437/437
f 403/403 338/338 436/436
f 441/441 403/403 436/436
f 330/330 425/425 333/333
f 442/442 339/339 333/333
f 426/426 442/442 333/333
f 440/440 438/438 443/443
f 336/336 438/438 335/335
f 344/344 438/438 336/336
f 443/443 438/438 344/344
f 440/440 443/443 444/444
f 439/439 445/445 446/446
f 444/444 443/443 447/447
f 448/448 449/449 450/450
f 432/432 442/442 426/426
f 451/451 339/339 442/442
f 442/442 452/452 451/451
f 432/432 452/452 442/442
f 453/453 451/451 452/452
f 434/434 432/432 431/431
f 434/434 454/454 432/432
f 452/452 432/432 454/454
f 455/455 452/452 454/454
f 456/456 454/454 434/434
f 455/455 454/454 456/456
f 453/453 452/452 457/457
f 452/452 455/455 457/457
f 457/457 455/455 458/458
f 459/459 457/457 458/458
f 460/460 459/459 458/458
f 340/340 367/367 341/341
f 443/443 344/344 461/461
f 447/447 443/443 461/461
f 463/463 462/462 464/464
f 344/344 465/465 461/461
f 344/344 343/343 465/465
f 465/465 343/343 365/365
f 464/464 462/462 466/466
f 367/367 340/340 468/468
f 467/467 339/339 451/451
f 469/469 367/367 468/468
f 469/469 368/368 367/367
f 451/451 453/453 467/467
f 470/470 467/467 453/453
f 464/464 472/472 473/473
f 466/466 366/366 474/474
f 466/466 474/474 472/472
f 474/474 366/366 372/372
f 464/464 466/466 472/472
f 474/474 475/475 472/472
f 472/472 476/476 473/473
f 462/462 463/463 448/448
f 448/448 463/463 477/477
f 449/449 448/448 477/477
f 478/478 449/449 477/477
f 473/473 463/463 464/464
f 463/463 473/473 479/479
f 463/463 479/479 477/477
f 479/479 473/473 480/480
f 481/481 479/479 480/480
f 482/482 479/479 481/481
f 417/417 483/483 414/414
f 483/483 415/415 414/414
f 430/430 415/415 483/483
f 484/484 483/483 417/417
f 430/430 483/483 484/484
f 430/430 435/435 428/428
f 485/485 456/456 434/434
f 485/485 434/434 435/435
f 486/486 430/430 484/484
f 485/485 435/435 430/430
f 486/486 485/485 430/430
f 420/420 484/484 417/417
f 420/420 487/487 484/484
f 487/487 420/420 421/421
f 484/484 487/487 486/486
f 488/488 485/485 486/486
f 489/489 488/488 486/486
f 489/489 486/486 487/487
f 421/421 490/490 487/487
f 489/489 487/487 490/490
f 450/450 449/449 491/491
f 492/492 450/450 491/491
f 493/493 456/456 485/485
f 493/493 494/494 456/456
f 485/485 488/488 493/493
f 494/494 493/493 495/495
f 455/455 456/456 494/494
f 494/494 458/458 455/455
f 496/496 458/458 494/494
f 496/496 460/460 458/458
f 495/495 496/496 494/494
f 497/497 496/496 495/495
f 495/495 493/493 488/488
f 498/498 495/495 488/488
f 490/490 499/499 489/489
f 488/488 489/489 500/500
f 500/500 498/498 488/488
f 500/500 489/489 499/499
f 495/495 498/498 497/497
f 501/501 498/498 500/500
f 501/501 497/497 498/498
f 502/502 449/449 478/478
f 491/491 449/449 503/503
f 503/503 449/449 502/502
f 504/504 478/478 482/482
f 504/504 505/505 502/502
f 502/502 478/478 504/504
f 507/507 508/508 509/509
f 508/508 510/510 509/509
f 511/511 512/512 513/513
f 511/511 514/514 512/512
f 515/515 509/509 510/510
f 513/513 515/515 510/510
f 516/516 515/515 513/513
f 508/508 511/511 510/510
f 513/513 510/510 511/511
f 517/517 518/518 519/519
f 520/520 521/521 517/517
f 120/120 517/517 521/521
f 517/517 120/120 131/131
f 520/520 517/517 519/519
f 518/518 515/515 519/519
f 516/516 519/519 515/515
f 519/519 516/516 522/522
f 522/522 520/520 519/519
f 522/522 24/24 520/520
f 522/522 50/50 24/24
f 128/128 509/509 131/131
f 509/509 515/515 518/518
f 131/131 509/509 518/518
f 131/131 518/518 517/517
f 128/128 507/507 509/509
f 506/506 129/129 125/125
f 523/523 524/524 525/525
f 526/526 527/527 155/155
f 527/527 528/528 529/529
f 529/529 155/155 527/527
f 528/528 525/525 532/532
f 528/528 532/532 529/529
f 528/528 527/527 523/523
f 528/528 523/523 525/525
f 533/533 532/532 525/525
f 535/535 533/533 525/525
f 536/536 533/533 535/535
f 535/535 537/537 536/536
f 538/538 535/535 525/525
f 535/535 538/538 539/539
f 525/525 524/524 538/538
f 540/540 539/539 538/538
f 524/524 541/541 538/538
f 542/542 543/543 544/544
f 545/545 546/546 547/547
f 548/548 546/546 545/545
f 546/546 549/549 550/550
f 543/543 545/545 547/547
f 551/551 545/545 543/543
f 513/513 512/512 552/552
f 553/553 513/513 552/552
f 553/553 516/516 513/513
f 552/552 542/542 553/553
f 552/552 293/293 542/542
f 318/318 542/542 293/293
f 544/544 553/553 542/542
f 554/554 551/551 542/542
f 554/554 545/545 551/551
f 542/542 318/318 554/554
f 543/543 542/542 551/551
f 555/555 556/556 557/557
f 558/558 559/559 4/4
f 559/559 14/14 4/4
f 560/560 522/522 516/516
f 560/560 516/516 561/561
f 561/561 558/558 560/560
f 544/544 543/543 558/558
f 516/516 544/544 561/561
f 553/553 544/544 516/516
f 558/558 561/561 544/544
f 50/50 560/560 10/10
f 50/50 522/522 560/560
f 558/558 10/10 560/560
f 4/4 10/10 558/558
f 9/9 50/50 10/10
f 559/559 547/547 14/14
f 14/14 547/547 13/13
f 4/4 14/14 5/5
f 550/550 11/11 13/13
f 547/547 546/546 13/13
f 13/13 546/546 550/550
f 550/550 562/562 11/11
f 562/562 563/563 11/11
f 564/564 563/563 562/562
f 558/558 543/543 559/559
f 543/543 547/547 559/559
f 17/17 11/11 563/563
f 17/17 563/563 565/565
f 563/563 566/566 565/565
f 567/567 565/565 566/566
f 17/17 565/565 18/18
f 539/539 540/540 556/556
f 537/537 568/568 569/569
f 569/569 536/536 537/537
f 539/539 537/537 535/535
f 555/555 539/539 556/556
f 537/537 555/555 568/568
f 539/539 555/555 537/537
f 540/540 538/538 541/541
f 570/570 540/540 541/541
f 571/571 570/570 541/541
f 556/556 540/540 570/570
f 570/570 572/572 573/573
f 573/573 556/556 570/570
f 573/573 574/574 556/556
f 557/557 556/556 574/574
f 574/574 573/573 575/575
f 575/575 573/573 572/572
f 576/576 577/577 141/141
f 278/278 282/282 578/578
f 577/577 282/282 580/580
f 282/282 577/577 578/578
f 135/135 580/580 506/506
f 135/135 577/577 580/580
f 135/135 506/506 136/136
f 125/125 136/136 506/506
f 507/507 579/579 508/508
f 135/135 141/141 577/577
f 581/581 582/582 583/583
f 581/581 583/583 584/584
f 281/281 276/276 579/579
f 511/511 276/276 514/514
f 579/579 276/276 511/511
f 275/275 514/514 276/276
f 579/579 511/511 508/508
f 585/585 534/534 587/587
f 586/586 536/536 569/569
f 533/533 536/536 586/586
f 585/585 583/583 534/534
f 584/584 583/583 585/585
f 588/588 585/585 587/587
f 589/589 588/588 587/587
f 591/591 585/585 588/588
f 145/145 576/576 143/143
f 141/141 137/137 576/576
f 143/143 576/576 137/137
f 145/145 578/578 576/576
f 578/578 577/577 576/576
f 278/278 578/578 145/145
f 282/282 278/278 287/287
f 287/287 278/278 277/277
f 145/145 144/144 278/278
f 592/592 593/593 594/594
f 594/594 593/593 581/581
f 279/279 282/282 287/287
f 595/595 591/591 588/588
f 596/596 591/591 595/595
f 594/594 591/591 596/596
f 592/592 594/594 597/597
f 591/591 581/581 598/598
f 591/591 584/584 585/585
f 581/581 591/591 594/594
f 154/154 530/530 599/599
f 531/531 582/582 530/530
f 530/530 582/582 599/599
f 534/534 583/583 531/531
f 582/582 531/531 583/583
f 275/275 292/292 512/512
f 275/275 512/512 514/514
f 292/292 552/552 512/512
f 292/292 293/293 552/552
f 589/589 600/600 588/588
f 595/595 588/588 600/600
f 602/602 590/590 603/603
f 590/590 586/586 569/569
f 603/603 569/569 568/568
f 590/590 569/569 603/603
f 602/602 603/603 604/604
f 602/602 604/604 605/605
f 605/605 604/604 606/606
f 603/603 568/568 607/607
f 555/555 607/607 568/568
f 607/607 555/555 557/557
f 604/604 607/607 608/608
f 609/609 607/607 557/557
f 603/603 607/607 604/604
f 595/595 600/600 305/305
f 596/596 595/595 305/305
f 601/601 305/305 600/600
f 307/307 305/305 601/601
f 601/601 600/600 589/589
f 596/596 305/305 393/393
f 397/397 393/393 305/305
f 308/308 397/397 305/305
f 605/605 306/306 602/602
f 306/306 605/605 606/606
f 312/312 306/306 606/606
f 610/610 521/521 520/520
f 24/24 610/610 520/520
f 521/521 610/610 166/166
f 20/20 610/610 23/23
f 521/521 162/162 120/120
f 166/166 162/162 521/521
f 166/166 20/20 19/19
f 20/20 166/166 610/610
f 167/167 19/19 30/30
f 611/611 612/612 613/613
f 613/613 614/614 611/611
f 615/615 613/613 616/616
f 613/613 615/615 614/614
f 617/617 614/614 615/615
f 23/23 610/610 24/24
f 50/50 25/25 24/24
f 524/524 618/618 541/541
f 618/618 619/619 541/541
f 618/618 620/620 619/619
f 621/621 620/620 622/622
f 614/614 617/617 623/623
f 617/617 620/620 623/623
f 620/620 617/617 622/622
f 623/623 620/620 618/618
f 181/181 180/180 624/624
f 614/614 625/625 180/180
f 523/523 623/623 618/618
f 527/527 625/625 523/523
f 614/614 523/523 625/625
f 523/523 618/618 524/524
f 614/614 623/623 523/523
f 625/625 526/526 624/624
f 527/527 526/526 625/625
f 625/625 624/624 180/180
f 180/180 626/626 611/611
f 180/180 611/611 614/614
f 611/611 626/626 612/612
f 612/612 616/616 613/613
f 616/616 612/612 204/204
f 616/616 204/204 627/627
f 616/616 628/628 615/615
f 629/629 630/630 628/628
f 631/631 632/632 629/629
f 633/633 631/631 629/629
f 633/633 627/627 634/634
f 616/616 627/627 629/629
f 616/616 629/629 628/628
f 633/633 629/629 627/627
f 622/622 615/615 628/628
f 622/622 628/628 635/635
f 628/628 630/630 635/635
f 622/622 635/635 621/621
f 635/635 88/88 621/621
f 622/622 617/617 615/615
f 632/632 635/635 630/630
f 632/632 630/630 629/629
f 635/635 632/632 636/636
f 89/89 635/635 636/636
f 184/184 204/204 612/612
f 619/619 571/571 541/541
f 570/570 571/571 572/572
f 572/572 571/571 637/637
f 637/637 571/571 638/638
f 638/638 619/619 620/620
f 620/620 621/621 638/638
f 637/637 638/638 90/90
f 619/619 638/638 571/571
f 18/18 565/565 639/639
f 639/639 59/59 18/18
f 575/575 572/572 637/637
f 637/637 94/94 575/575
f 94/94 637/637 90/90
f 638/638 621/621 88/88
f 638/638 88/88 90/90
f 89/89 88/88 635/635
f 548/548 640/640 549/549
f 641/641 548/548 545/545
f 641/641 642/642 548/548
f 546/546 548/548 549/549
f 550/550 549/549 562/562
f 643/643 562/562 549/549
f 643/643 549/549 640/640
f 548/548 642/642 640/640
f 640/640 642/642 644/644
f 640/640 644/644 643/643
f 645/645 642/642 641/641
f 646/646 641/641 554/554
f 641/641 646/646 645/645
f 646/646 554/554 647/647
f 554/554 318/318 647/647
f 648/648 646/646 647/647
f 554/554 641/641 545/545
f 649/649 643/643 644/644
f 650/650 651/651 643/643
f 652/652 642/642 645/645
f 642/642 652/652 653/653
f 644/644 642/642 653/653
f 654/654 644/644 653/653
f 653/653 655/655 654/654
f 648/648 645/645 646/646
f 648/648 652/652 645/645
f 324/324 652/652 648/648
f 315/315 652/652 324/324
f 652/652 656/656 653/653
f 656/656 652/652 315/315
f 314/314 656/656 315/315
f 653/653 656/656 655/655
f 654/654 655/655 657/657
f 658/658 655/655 656/656
f 657/657 659/659 660/660
f 649/649 644/644 654/654
f 649/649 654/654 657/657
f 643/643 649/649 650/650
f 649/649 657/657 650/650
f 661/661 651/651 650/650
f 657/657 660/660 650/650
f 660/660 662/662 650/650
f 662/662 661/661 650/650
f 566/566 563/563 564/564
f 643/643 564/564 562/562
f 651/651 564/564 643/643
f 663/663 564/564 651/651
f 564/564 663/663 566/566
f 664/664 566/566 663/663
f 651/651 661/661 663/663
f 663/663 661/661 664/664
f 565/565 567/567 639/639
f 665/665 639/639 567/567
f 59/59 639/639 665/665
f 567/567 566/566 664/664
f 666/666 567/567 667/667
f 567/567 664/664 667/667
f 666/666 665/665 567/567
f 666/666 98/98 665/665
f 668/668 667/667 664/664
f 666/666 667/667 669/669
f 670/670 664/664 661/661
f 670/670 668/668 664/664
f 671/671 574/574 575/575
f 575/575 672/672 671/671
f 662/662 670/670 661/661
f 673/673 672/672 575/575
f 656/656 314/314 658/658
f 655/655 658/658 350/350
f 659/659 657/657 655/655
f 674/674 660/660 659/659
f 314/314 317/317 658/658
f 658/658 317/317 350/350
f 659/659 655/655 350/350
f 659/659 350/350 675/675
f 676/676 662/662 660/660
f 660/660 674/674 676/676
f 355/355 675/675 350/350
f 677/677 670/670 662/662
f 668/668 670/670 677/677
f 678/678 668/668 677/677
f 678/678 679/679 668/668
f 667/667 668/668 679/679
f 318/318 319/319 321/321
f 318/318 321/321 647/647
f 321/321 648/648 647/647
f 606/606 604/604 608/608
f 680/680 334/334 608/608
f 607/607 609/609 608/608
f 557/557 574/574 609/609
f 574/574 671/671 609/609
f 681/681 609/609 671/671
f 609/609 680/680 608/608
f 681/681 680/680 609/609
f 648/648 321/321 324/324
f 321/321 323/323 324/324
f 681/681 682/682 680/680
f 682/682 681/681 683/683
f 684/684 681/681 671/671
f 684/684 671/671 672/672
f 312/312 606/606 334/334
f 334/334 606/606 608/608
f 342/342 680/680 682/682
f 680/680 342/342 334/334
f 685/685 674/674 659/659
f 685/685 659/659 675/675
f 686/686 674/674 685/685
f 686/686 676/676 674/674
f 684/684 683/683 681/681
f 676/676 687/687 662/662
f 676/676 686/686 687/687
f 662/662 687/687 677/677
f 359/359 675/675 355/355
f 685/685 675/675 359/359
f 688/688 685/685 359/359
f 686/686 685/685 688/688
f 689/689 686/686 688/688
f 689/689 687/687 686/686
f 689/689 677/677 687/687
f 689/689 678/678 677/677
f 690/690 678/678 689/689
f 678/678 690/690 691/691
f 682/682 683/683 364/364
f 682/682 364/364 342/342
f 683/683 371/371 364/364
f 370/370 692/692 694/694
f 694/694 372/372 370/370
f 693/693 371/371 683/683
f 693/693 683/683 684/684
f 695/695 693/693 684/684
f 697/697 684/684 672/672
f 679/679 678/678 691/691
f 695/695 684/684 697/697
f 673/673 697/697 672/672
f 59/59 665/665 98/98
f 98/98 669/669 99/99
f 98/98 666/666 669/669
f 98/98 62/62 59/59
f 96/96 575/575 94/94
f 575/575 96/96 698/698
f 667/667 679/679 669/669
f 99/99 669/669 109/109
f 575/575 698/698 673/673
f 698/698 96/96 699/699
f 679/679 700/700 669/669
f 679/679 701/701 700/700
f 702/702 700/700 701/701
f 699/699 697/697 698/698
f 673/673 698/698 697/697
f 700/700 109/109 669/669
f 702/702 109/109 700/700
f 702/702 112/112 109/109
f 112/112 702/702 703/703
f 697/697 699/699 704/704
f 705/705 592/592 706/706
f 374/374 234/234 235/235
f 593/593 592/592 705/705
f 707/707 592/592 597/597
f 706/706 592/592 707/707
f 707/707 597/597 398/398
f 395/395 398/398 393/393
f 239/239 374/374 235/235
f 398/398 597/597 393/393
f 708/708 156/156 709/709
f 156/156 708/708 157/157
f 157/157 708/708 222/222
f 710/710 711/711 712/712
f 711/711 709/709 156/156
f 710/710 709/709 711/711
f 713/713 714/714 709/709
f 713/713 709/709 710/710
f 713/713 715/715 716/716
f 717/717 710/710 718/718
f 713/713 710/710 717/717
f 716/716 719/719 720/720
f 714/714 720/720 708/708
f 714/714 708/708 709/709
f 716/716 714/714 713/713
f 716/716 720/720 714/714
f 157/157 624/624 526/526
f 221/221 624/624 157/157
f 185/185 624/624 221/221
f 182/182 626/626 180/180
f 612/612 626/626 184/184
f 626/626 182/182 184/184
f 182/182 181/181 624/624
f 624/624 185/185 182/182
f 185/185 184/184 182/182
f 204/204 203/203 627/627
f 627/627 203/203 721/721
f 203/203 205/205 722/722
f 723/723 722/722 205/205
f 724/724 721/721 203/203
f 725/725 634/634 724/724
f 722/722 725/725 724/724
f 726/726 725/725 722/722
f 727/727 726/726 722/722
f 203/203 722/722 724/724
f 728/728 729/729 730/730
f 729/729 731/731 730/730
f 732/732 731/731 729/729
f 733/733 221/221 222/222
f 221/221 733/733 185/185
f 708/708 720/720 222/222
f 728/728 222/222 720/720
f 719/719 728/728 720/720
f 222/222 728/728 733/733
f 733/733 734/734 185/185
f 185/185 734/734 183/183
f 734/734 733/733 728/728
f 730/730 731/731 734/734
f 183/183 734/734 731/731
f 734/734 728/728 730/730
f 729/729 728/728 719/719
f 735/735 729/729 719/719
f 719/719 716/716 735/735
f 736/736 735/735 716/716
f 732/732 729/729 737/737
f 729/729 738/738 737/737
f 735/735 738/738 729/729
f 732/732 723/723 731/731
f 723/723 732/732 739/739
f 732/732 740/740 739/739
f 739/739 727/727 723/723
f 741/741 727/727 739/739
f 742/742 739/739 740/740
f 742/742 741/741 739/739
f 205/205 183/183 731/731
f 723/723 205/205 731/731
f 723/723 727/727 722/722
f 741/741 726/726 727/727
f 740/740 732/732 743/743
f 737/737 743/743 732/732
f 742/742 740/740 743/743
f 744/744 741/741 742/742
f 717/717 718/718 745/745
f 746/746 736/736 716/716
f 263/263 736/736 746/746
f 715/715 713/713 717/717
f 745/745 747/747 717/717
f 747/747 715/715 717/717
f 748/748 715/715 747/747
f 715/715 746/746 716/716
f 746/746 715/715 748/748
f 749/749 746/746 748/748
f 748/748 750/750 749/749
f 746/746 749/749 263/263
f 261/261 263/263 749/749
f 749/749 750/750 751/751
f 750/750 748/748 747/747
f 750/750 747/747 752/752
f 752/752 753/753 754/754
f 755/755 754/754 753/753
f 754/754 755/755 756/756
f 757/757 751/751 758/758
f 750/750 758/758 751/751
f 758/758 759/759 757/757
f 757/757 749/749 751/751
f 760/760 261/261 749/749
f 760/760 749/749 757/757
f 758/758 750/750 752/752
f 758/758 752/752 754/754
f 761/761 760/760 757/757
f 759/759 758/758 754/754
f 754/754 756/756 759/759
f 257/257 762/762 763/763
f 764/764 765/765 762/762
f 270/270 762/762 257/257
f 762/762 270/270 764/764
f 766/766 767/767 736/736
f 767/767 766/766 738/738
f 767/767 735/735 736/736
f 738/738 735/735 767/767
f 763/763 737/737 738/738
f 255/255 736/736 263/263
f 262/262 255/255 263/263
f 736/736 255/255 766/766
f 254/254 766/766 255/255
f 254/254 738/738 766/766
f 257/257 738/738 254/254
f 743/743 737/737 763/763
f 763/763 762/762 743/743
f 742/742 743/743 744/744
f 744/744 743/743 765/765
f 744/744 765/765 768/768
f 765/765 743/743 762/762
f 764/764 768/768 765/765
f 257/257 763/763 738/738
f 769/769 256/256 253/253
f 770/770 253/253 261/261
f 769/769 253/253 770/770
f 269/269 257/257 256/256
f 771/771 269/269 256/256
f 772/772 764/764 270/270
f 269/269 772/772 270/270
f 771/771 256/256 769/769
f 773/773 269/269 771/771
f 770/770 261/261 760/760
f 774/774 775/775 399/399
f 394/394 393/393 397/397
f 394/394 397/397 396/396
f 395/395 396/396 401/401
f 776/776 395/395 401/401
f 395/395 394/394 396/396
f 402/402 401/401 311/311
f 338/338 402/402 311/311
f 441/441 402/402 403/403
f 777/777 402/402 441/441
f 774/774 399/399 395/395
f 395/395 776/776 774/774
f 778/778 776/776 401/401
f 774/774 776/776 778/778
f 779/779 774/774 778/778
f 779/779 778/778 780/780
f 781/781 775/775 774/774
f 774/774 779/779 781/781
f 777/777 441/441 782/782
f 783/783 784/784 777/777
f 782/782 783/783 777/777
f 780/780 784/784 783/783
f 778/778 401/401 777/777
f 784/784 778/778 777/777
f 401/401 402/402 777/777
f 784/784 780/780 778/778
f 785/785 781/781 779/779
f 786/786 781/781 785/785
f 787/787 785/785 788/788
f 786/786 785/785 787/787
f 789/789 790/790 787/787
f 787/787 791/791 789/789
f 779/779 780/780 788/788
f 785/785 779/779 788/788
f 792/792 780/780 783/783
f 780/780 792/792 793/793
f 788/788 780/780 793/793
f 794/794 788/788 793/793
f 791/791 787/787 788/788
f 788/788 795/795 791/791
f 794/794 795/795 788/788
f 796/796 793/793 792/792
f 797/797 793/793 796/796
f 798/798 794/794 793/793
f 441/441 446/446 782/782
f 439/439 446/446 441/441
f 446/446 799/799 782/782
f 783/783 782/782 799/799
f 450/450 446/446 445/445
f 445/445 448/448 450/450
f 799/799 446/446 450/450
f 477/477 479/479 478/478
f 792/792 783/783 800/800
f 801/801 792/792 800/800
f 800/800 783/783 799/799
f 800/800 799/799 492/492
f 792/792 801/801 796/796
f 800/800 492/492 801/801
f 799/799 450/450 492/492
f 492/492 802/802 801/801
f 491/491 802/802 492/492
f 803/803 796/796 801/801
f 804/804 803/803 801/801
f 803/803 797/797 796/796
f 802/802 804/804 801/801
f 805/805 803/803 806/806
f 806/806 803/803 804/804
f 807/807 804/804 802/802
f 802/802 491/491 808/808
f 503/503 808/808 491/491
f 808/808 503/503 505/505
f 478/478 479/479 482/482
f 505/505 503/503 502/502
f 807/807 802/802 808/808
f 809/809 807/807 808/808
f 505/505 504/504 810/810
f 809/809 808/808 505/505
f 811/811 809/809 505/505
f 811/811 505/505 810/810
f 812/812 811/811 810/810
f 593/593 712/712 581/581
f 718/718 593/593 705/705
f 718/718 712/712 593/593
f 597/597 594/594 596/596
f 596/596 393/393 597/597
f 581/581 584/584 598/598
f 598/598 584/584 591/591
f 582/582 711/711 599/599
f 156/156 599/599 711/711
f 711/711 582/582 581/581
f 526/526 155/155 157/157
f 156/156 154/154 599/599
f 712/712 711/711 581/581
f 718/718 710/710 712/712
f 721/721 634/634 627/627
f 721/721 724/724 634/634
f 813/813 706/706 814/814
f 745/745 718/718 705/705
f 706/706 745/745 705/705
f 747/747 745/745 813/813
f 745/745 706/706 813/813
f 814/814 399/399 775/775
f 814/814 707/707 399/399
f 814/814 706/706 707/707
f 707/707 398/398 399/399
f 813/813 814/814 815/815
f 747/747 813/813 752/752
f 813/813 753/753 752/752
f 815/815 753/753 813/813
f 781/781 814/814 775/775
f 815/815 814/814 781/781
f 815/815 781/781 816/816
f 817/817 815/815 816/816
f 781/781 786/786 816/816
f 753/753 817/817 755/755
f 786/786 817/817 816/816
f 815/815 817/817 753/753
f 818/818 817/817 786/786
f 786/786 790/790 818/818
f 819/819 820/820 755/755
f 819/819 755/755 817/817
f 790/790 786/786 787/787
f 194/194 35/35 36/36
f 821/821 33/33 822/822
f 34/34 823/823 36/36
f 36/36 823/823 824/824
f 823/823 34/34 821/821
f 33/33 821/821 34/34
f 826/826 828/828 823/823
f 828/828 824/824 823/823
f 823/823 821/821 826/826
f 829/829 826/826 821/821
f 826/826 831/831 828/828
f 826/826 829/829 831/831
f 832/832 33/33 32/32
f 33/33 832/832 822/822
f 86/86 832/832 32/32
f 833/833 834/834 835/835
f 829/829 821/821 822/822
f 836/836 822/822 832/832
f 829/829 822/822 837/837
f 836/836 837/837 822/822
f 829/829 837/837 838/838
f 827/827 830/830 839/839
f 841/841 839/839 830/830
f 842/842 839/839 843/843
f 839/839 841/841 843/843
f 829/829 844/844 840/840
f 838/838 844/844 829/829
f 844/844 838/838 845/845
f 831/831 829/829 840/840
f 843/843 841/841 846/846
f 840/840 844/844 847/847
f 848/848 843/843 846/846
f 849/849 843/843 848/848
f 851/851 848/848 846/846
f 845/845 847/847 844/844
f 850/850 847/847 845/845
f 848/848 851/851 852/852
f 853/853 85/85 77/77
f 85/85 853/853 86/86
f 854/854 86/86 853/853
f 855/855 836/836 854/854
f 854/854 836/836 86/86
f 856/856 853/853 77/77
f 856/856 77/77 75/75
f 80/80 857/857 81/81
f 858/858 859/859 81/81
f 81/81 857/857 858/858
f 856/856 75/75 859/859
f 859/859 75/75 81/81
f 856/856 860/860 853/853
f 856/856 859/859 861/861
f 862/862 856/856 861/861
f 854/854 853/853 860/860
f 855/855 854/854 863/863
f 864/864 855/855 863/863
f 860/860 863/863 854/854
f 862/862 860/860 856/856
f 865/865 860/860 862/862
f 863/863 860/860 865/865
f 832/832 86/86 836/836
f 89/89 636/636 91/91
f 91/91 636/636 833/833
f 833/833 866/866 91/91
f 91/91 866/866 92/92
f 867/867 92/92 866/866
f 855/855 837/837 836/836
f 835/835 868/868 833/833
f 833/833 868/868 869/869
f 870/870 868/868 835/835
f 868/868 871/871 869/869
f 872/872 866/866 869/869
f 833/833 869/869 866/866
f 873/873 869/869 871/871
f 93/93 92/92 97/97
f 97/97 92/92 867/867
f 97/97 867/867 874/874
f 867/867 866/866 872/872
f 872/872 869/869 873/873
f 875/875 872/872 873/873
f 867/867 872/872 875/875
f 874/874 867/867 875/875
f 864/864 837/837 855/855
f 876/876 864/864 863/863
f 876/876 877/877 864/864
f 878/878 876/876 863/863
f 865/865 878/878 863/863
f 877/877 876/876 879/879
f 880/880 838/838 837/837
f 864/864 880/880 837/837
f 880/880 864/864 877/877
f 871/871 868/868 881/881
f 871/871 881/881 882/882
f 838/838 880/880 883/883
f 883/883 845/845 838/838
f 883/883 884/884 845/845
f 877/877 883/883 880/880
f 885/885 883/883 877/877
f 883/883 885/885 884/884
f 850/850 845/845 886/886
f 886/886 845/845 884/884
f 888/888 871/871 882/882
f 888/888 873/873 871/871
f 889/889 875/875 873/873
f 873/873 888/888 890/890
f 885/885 877/877 879/879
f 879/879 891/891 885/885
f 885/885 891/891 892/892
f 888/888 882/882 893/893
f 888/888 893/893 894/894
f 888/888 894/894 890/890
f 852/852 851/851 887/887
f 895/895 886/886 884/884
f 897/897 886/886 895/895
f 896/896 898/898 887/887
f 896/896 899/899 898/898
f 901/901 899/899 896/896
f 885/885 895/895 884/884
f 885/885 892/892 895/895
f 895/895 892/892 902/902
f 902/902 892/892 903/903
f 897/897 902/902 900/900
f 902/902 897/897 895/895
f 902/902 904/904 900/900
f 906/906 907/907 901/901
f 906/906 901/901 905/905
f 102/102 857/857 80/80
f 857/857 102/102 908/908
f 102/102 101/101 909/909
f 910/910 909/909 101/101
f 104/104 910/910 101/101
f 102/102 909/909 908/908
f 911/911 908/908 909/909
f 911/911 912/912 908/908
f 859/859 858/858 861/861
f 908/908 858/858 857/857
f 858/858 908/908 913/913
f 913/913 861/861 858/858
f 103/103 914/914 104/104
f 912/912 913/913 908/908
f 862/862 861/861 915/915
f 915/915 865/865 862/862
f 912/912 915/915 861/861
f 912/912 861/861 913/913
f 915/915 912/912 916/916
f 917/917 865/865 915/915
f 911/911 909/909 910/910
f 918/918 911/911 910/910
f 910/910 104/104 918/918
f 919/919 918/918 104/104
f 911/911 918/918 920/920
f 914/914 103/103 106/106
f 921/921 914/914 106/106
f 919/919 104/104 914/914
f 914/914 922/922 919/919
f 922/922 914/914 921/921
f 923/923 924/924 911/911
f 923/923 911/911 920/920
f 925/925 920/920 918/918
f 923/923 920/920 926/926
f 925/925 926/926 920/920
f 918/918 919/919 927/927
f 925/925 928/928 926/926
f 912/912 911/911 924/924
f 912/912 924/924 916/916
f 916/916 917/917 915/915
f 924/924 929/929 916/916
f 916/916 929/929 917/917
f 923/923 926/926 924/924
f 926/926 930/930 924/924
f 919/919 922/922 927/927
f 927/927 922/922 931/931
f 930/930 929/929 924/924
f 932/932 930/930 926/926
f 932/932 929/929 930/930
f 929/929 932/932 933/933
f 95/95 97/97 934/934
f 934/934 97/97 874/874
f 95/95 935/935 96/96
f 95/95 934/934 935/935
f 936/936 937/937 875/875
f 874/874 875/875 937/937
f 938/938 934/934 874/874
f 938/938 874/874 937/937
f 939/939 921/921 106/106
f 110/110 939/939 106/106
f 940/940 939/939 110/110
f 940/940 921/921 939/939
f 921/921 940/940 941/941
f 934/934 942/942 935/935
f 934/934 938/938 943/943
f 942/942 934/934 943/943
f 917/917 944/944 865/865
f 944/944 878/878 865/865
f 944/944 945/945 878/878
f 879/879 876/876 945/945
f 878/878 945/945 876/876
f 946/946 944/944 917/917
f 946/946 917/917 947/947
f 917/917 929/929 947/947
f 933/933 947/947 929/929
f 948/948 946/946 947/947
f 933/933 948/948 947/947
f 945/945 944/944 949/949
f 946/946 950/950 944/944
f 951/951 950/950 946/946
f 950/950 949/949 944/944
f 936/936 875/875 889/889
f 937/937 936/936 889/889
f 889/889 873/873 890/890
f 889/889 890/890 952/952
f 937/937 889/889 953/953
f 953/953 889/889 954/954
f 954/954 889/889 952/952
f 945/945 891/891 879/879
f 955/955 890/890 894/894
f 955/955 894/894 956/956
f 955/955 952/952 890/890
f 957/957 952/952 955/955
f 954/954 952/952 957/957
f 957/957 955/955 958/958
f 937/937 953/953 938/938
f 943/943 938/938 953/953
f 959/959 953/953 954/954
f 959/959 943/943 953/953
f 959/959 954/954 960/960
f 959/959 961/961 943/943
f 949/949 891/891 945/945
f 950/950 962/962 949/949
f 954/954 957/957 960/960
f 963/963 957/957 964/964
f 963/963 960/960 957/957
f 941/941 931/931 922/922
f 921/921 941/941 922/922
f 927/927 925/925 918/918
f 925/925 927/927 965/965
f 965/965 928/928 925/925
f 966/966 928/928 967/967
f 967/967 928/928 965/965
f 968/968 931/931 941/941
f 926/926 928/928 932/932
f 966/966 932/932 928/928
f 969/969 932/932 966/966
f 970/970 927/927 931/931
f 931/931 968/968 970/970
f 971/971 970/970 968/968
f 965/965 927/927 970/970
f 972/972 967/967 965/965
f 973/973 972/972 965/965
f 965/965 970/970 973/973
f 974/974 973/973 970/970
f 975/975 972/972 976/976
f 976/976 972/972 973/973
f 977/977 976/976 973/973
f 974/974 970/970 971/971
f 974/974 977/977 973/973
f 110/110 111/111 940/940
f 978/978 968/968 941/941
f 978/978 941/941 940/940
f 979/979 978/978 940/940
f 979/979 111/111 112/112
f 111/111 979/979 940/940
f 943/943 980/980 942/942
f 981/981 942/942 980/980
f 979/979 112/112 982/982
f 971/971 968/968 978/978
f 979/979 983/983 978/978
f 971/971 978/978 983/983
f 983/983 984/984 971/971
f 984/984 974/974 971/971
f 974/974 984/984 985/985
f 982/982 983/983 979/979
f 966/966 986/986 969/969
f 948/948 933/933 932/932
f 948/948 932/932 969/969
f 969/969 986/986 948/948
f 948/948 987/987 946/946
f 951/951 946/946 987/987
f 967/967 986/986 966/966
f 986/986 987/987 948/948
f 988/988 987/987 986/986
f 989/989 988/988 986/986
f 972/972 975/975 967/967
f 967/967 975/975 989/989
f 989/989 986/986 967/967
f 976/976 990/990 975/975
f 975/975 991/991 989/989
f 991/991 975/975 990/990
f 980/980 943/943 961/961
f 959/959 960/960 961/961
f 950/950 951/951 992/992
f 962/962 950/950 992/992
f 988/988 951/951 987/987
f 951/951 993/993 992/992
f 994/994 960/960 963/963
f 994/994 963/963 995/995
f 996/996 961/961 960/960
f 997/997 961/961 996/996
f 994/994 996/996 960/960
f 996/996 994/994 998/998
f 991/991 988/988 989/989
f 999/999 988/988 991/991
f 1000/1000 988/988 999/999
f 980/980 961/961 997/997
f 993/993 951/951 988/988
f 1001/1001 993/993 1002/1002
f 988/988 1000/1000 993/993
f 1002/1002 993/993 1000/1000
f 891/891 903/903 892/892
f 902/902 903/903 1003/1003
f 891/891 1004/1004 903/903
f 1004/1004 1003/1003 903/903
f 1003/1003 1004/1004 1005/1005
f 904/904 902/902 1003/1003
f 1007/1007 904/904 1008/1008
f 1003/1003 1008/1008 904/904
f 1008/1008 1003/1003 1005/1005
f 1005/1005 1009/1009 1008/1008
f 1007/1007 1008/1008 1009/1009
f 891/891 949/949 1004/1004
f 1004/1004 949/949 962/962
f 1010/1010 1004/1004 962/962
f 1010/1010 1005/1005 1004/1004
f 1011/1011 1009/1009 1005/1005
f 1011/1011 1012/1012 1009/1009
f 1011/1011 1005/1005 1010/1010
f 1013/1013 1010/1010 962/962
f 1001/1001 1014/1014 992/992
f 992/992 1013/1013 962/962
f 1013/1013 992/992 1014/1014
f 1015/1015 1010/1010 1016/1016
f 1010/1010 1015/1015 1011/1011
f 1016/1016 1010/1010 1013/1013
f 1015/1015 1012/1012 1011/1011
f 1015/1015 1017/1017 1012/1012
f 1016/1016 1018/1018 1015/1015
f 1001/1001 992/992 993/993
f 1001/1001 1019/1019 1014/1014
f 1019/1019 1001/1001 1002/1002
f 1020/1020 1014/1014 1019/1019
f 1014/1014 1020/1020 1013/1013
f 1020/1020 1019/1019 1021/1021
f 1016/1016 1013/1013 1020/1020
f 1022/1022 1016/1016 1020/1020
f 1022/1022 1018/1018 1016/1016
f 1022/1022 1020/1020 1021/1021
f 191/191 1023/1023 201/201
f 825/825 1024/1024 195/195
f 194/194 36/36 824/824
f 1023/1023 191/191 195/195
f 195/195 1024/1024 1023/1023
f 1024/1024 825/825 1025/1025
f 1025/1025 825/825 827/827
f 1025/1025 827/827 1026/1026
f 1024/1024 1025/1025 1027/1027
f 1026/1026 1027/1027 1025/1025
f 1024/1024 1028/1028 1023/1023
f 1029/1029 1024/1024 1027/1027
f 1028/1028 1024/1024 1029/1029
f 1029/1029 1027/1027 1030/1030
f 1031/1031 201/201 1028/1028
f 1028/1028 201/201 1023/1023
f 200/200 201/201 1031/1031
f 200/200 1032/1032 202/202
f 1032/1032 200/200 1031/1031
f 1031/1031 1028/1028 1033/1033
f 1033/1033 1032/1032 1031/1031
f 1029/1029 1034/1034 1033/1033
f 1035/1035 1033/1033 1034/1034
f 1033/1033 1028/1028 1029/1029
f 1026/1026 1036/1036 1027/1027
f 1036/1036 1037/1037 1038/1038
f 1036/1036 1030/1030 1027/1027
f 1030/1030 1036/1036 1038/1038
f 1038/1038 1037/1037 1039/1039
f 1040/1040 1034/1034 1029/1029
f 1030/1030 1040/1040 1029/1029
f 1040/1040 1030/1030 1038/1038
f 1039/1039 1041/1041 1038/1038
f 1042/1042 1041/1041 1043/1043
f 1040/1040 1038/1038 1041/1041
f 1041/1041 1042/1042 1040/1040
f 1044/1044 1034/1034 1040/1040
f 1044/1044 1040/1040 1042/1042
f 217/217 202/202 1045/1045
f 217/217 1045/1045 1046/1046
f 1045/1045 1035/1035 1047/1047
f 220/220 217/217 1046/1046
f 220/220 1046/1046 259/259
f 1047/1047 1048/1048 1045/1045
f 1048/1048 1046/1046 1045/1045
f 1048/1048 1047/1047 1049/1049
f 1032/1032 1045/1045 202/202
f 1045/1045 1032/1032 1035/1035
f 1032/1032 1033/1033 1035/1035
f 1047/1047 1035/1035 1050/1050
f 1034/1034 1050/1050 1035/1035
f 1050/1050 1034/1034 1051/1051
f 1051/1051 1034/1034 1044/1044
f 1052/1052 1051/1051 1044/1044
f 1052/1052 1044/1044 1053/1053
f 1053/1053 1044/1044 1042/1042
f 1049/1049 1047/1047 1050/1050
f 1049/1049 1050/1050 1054/1054
f 1050/1050 1051/1051 1054/1054
f 1054/1054 1051/1051 1055/1055
f 1055/1055 1051/1051 1052/1052
f 1056/1056 1053/1053 1042/1042
f 1053/1053 1056/1056 1057/1057
f 1058/1058 1053/1053 1057/1057
f 1058/1058 1052/1052 1053/1053
f 1058/1058 1057/1057 1059/1059
f 1057/1057 1060/1060 1059/1059
f 219/219 220/220 259/259
f 1046/1046 1048/1048 259/259
f 1061/1061 259/259 1048/1048
f 1048/1048 1049/1049 1061/1061
f 259/259 1062/1062 258/258
f 1062/1062 259/259 1061/1061
f 1049/1049 1063/1063 1061/1061
f 1064/1064 1049/1049 1054/1054
f 1049/1049 1064/1064 1063/1063
f 268/268 258/258 1062/1062
f 268/268 1062/1062 1065/1065
f 1065/1065 1062/1062 1061/1061
f 1066/1066 1067/1067 1068/1068
f 1065/1065 267/267 268/268
f 267/267 1065/1065 1069/1069
f 1068/1068 772/772 1070/1070
f 1067/1067 1066/1066 1071/1071
f 1071/1071 1066/1066 1072/1072
f 1066/1066 1068/1068 1070/1070
f 1070/1070 1072/1072 1066/1066
f 1073/1073 1063/1063 1064/1064
f 1064/1064 1054/1054 1074/1074
f 1073/1073 1064/1064 1074/1074
f 1075/1075 1061/1061 1063/1063
f 1076/1076 1061/1061 1075/1075
f 1075/1075 1063/1063 1073/1073
f 1075/1075 1073/1073 1077/1077
f 1071/1071 1078/1078 1067/1067
f 1071/1071 1079/1079 1078/1078
f 1071/1071 1080/1080 1079/1079
f 1079/1079 1081/1081 1082/1082
f 1081/1081 1079/1079 1080/1080
f 1083/1083 1081/1081 1080/1080
f 1074/1074 1054/1054 1055/1055
f 1074/1074 1055/1055 1084/1084
f 1052/1052 1084/1084 1055/1055
f 1058/1058 1084/1084 1052/1052
f 1085/1085 1058/1058 1059/1059
f 1085/1085 1084/1084 1058/1058
f 1086/1086 1085/1085 1059/1059
f 1087/1087 1086/1086 1059/1059
f 1074/1074 1084/1084 1088/1088
f 1089/1089 1088/1088 1084/1084
f 1085/1085 1089/1089 1084/1084
f 1090/1090 1074/1074 1091/1091
f 1091/1091 1074/1074 1088/1088
f 1083/1083 1092/1092 1093/1093
f 1092/1092 1094/1094 1093/1093
f 1095/1095 1094/1094 1092/1092
f 1092/1092 1083/1083 1096/1096
f 1085/1085 1097/1097 1089/1089
f 1098/1098 1094/1094 1095/1095
f 1094/1094 1098/1098 1099/1099
f 1100/1100 1099/1099 1098/1098
f 1101/1101 1098/1098 1095/1095
f 1102/1102 1098/1098 1101/1101
f 1097/1097 1085/1085 1086/1086
f 1103/1103 1086/1086 1087/1087
f 1104/1104 1103/1103 1087/1087
f 1105/1105 1104/1104 1087/1087
f 1104/1104 1105/1105 1106/1106
f 1103/1103 1097/1097 1086/1086
f 1102/1102 1100/1100 1098/1098
f 1107/1107 1108/1108 1102/1102
f 1109/1109 1104/1104 1106/1106
f 1110/1110 1103/1103 1104/1104
f 1110/1110 1104/1104 1109/1109
f 631/631 633/633 1111/1111
f 1111/1111 1112/1112 631/631
f 633/633 634/634 1111/1111
f 1113/1113 1114/1114 1112/1112
f 632/632 631/631 834/834
f 834/834 631/631 1115/1115
f 1112/1112 1115/1115 631/631
f 632/632 833/833 636/636
f 834/834 833/833 632/632
f 835/835 1115/1115 870/870
f 834/834 1115/1115 835/835
f 1115/1115 1116/1116 870/870
f 827/827 839/839 1026/1026
f 842/842 1026/1026 839/839
f 1036/1036 1026/1026 842/842
f 1037/1037 1036/1036 842/842
f 1117/1117 1113/1113 1118/1118
f 842/842 843/843 849/849
f 1037/1037 842/842 849/849
f 849/849 1119/1119 1037/1037
f 1037/1037 1119/1119 1039/1039
f 1119/1119 1120/1120 1039/1039
f 870/870 1121/1121 881/881
f 881/881 1121/1121 1122/1122
f 1121/1121 1114/1114 1122/1122
f 1123/1123 1122/1122 1114/1114
f 1122/1122 1123/1123 1124/1124
f 1117/1117 1114/1114 1113/1113
f 1125/1125 1114/1114 1117/1117
f 848/848 1119/1119 849/849
f 1114/1114 1125/1125 1123/1123
f 1041/1041 1039/1039 1043/1043
f 1043/1043 1039/1039 1120/1120
f 1056/1056 1042/1042 1043/1043
f 1125/1125 1126/1126 1123/1123
f 870/870 881/881 868/868
f 881/881 1122/1122 1124/1124
f 881/881 893/893 882/882
f 1124/1124 893/893 881/881
f 1127/1127 893/893 1124/1124
f 1128/1128 1124/1124 1123/1123
f 1127/1127 1124/1124 1128/1128
f 1123/1123 1129/1129 1128/1128
f 1130/1130 893/893 1127/1127
f 894/894 893/893 956/956
f 1131/1131 956/956 893/893
f 1120/1120 1119/1119 1132/1132
f 1119/1119 848/848 852/852
f 1132/1132 1119/1119 852/852
f 1133/1133 852/852 898/898
f 852/852 1133/1133 1132/1132
f 1120/1120 1132/1132 1134/1134
f 1134/1134 1132/1132 1133/1133
f 1134/1134 1133/1133 1135/1135
f 1043/1043 1120/1120 1136/1136
f 1134/1134 1136/1136 1120/1120
f 1056/1056 1043/1043 1136/1136
f 1137/1137 1136/1136 1138/1138
f 1056/1056 1136/1136 1137/1137
f 1136/1136 1134/1134 1138/1138
f 1138/1138 1134/1134 1139/1139
f 1134/1134 1135/1135 1139/1139
f 1140/1140 1139/1139 1135/1135
f 1138/1138 1141/1141 1137/1137
f 1141/1141 1138/1138 1139/1139
f 1141/1141 1139/1139 1142/1142
f 1142/1142 1139/1139 1140/1140
f 1143/1143 1142/1142 1140/1140
f 898/898 852/852 887/887
f 899/899 1144/1144 898/898
f 898/898 1144/1144 1133/1133
f 899/899 1145/1145 1144/1144
f 1145/1145 899/899 1146/1146
f 1135/1135 1133/1133 1144/1144
f 1135/1135 1144/1144 1145/1145
f 907/907 899/899 901/901
f 1146/1146 899/899 907/907
f 907/907 906/906 1146/1146
f 1147/1147 1146/1146 906/906
f 1140/1140 1135/1135 1145/1145
f 1140/1140 1145/1145 1148/1148
f 1149/1149 1145/1145 1146/1146
f 1150/1150 1146/1146 1147/1147
f 1150/1150 1149/1149 1146/1146
f 1148/1148 1145/1145 1149/1149
f 1143/1143 1140/1140 1148/1148
f 1148/1148 1151/1151 1152/1152
f 1148/1148 1152/1152 1143/1143
f 1148/1148 1149/1149 1151/1151
f 1153/1153 1151/1151 1149/1149
f 1150/1150 1153/1153 1149/1149
f 1153/1153 1150/1150 1154/1154
f 1151/1151 1153/1153 1155/1155
f 1154/1154 1155/1155 1153/1153
f 1057/1057 1056/1056 1137/1137
f 1060/1060 1137/1137 1156/1156
f 1156/1156 1137/1137 1141/1141
f 1156/1156 1141/1141 1142/1142
f 1060/1060 1057/1057 1137/1137
f 1156/1156 1142/1142 1157/1157
f 1142/1142 1143/1143 1157/1157
f 1060/1060 1156/1156 1105/1105
f 1156/1156 1157/1157 1105/1105
f 1158/1158 1157/1157 1143/1143
f 1143/1143 1152/1152 1158/1158
f 1151/1151 1155/1155 1152/1152
f 1152/1152 1155/1155 1159/1159
f 1155/1155 1154/1154 1160/1160
f 1161/1161 1155/1155 1160/1160
f 1159/1159 1158/1158 1152/1152
f 1159/1159 1155/1155 1161/1161
f 1162/1162 1159/1159 1161/1161
f 1163/1163 1162/1162 1161/1161
f 699/699 96/96 935/935
f 1164/1164 958/958 956/956
f 956/956 958/958 955/955
f 935/935 704/704 699/699
f 704/704 935/935 942/942
f 704/704 942/942 981/981
f 998/998 994/994 995/995
f 1165/1165 981/981 980/980
f 997/997 1165/1165 980/980
f 996/996 1166/1166 997/997
f 996/996 1167/1167 1166/1166
f 1168/1168 996/996 998/998
f 1167/1167 996/996 1168/1168
f 958/958 964/964 957/957
f 1169/1169 958/958 1164/1164
f 906/906 905/905 1006/1006
f 1007/1007 1009/1009 1170/1170
f 1006/1006 1147/1147 906/906
f 1169/1169 964/964 958/958
f 963/963 964/964 1172/1172
f 1169/1169 1172/1172 964/964
f 1173/1173 1172/1172 1169/1169
f 1174/1174 1173/1173 1169/1169
f 1006/1006 1171/1171 1147/1147
f 1147/1147 1171/1171 1175/1175
f 1147/1147 1176/1176 1150/1150
f 1176/1176 1147/1147 1175/1175
f 1012/1012 1170/1170 1009/1009
f 1175/1175 1171/1171 1177/1177
f 1170/1170 1012/1012 1179/1179
f 1178/1178 1170/1170 1179/1179
f 1180/1180 1175/1175 1177/1177
f 1176/1176 1154/1154 1150/1150
f 1181/1181 1154/1154 1176/1176
f 1154/1154 1181/1181 1160/1160
f 1182/1182 1176/1176 1175/1175
f 1182/1182 1175/1175 1180/1180
f 1181/1181 1176/1176 1182/1182
f 1183/1183 1182/1182 1180/1180
f 1182/1182 1184/1184 1181/1181
f 1184/1184 1185/1185 1181/1181
f 1183/1183 1184/1184 1182/1182
f 1183/1183 1186/1186 1184/1184
f 995/995 963/963 1172/1172
f 995/995 1172/1172 1187/1187
f 1173/1173 1187/1187 1172/1172
f 1188/1188 1187/1187 1173/1173
f 1017/1017 1179/1179 1012/1012
f 1018/1018 1017/1017 1015/1015
f 1189/1189 1188/1188 1190/1190
f 1188/1188 1189/1189 1191/1191
f 1187/1187 998/998 995/995
f 998/998 1187/1187 1192/1192
f 1193/1193 1192/1192 1187/1187
f 998/998 1194/1194 1168/1168
f 1194/1194 998/998 1192/1192
f 1193/1193 1187/1187 1188/1188
f 1195/1195 1192/1192 1193/1193
f 1192/1192 1195/1195 1194/1194
f 1018/1018 1022/1022 1196/1196
f 1018/1018 1196/1196 1197/1197
f 1198/1198 1196/1196 1022/1022
f 1193/1193 1188/1188 1191/1191
f 1193/1193 1191/1191 1199/1199
f 1200/1200 1189/1189 1190/1190
f 1189/1189 1200/1200 1201/1201
f 1189/1189 1202/1202 1191/1191
f 1189/1189 1201/1201 1202/1202
f 1203/1203 1191/1191 1202/1202
f 1199/1199 1191/1191 1203/1203
f 1199/1199 1203/1203 1204/1204
f 1205/1205 1179/1179 1017/1017
f 1179/1179 1205/1205 1178/1178
f 1018/1018 1197/1197 1017/1017
f 1205/1205 1017/1017 1197/1197
f 1205/1205 1180/1180 1178/1178
f 1205/1205 1206/1206 1180/1180
f 1198/1198 1207/1207 1196/1196
f 1206/1206 1205/1205 1197/1197
f 1208/1208 1206/1206 1197/1197
f 1208/1208 1209/1209 1206/1206
f 1196/1196 1208/1208 1197/1197
f 1208/1208 1196/1196 1207/1207
f 1209/1209 1208/1208 1210/1210
f 1211/1211 1180/1180 1206/1206
f 1183/1183 1180/1180 1211/1211
f 1212/1212 1186/1186 1183/1183
f 1212/1212 1183/1183 1211/1211
f 1213/1213 1209/1209 1210/1210
f 1214/1214 1215/1215 1203/1203
f 1211/1211 1206/1206 1209/1209
f 1216/1216 1211/1211 1209/1209
f 1216/1216 1209/1209 1213/1213
f 1212/1212 1211/1211 1216/1216
f 1216/1216 1217/1217 1218/1218
f 1212/1212 1216/1216 1218/1218
f 1160/1160 1181/1181 1185/1185
f 1163/1163 1160/1160 1185/1185
f 1161/1161 1160/1160 1163/1163
f 1184/1184 1219/1219 1185/1185
f 1184/1184 1220/1220 1219/1219
f 1185/1185 1221/1221 1163/1163
f 1220/1220 1186/1186 1212/1212
f 1186/1186 1220/1220 1184/1184
f 1212/1212 1222/1222 1220/1220
f 1222/1222 1212/1212 1218/1218
f 1218/1218 1223/1223 1222/1222
f 1218/1218 1217/1217 1224/1224
f 1218/1218 1224/1224 1223/1223
f 1225/1225 1222/1222 1223/1223
f 1226/1226 1227/1227 1228/1228
f 1229/1229 1230/1230 1231/1231
f 1059/1059 1060/1060 1087/1087
f 1087/1087 1060/1060 1105/1105
f 1158/1158 1105/1105 1157/1157
f 1106/1106 1105/1105 1158/1158
f 1159/1159 1232/1232 1158/1158
f 1233/1233 1230/1230 1229/1229
f 1106/1106 1158/1158 1232/1232
f 1234/1234 1232/1232 1159/1159
f 1099/1099 1100/1100 1235/1235
f 1235/1235 1100/1100 1229/1229
f 1236/1236 1229/1229 1100/1100
f 1236/1236 1100/1100 1108/1108
f 1237/1237 1229/1229 1236/1236
f 1237/1237 1233/1233 1229/1229
f 1233/1233 1237/1237 1238/1238
f 1239/1239 1238/1238 1237/1237
f 1238/1238 1239/1239 1240/1240
f 1100/1100 1102/1102 1108/1108
f 1236/1236 1108/1108 1237/1237
f 1237/1237 1108/1108 1241/1241
f 1108/1108 1107/1107 1241/1241
f 1109/1109 1106/1106 1242/1242
f 1239/1239 1237/1237 1241/1241
f 1243/1243 1239/1239 1241/1241
f 1240/1240 1239/1239 1243/1243
f 1244/1244 1245/1245 1243/1243
f 1243/1243 1245/1245 1246/1246
f 1240/1240 1247/1247 1238/1238
f 1240/1240 1248/1248 1247/1247
f 1240/1240 1243/1243 1246/1246
f 1248/1248 1240/1240 1246/1246
f 1249/1249 1248/1248 1246/1246
f 1250/1250 1251/1251 1248/1248
f 1252/1252 1253/1253 1254/1254
f 1255/1255 1253/1253 1256/1256
f 1255/1255 1257/1257 1258/1258
f 1185/1185 1219/1219 1221/1221
f 1220/1220 1259/1259 1219/1219
f 1259/1259 1220/1220 1260/1260
f 1219/1219 1259/1259 1221/1221
f 1220/1220 1222/1222 1260/1260
f 1222/1222 1225/1225 1260/1260
f 1261/1261 1260/1260 1225/1225
f 1223/1223 1262/1262 1225/1225
f 1263/1263 1225/1225 1262/1262
f 1163/1163 1221/1221 1264/1264
f 1162/1162 1163/1163 1264/1264
f 1162/1162 1234/1234 1159/1159
f 1265/1265 1234/1234 1162/1162
f 1162/1162 1264/1264 1265/1265
f 1266/1266 1106/1106 1232/1232
f 1266/1266 1232/1232 1234/1234
f 1106/1106 1266/1266 1242/1242
f 1267/1267 1234/1234 1268/1268
f 1267/1267 1266/1266 1234/1234
f 1268/1268 1234/1234 1265/1265
f 1268/1268 1265/1265 1269/1269
f 1269/1269 1265/1265 1264/1264
f 1269/1269 1264/1264 1270/1270
f 1250/1250 1248/1248 1249/1249
f 1250/1250 1271/1271 1272/1272
f 1270/1270 1273/1273 1269/1269
f 1274/1274 1221/1221 1259/1259
f 1264/1264 1221/1221 1274/1274
f 1259/1259 1260/1260 1275/1275
f 1270/1270 1264/1264 1274/1274
f 1276/1276 1259/1259 1275/1275
f 1275/1275 1260/1260 1261/1261
f 1277/1277 1261/1261 1263/1263
f 1263/1263 1261/1261 1225/1225
f 1275/1275 1261/1261 1277/1277
f 1278/1278 1277/1277 1263/1263
f 1278/1278 1263/1263 1279/1279
f 1270/1270 1274/1274 1276/1276
f 1276/1276 1274/1274 1259/1259
f 1280/1280 1272/1272 1281/1281
f 1282/1282 1281/1281 1272/1272
f 1283/1283 1281/1281 1282/1282
f 1276/1276 1273/1273 1270/1270
f 1276/1276 1284/1284 1273/1273
f 1283/1283 1285/1285 1281/1281
f 1283/1283 1286/1286 1285/1285
f 1287/1287 1276/1276 1275/1275
f 1284/1284 1276/1276 1287/1287
f 1288/1288 1289/1289 1290/1290
f 1290/1290 1291/1291 1288/1288
f 1291/1291 1292/1292 1285/1285
f 1290/1290 1292/1292 1291/1291
f 1291/1291 1285/1285 1286/1286
f 1291/1291 1293/1293 1294/1294
f 1275/1275 1277/1277 1287/1287
f 1287/1287 1277/1277 1278/1278
f 1294/1294 1288/1288 1291/1291
f 1295/1295 1288/1288 1294/1294
f 1296/1296 1278/1278 1297/1297
f 634/634 725/725 1298/1298
f 1298/1298 725/725 1299/1299
f 1299/1299 726/726 1300/1300
f 726/726 1299/1299 725/725
f 1301/1301 1298/1298 1299/1299
f 1302/1302 1301/1301 1299/1299
f 1301/1301 1302/1302 1303/1303
f 1304/1304 741/741 1305/1305
f 741/741 1300/1300 726/726
f 1304/1304 1300/1300 741/741
f 1300/1300 1302/1302 1299/1299
f 1302/1302 1300/1300 1306/1306
f 1302/1302 1306/1306 1303/1303
f 1306/1306 1300/1300 1304/1304
f 1304/1304 1307/1307 1306/1306
f 1308/1308 1306/1306 1307/1307
f 1305/1305 741/741 744/744
f 1309/1309 1304/1304 1305/1305
f 1310/1310 1309/1309 1305/1305
f 1310/1310 744/744 768/768
f 1310/1310 1305/1305 744/744
f 1304/1304 1309/1309 1307/1307
f 1310/1310 1311/1311 1309/1309
f 1311/1311 1307/1307 1309/1309
f 1312/1312 1313/1313 1303/1303
f 1308/1308 1303/1303 1306/1306
f 1314/1314 1303/1303 1308/1308
f 1314/1314 1312/1312 1303/1303
f 1314/1314 1315/1315 1312/1312
f 1316/1316 1315/1315 1314/1314
f 1317/1317 1318/1318 1311/1311
f 1307/1307 1319/1319 1308/1308
f 1311/1311 1318/1318 1307/1307
f 1307/1307 1318/1318 1319/1319
f 1319/1319 1314/1314 1308/1308
f 1319/1319 1316/1316 1314/1314
f 1228/1228 1316/1316 1319/1319
f 1228/1228 1319/1319 1226/1226
f 1067/1067 1320/1320 764/764
f 1067/1067 1321/1321 1320/1320
f 1320/1320 1310/1310 768/768
f 1321/1321 1311/1311 1310/1310
f 1321/1321 1310/1310 1320/1320
f 1320/1320 768/768 764/764
f 1321/1321 1317/1317 1311/1311
f 1082/1082 1322/1322 1318/1318
f 1318/1318 1322/1322 1319/1319
f 1226/1226 1319/1319 1322/1322
f 1322/1322 1323/1323 1226/1226
f 1323/1323 1324/1324 1226/1226
f 1082/1082 1318/1318 1317/1317
f 1325/1325 1317/1317 1321/1321
f 1325/1325 1082/1082 1317/1317
f 1323/1323 1322/1322 1082/1082
f 764/764 772/772 1068/1068
f 764/764 1068/1068 1067/1067
f 1067/1067 1078/1078 1321/1321
f 1325/1325 1321/1321 1078/1078
f 1079/1079 1325/1325 1078/1078
f 1093/1093 1323/1323 1082/1082
f 1082/1082 1325/1325 1079/1079
f 1081/1081 1093/1093 1082/1082
f 1081/1081 1083/1083 1093/1093
f 1324/1324 1227/1227 1226/1226
f 1324/1324 1099/1099 1227/1227
f 1094/1094 1099/1099 1324/1324
f 1324/1324 1323/1323 1093/1093
f 1094/1094 1324/1324 1093/1093
f 1298/1298 1111/1111 634/634
f 1112/1112 1111/1111 1326/1326
f 1298/1298 1326/1326 1111/1111
f 1114/1114 1116/1116 1112/1112
f 1113/1113 1112/1112 1326/1326
f 1116/1116 1115/1115 1112/1112
f 1301/1301 1326/1326 1298/1298
f 1326/1326 1118/1118 1113/1113
f 1118/1118 1326/1326 1301/1301
f 1303/1303 1118/1118 1301/1301
f 1116/1116 1114/1114 1121/1121
f 1116/1116 1121/1121 870/870
f 1313/1313 1117/1117 1118/1118
f 1327/1327 1117/1117 1313/1313
f 1313/1313 1118/1118 1303/1303
f 1117/1117 1327/1327 1328/1328
f 1315/1315 1328/1328 1327/1327
f 1328/1328 1126/1126 1125/1125
f 1117/1117 1328/1328 1125/1125
f 1129/1129 1123/1123 1126/1126
f 1126/1126 1329/1329 1129/1129
f 1330/1330 1126/1126 1328/1328
f 1331/1331 1127/1127 1128/1128
f 1331/1331 1130/1130 1127/1127
f 1131/1131 893/893 1130/1130
f 1312/1312 1327/1327 1313/1313
f 1315/1315 1327/1327 1312/1312
f 1330/1330 1328/1328 1315/1315
f 1332/1332 1330/1330 1315/1315
f 1228/1228 1332/1332 1315/1315
f 1228/1228 1315/1315 1316/1316
f 1126/1126 1330/1330 1329/1329
f 1333/1333 1329/1329 1330/1330
f 1332/1332 1333/1333 1330/1330
f 1334/1334 1128/1128 1129/1129
f 1331/1331 1128/1128 1334/1334
f 1334/1334 1335/1335 1331/1331
f 1336/1336 1335/1335 1334/1334
f 1130/1130 1337/1337 1131/1131
f 1130/1130 1331/1331 1337/1337
f 1335/1335 1337/1337 1331/1331
f 1338/1338 1337/1337 1335/1335
f 1339/1339 1337/1337 1338/1338
f 1329/1329 1334/1334 1129/1129
f 1336/1336 1334/1334 1329/1329
f 1333/1333 1336/1336 1329/1329
f 1333/1333 1340/1340 1336/1336
f 1341/1341 1340/1340 1333/1333
f 1336/1336 1338/1338 1335/1335
f 1340/1340 1338/1338 1336/1336
f 1342/1342 1339/1339 1338/1338
f 1342/1342 1338/1338 1340/1340
f 1343/1343 1344/1344 1340/1340
f 1344/1344 1342/1342 1340/1340
f 1345/1345 1342/1342 1344/1344
f 1332/1332 1341/1341 1333/1333
f 1346/1346 1347/1347 1341/1341
f 1348/1348 1332/1332 1228/1228
f 1227/1227 1348/1348 1228/1228
f 1346/1346 1341/1341 1332/1332
f 1348/1348 1346/1346 1332/1332
f 1348/1348 1349/1349 1346/1346
f 1349/1349 1347/1347 1346/1346
f 1343/1343 1340/1340 1341/1341
f 1347/1347 1343/1343 1341/1341
f 1350/1350 1351/1351 1347/1347
f 1351/1351 1343/1343 1347/1347
f 1349/1349 1350/1350 1347/1347
f 1345/1345 1344/1344 1343/1343
f 1345/1345 1343/1343 1352/1352
f 1353/1353 1351/1351 1350/1350
f 1351/1351 1352/1352 1343/1343
f 1354/1354 1345/1345 1352/1352
f 1355/1355 1356/1356 1352/1352
f 1354/1354 1352/1352 1356/1356
f 956/956 1131/1131 1164/1164
f 1131/1131 1337/1337 1164/1164
f 1357/1357 1164/1164 1337/1337
f 1164/1164 1357/1357 1169/1169
f 1337/1337 1339/1339 1357/1357
f 1339/1339 1358/1358 1357/1357
f 1339/1339 1359/1359 1358/1358
f 1174/1174 1169/1169 1357/1357
f 1173/1173 1174/1174 1190/1190
f 1358/1358 1174/1174 1357/1357
f 1174/1174 1358/1358 1360/1360
f 1360/1360 1358/1358 1200/1200
f 1360/1360 1190/1190 1174/1174
f 1190/1190 1360/1360 1200/1200
f 1339/1339 1342/1342 1359/1359
f 1361/1361 1359/1359 1342/1342
f 1362/1362 1358/1358 1359/1359
f 1359/1359 1361/1361 1362/1362
f 1342/1342 1345/1345 1361/1361
f 1200/1200 1358/1358 1362/1362
f 1362/1362 1201/1201 1200/1200
f 1362/1362 1363/1363 1201/1201
f 1362/1362 1361/1361 1363/1363
f 1364/1364 1363/1363 1361/1361
f 1363/1363 1364/1364 1365/1365
f 1190/1190 1188/1188 1173/1173
f 1195/1195 1193/1193 1199/1199
f 1195/1195 1199/1199 1204/1204
f 1363/1363 1366/1366 1201/1201
f 1202/1202 1201/1201 1366/1366
f 1367/1367 1202/1202 1366/1366
f 1367/1367 1214/1214 1202/1202
f 1214/1214 1203/1203 1202/1202
f 1368/1368 1214/1214 1367/1367
f 1215/1215 1214/1214 1369/1369
f 1370/1370 1361/1361 1345/1345
f 1364/1364 1361/1361 1370/1370
f 1354/1354 1370/1370 1345/1345
f 1354/1354 1371/1371 1370/1370
f 1370/1370 1371/1371 1364/1364
f 1366/1366 1363/1363 1365/1365
f 1371/1371 1365/1365 1364/1364
f 1371/1371 1372/1372 1365/1365
f 1356/1356 1373/1373 1354/1354
f 1254/1254 1371/1371 1373/1373
f 1373/1373 1371/1371 1354/1354
f 1252/1252 1373/1373 1356/1356
f 1252/1252 1254/1254 1373/1373
f 1254/1254 1372/1372 1371/1371
f 1372/1372 1254/1254 1253/1253
f 1365/1365 1367/1367 1366/1366
f 1374/1374 1367/1367 1365/1365
f 1375/1375 1365/1365 1372/1372
f 1375/1375 1374/1374 1365/1365
f 1367/1367 1374/1374 1368/1368
f 1368/1368 1369/1369 1214/1214
f 1376/1376 1369/1369 1368/1368
f 1368/1368 1374/1374 1377/1377
f 1253/1253 1255/1255 1372/1372
f 1372/1372 1255/1255 1375/1375
f 1375/1375 1255/1255 1378/1378
f 1375/1375 1377/1377 1374/1374
f 1378/1378 1377/1377 1375/1375
f 1377/1377 1378/1378 1379/1379
f 1377/1377 1379/1379 1380/1380
f 1099/1099 1235/1235 1227/1227
f 1227/1227 1235/1235 1348/1348
f 1235/1235 1231/1231 1348/1348
f 1348/1348 1231/1231 1381/1381
f 1381/1381 1349/1349 1348/1348
f 1229/1229 1231/1231 1235/1235
f 1349/1349 1381/1381 1230/1230
f 1350/1350 1349/1349 1230/1230
f 1231/1231 1230/1230 1381/1381
f 1233/1233 1353/1353 1230/1230
f 1352/1352 1351/1351 1353/1353
f 1353/1353 1355/1355 1352/1352
f 1353/1353 1350/1350 1230/1230
f 1238/1238 1353/1353 1233/1233
f 1238/1238 1355/1355 1353/1353
f 1355/1355 1238/1238 1247/1247
f 1247/1247 1356/1356 1355/1355
f 1251/1251 1382/1382 1356/1356
f 1251/1251 1356/1356 1247/1247
f 1248/1248 1251/1251 1247/1247
f 1250/1250 1280/1280 1251/1251
f 1256/1256 1252/1252 1382/1382
f 1253/1253 1252/1252 1256/1256
f 1382/1382 1252/1252 1356/1356
f 1258/1258 1378/1378 1255/1255
f 1257/1257 1255/1255 1256/1256
f 1378/1378 1258/1258 1379/1379
f 1290/1290 1289/1289 1379/1379
f 1290/1290 1379/1379 1258/1258
f 1289/1289 1383/1383 1379/1379
f 1280/1280 1382/1382 1251/1251
f 1256/1256 1382/1382 1280/1280
f 1280/1280 1281/1281 1256/1256
f 1257/1257 1256/1256 1281/1281
f 1257/1257 1292/1292 1258/1258
f 1292/1292 1290/1290 1258/1258
f 1257/1257 1285/1285 1292/1292
f 1285/1285 1257/1257 1281/1281
f 1272/1272 1280/1280 1250/1250
f 1384/1384 358/358 360/360
f 358/358 1384/1384 1385/1385
f 363/363 360/360 357/357
f 363/363 1386/1386 360/360
f 1387/1387 1386/1386 363/363
f 1388/1388 360/360 1386/1386
f 360/360 1388/1388 1384/1384
f 1388/1388 1389/1389 1384/1384
f 1386/1386 1389/1389 1388/1388
f 1387/1387 369/369 1390/1390
f 351/351 1390/1390 369/369
f 369/369 1387/1387 362/362
f 363/363 362/362 1387/1387
f 1391/1391 1386/1386 1387/1387
f 1390/1390 1391/1391 1387/1387
f 1392/1392 1391/1391 1390/1390
f 368/368 1390/1390 351/351
f 1393/1393 1390/1390 368/368
f 1393/1393 1392/1392 1390/1390
f 1391/1391 1394/1394 1386/1386
f 1386/1386 1394/1394 1389/1389
f 1392/1392 1394/1394 1391/1391
f 1392/1392 1395/1395 1394/1394
f 1395/1395 1392/1392 1396/1396
f 1393/1393 1397/1397 1392/1392
f 1397/1397 1396/1396 1392/1392
f 1398/1398 1396/1396 1397/1397
f 1398/1398 1399/1399 1396/1396
f 1400/1400 470/470 453/453
f 457/457 1400/1400 453/453
f 459/459 1400/1400 457/457
f 1400/1400 459/459 1401/1401
f 1402/1402 1401/1401 459/459
f 460/460 1402/1402 459/459
f 471/471 1403/1403 469/469
f 469/469 1403/1403 368/368
f 1403/1403 1393/1393 368/368
f 469/469 468/468 471/471
f 1404/1404 1403/1403 471/471
f 1406/1406 1404/1404 471/471
f 694/694 1407/1407 372/372
f 475/475 474/474 1407/1407
f 1407/1407 474/474 372/372
f 1408/1408 1409/1409 1407/1407
f 1410/1410 1409/1409 1408/1408
f 476/476 472/472 475/475
f 475/475 1407/1407 1409/1409
f 475/475 1409/1409 476/476
f 1393/1393 1403/1403 1397/1397
f 1403/1403 1404/1404 1397/1397
f 1406/1406 1411/1411 1404/1404
f 1404/1404 1411/1411 1412/1412
f 1410/1410 1413/1413 1409/1409
f 1412/1412 1398/1398 1397/1397
f 1404/1404 1412/1412 1397/1397
f 1413/1413 1414/1414 1409/1409
f 480/480 473/473 476/476
f 480/480 476/476 1415/1415
f 1400/1400 1405/1405 470/470
f 481/481 480/480 1416/1416
f 1416/1416 480/480 1415/1415
f 1405/1405 1400/1400 1401/1401
f 1418/1418 1405/1405 1401/1401
f 1419/1419 1406/1406 1417/1417
f 1411/1411 1406/1406 1419/1419
f 1420/1420 1418/1418 1401/1401
f 1421/1421 1422/1422 1420/1420
f 1422/1422 1418/1418 1420/1420
f 1409/1409 1423/1423 476/476
f 1423/1423 1409/1409 1414/1414
f 1415/1415 476/476 1423/1423
f 1423/1423 1414/1414 1424/1424
f 1416/1416 1415/1415 1425/1425
f 1415/1415 1423/1423 1425/1425
f 1423/1423 1424/1424 1425/1425
f 1412/1412 1426/1426 1398/1398
f 1411/1411 1427/1427 1412/1412
f 1412/1412 1427/1427 1426/1426
f 1426/1426 1428/1428 1398/1398
f 1429/1429 1430/1430 1427/1427
f 1430/1430 1426/1426 1427/1427
f 1431/1431 1426/1426 1430/1430
f 1430/1430 1432/1432 1431/1431
f 1431/1431 1432/1432 1433/1433
f 1435/1435 1419/1419 1417/1417
f 1427/1427 1411/1411 1419/1419
f 1429/1429 1427/1427 1419/1419
f 1434/1434 1418/1418 1422/1422
f 1435/1435 1429/1429 1419/1419
f 1437/1437 1429/1429 1435/1435
f 1422/1422 1436/1436 1434/1434
f 1438/1438 1424/1424 1414/1414
f 1439/1439 1424/1424 1438/1438
f 1440/1440 1424/1424 1439/1439
f 1439/1439 1438/1438 1441/1441
f 1440/1440 1425/1425 1424/1424
f 1442/1442 1425/1425 1440/1440
f 1443/1443 1440/1440 1439/1439
f 1444/1444 1430/1430 1429/1429
f 1429/1429 1437/1437 1444/1444
f 1444/1444 1432/1432 1430/1430
f 1445/1445 1432/1432 1444/1444
f 1444/1444 1437/1437 1446/1446
f 1446/1446 1445/1445 1444/1444
f 1448/1448 1402/1402 460/460
f 1449/1449 1448/1448 460/460
f 1449/1449 460/460 496/496
f 496/496 497/497 1449/1449
f 1449/1449 1450/1450 1448/1448
f 1420/1420 1401/1401 1402/1402
f 1448/1448 1420/1420 1402/1402
f 1420/1420 1448/1448 1421/1421
f 1448/1448 1450/1450 1451/1451
f 1452/1452 1421/1421 1448/1448
f 1452/1452 1448/1448 1451/1451
f 1453/1453 1449/1449 497/497
f 501/501 1453/1453 497/497
f 1453/1453 1450/1450 1449/1449
f 1454/1454 1453/1453 501/501
f 1450/1450 1453/1453 1455/1455
f 1456/1456 1453/1453 1454/1454
f 1456/1456 1455/1455 1453/1453
f 1455/1455 1457/1457 1450/1450
f 1457/1457 1451/1451 1450/1450
f 1456/1456 1458/1458 1455/1455
f 1458/1458 1457/1457 1455/1455
f 1459/1459 1460/1460 1461/1461
f 1460/1460 1459/1459 1416/1416
f 1462/1462 1460/1460 1416/1416
f 1422/1422 1421/1421 1463/1463
f 1421/1421 1452/1452 1463/1463
f 1422/1422 1463/1463 1464/1464
f 1465/1465 1452/1452 1451/1451
f 1465/1465 1463/1463 1452/1452
f 1464/1464 1463/1463 1465/1465
f 1442/1442 1416/1416 1425/1425
f 1466/1466 1416/1416 1442/1442
f 1462/1462 1416/1416 1466/1466
f 1440/1440 1443/1443 1442/1442
f 1467/1467 1436/1436 1422/1422
f 1436/1436 1467/1467 1447/1447
f 1422/1422 1464/1464 1467/1467
f 1468/1468 1467/1467 1464/1464
f 1467/1467 1468/1468 1469/1469
f 1469/1469 1447/1447 1467/1467
f 1470/1470 1471/1471 1472/1472
f 1472/1472 1471/1471 1473/1473
f 1474/1474 1469/1469 1468/1468
f 1451/1451 1475/1475 1465/1465
f 1465/1465 1475/1475 1476/1476
f 1476/1476 1464/1464 1465/1465
f 1457/1457 1475/1475 1451/1451
f 1458/1458 1475/1475 1457/1457
f 1477/1477 1476/1476 1475/1475
f 1468/1468 1464/1464 1476/1476
f 1474/1474 1468/1468 1478/1478
f 1479/1479 1468/1468 1476/1476
f 1478/1478 1468/1468 1479/1479
f 1476/1476 1477/1477 1479/1479
f 1479/1479 1480/1480 1478/1478
f 1478/1478 1480/1480 1481/1481
f 1432/1432 1445/1445 1482/1482
f 1483/1483 1445/1445 1446/1446
f 1485/1485 1482/1482 1445/1445
f 1485/1485 1445/1445 1483/1483
f 1469/1469 1484/1484 1447/1447
f 1487/1487 1484/1484 1469/1469
f 1483/1483 1486/1486 1485/1485
f 1488/1488 1487/1487 1469/1469
f 1489/1489 1487/1487 1488/1488
f 1474/1474 1488/1488 1469/1469
f 1481/1481 1488/1488 1474/1474
f 1488/1488 1481/1481 1490/1490
f 1490/1490 1489/1489 1488/1488
f 1478/1478 1481/1481 1474/1474
f 1481/1481 1491/1491 1490/1490
f 1490/1490 1492/1492 1493/1493
f 701/701 679/679 1494/1494
f 689/689 688/688 1495/1495
f 1495/1495 688/688 359/359
f 359/359 358/358 1385/1385
f 1496/1496 359/359 1385/1385
f 1495/1495 359/359 1496/1496
f 1495/1495 1497/1497 1498/1498
f 1495/1495 690/690 689/689
f 1499/1499 690/690 1498/1498
f 1499/1499 691/691 690/690
f 1495/1495 1498/1498 690/690
f 1384/1384 1389/1389 1500/1500
f 1384/1384 1500/1500 1385/1385
f 1501/1501 1500/1500 1389/1389
f 1497/1497 1495/1495 1496/1496
f 1497/1497 1496/1496 1502/1502
f 1497/1497 1503/1503 1498/1498
f 1502/1502 1496/1496 1385/1385
f 1385/1385 1500/1500 1502/1502
f 1389/1389 1394/1394 1501/1501
f 1504/1504 1497/1497 1502/1502
f 1504/1504 1503/1503 1497/1497
f 1498/1498 1503/1503 1499/1499
f 1499/1499 1503/1503 1504/1504
f 1505/1505 1499/1499 1504/1504
f 1499/1499 1506/1506 691/691
f 1506/1506 1499/1499 1505/1505
f 692/692 1507/1507 694/694
f 1507/1507 692/692 696/696
f 1508/1508 1501/1501 1394/1394
f 1395/1395 1508/1508 1394/1394
f 1509/1509 694/694 1507/1507
f 1510/1510 1509/1509 1507/1507
f 696/696 1511/1511 1507/1507
f 1510/1510 1507/1507 1511/1511
f 1494/1494 679/679 691/691
f 1512/1512 695/695 697/697
f 1514/1514 1494/1494 691/691
f 1514/1514 691/691 1506/1506
f 1515/1515 1513/1513 1516/1516
f 1513/1513 1515/1515 696/696
f 1511/1511 696/696 1515/1515
f 1518/1518 1502/1502 1500/1500
f 1504/1504 1502/1502 1519/1519
f 1520/1520 1518/1518 1500/1500
f 1518/1518 1519/1519 1502/1502
f 1501/1501 1521/1521 1500/1500
f 1521/1521 1501/1501 1522/1522
f 1500/1500 1521/1521 1520/1520
f 1521/1521 1523/1523 1520/1520
f 1524/1524 1523/1523 1521/1521
f 1519/1519 1525/1525 1504/1504
f 1525/1525 1505/1505 1504/1504
f 1526/1526 1506/1506 1505/1505
f 1526/1526 1505/1505 1525/1525
f 1525/1525 1519/1519 1527/1527
f 1527/1527 1519/1519 1518/1518
f 1526/1526 1525/1525 1528/1528
f 1524/1524 1529/1529 1523/1523
f 1518/1518 1520/1520 1527/1527
f 1530/1530 1527/1527 1520/1520
f 1520/1520 1523/1523 1530/1530
f 1525/1525 1531/1531 1528/1528
f 1532/1532 1527/1527 1530/1530
f 1527/1527 1531/1531 1525/1525
f 1532/1532 1531/1531 1527/1527
f 1529/1529 1533/1533 1523/1523
f 1533/1533 1530/1530 1523/1523
f 1534/1534 1533/1533 1529/1529
f 1535/1535 1534/1534 1529/1529
f 1530/1530 1533/1533 1536/1536
f 1530/1530 1536/1536 1532/1532
f 1533/1533 1537/1537 1536/1536
f 1534/1534 1537/1537 1533/1533
f 1538/1538 1501/1501 1508/1508
f 1538/1538 1522/1522 1501/1501
f 1395/1395 1538/1538 1508/1508
f 1399/1399 1538/1538 1395/1395
f 1396/1396 1399/1399 1395/1395
f 1399/1399 1539/1539 1538/1538
f 1522/1522 1538/1538 1539/1539
f 1522/1522 1539/1539 1540/1540
f 1524/1524 1521/1521 1522/1522
f 1524/1524 1522/1522 1540/1540
f 1399/1399 1540/1540 1539/1539
f 1399/1399 1541/1541 1540/1540
f 1398/1398 1541/1541 1399/1399
f 1511/1511 1542/1542 1510/1510
f 1543/1543 1510/1510 1542/1542
f 1535/1535 1529/1529 1524/1524
f 1540/1540 1535/1535 1524/1524
f 1544/1544 1535/1535 1540/1540
f 1428/1428 1541/1541 1398/1398
f 1541/1541 1544/1544 1540/1540
f 1545/1545 1544/1544 1541/1541
f 1428/1428 1545/1545 1541/1541
f 1546/1546 1535/1535 1544/1544
f 1545/1545 1546/1546 1544/1544
f 1428/1428 1547/1547 1545/1545
f 1506/1506 1526/1526 1514/1514
f 1528/1528 1548/1548 1526/1526
f 1548/1548 1514/1514 1526/1526
f 1514/1514 1549/1549 1494/1494
f 1549/1549 1514/1514 1550/1550
f 1551/1551 1528/1528 1531/1531
f 1548/1548 1528/1528 1552/1552
f 1551/1551 1552/1552 1528/1528
f 1553/1553 1548/1548 1552/1552
f 1554/1554 1551/1551 1532/1532
f 1531/1531 1532/1532 1551/1551
f 1552/1552 1555/1555 1553/1553
f 1552/1552 1551/1551 1555/1555
f 1550/1550 1514/1514 1548/1548
f 1550/1550 1548/1548 1553/1553
f 1556/1556 1553/1553 1555/1555
f 1515/1515 1542/1542 1511/1511
f 1557/1557 1542/1542 1558/1558
f 1558/1558 1542/1542 1515/1515
f 1557/1557 1558/1558 1559/1559
f 1558/1558 1515/1515 1560/1560
f 701/701 1549/1549 702/702
f 703/703 702/702 1549/1549
f 1561/1561 703/703 1549/1549
f 1494/1494 1549/1549 701/701
f 1512/1512 697/697 1517/1517
f 1517/1517 697/697 1562/1562
f 1563/1563 703/703 1561/1561
f 1564/1564 1565/1565 1566/1566
f 1567/1567 1517/1517 1562/1562
f 1569/1569 1561/1561 1570/1570
f 1571/1571 1569/1569 1570/1570
f 1563/1563 1561/1561 1569/1569
f 1566/1566 1569/1569 1572/1572
f 1566/1566 1565/1565 1569/1569
f 1565/1565 1563/1563 1569/1569
f 1573/1573 1564/1564 1566/1566
f 1574/1574 1567/1567 1562/1562
f 1567/1567 1574/1574 1575/1575
f 1549/1549 1550/1550 1577/1577
f 1577/1577 1561/1561 1549/1549
f 1550/1550 1578/1578 1577/1577
f 1553/1553 1578/1578 1550/1550
f 1561/1561 1577/1577 1570/1570
f 1577/1577 1578/1578 1570/1570
f 1560/1560 1516/1516 1579/1579
f 1560/1560 1515/1515 1516/1516
f 1516/1516 1568/1568 1579/1579
f 1579/1579 1568/1568 1576/1576
f 1580/1580 1537/1537 1534/1534
f 1581/1581 1580/1580 1534/1534
f 1535/1535 1581/1581 1534/1534
f 1582/1582 1580/1580 1581/1581
f 1581/1581 1535/1535 1546/1546
f 1583/1583 1581/1581 1546/1546
f 1584/1584 1582/1582 1581/1581
f 1582/1582 1584/1584 1583/1583
f 1583/1583 1584/1584 1581/1581
f 1583/1583 1546/1546 1545/1545
f 1585/1585 1583/1583 1545/1545
f 1547/1547 1585/1585 1545/1545
f 1583/1583 1586/1586 1582/1582
f 1583/1583 1585/1585 1586/1586
f 1554/1554 1532/1532 1536/1536
f 1537/1537 1580/1580 1587/1587
f 1536/1536 1537/1537 1588/1588
f 1551/1551 1554/1554 1589/1589
f 1554/1554 1536/1536 1589/1589
f 1587/1587 1588/1588 1537/1537
f 1587/1587 1580/1580 1582/1582
f 1590/1590 1588/1588 1587/1587
f 1582/1582 1591/1591 1587/1587
f 1591/1591 1590/1590 1587/1587
f 1592/1592 1556/1556 1589/1589
f 1536/1536 1593/1593 1589/1589
f 1536/1536 1594/1594 1595/1595
f 1593/1593 1592/1592 1589/1589
f 1595/1595 1593/1593 1536/1536
f 1589/1589 1555/1555 1551/1551
f 1556/1556 1555/1555 1589/1589
f 1536/1536 1588/1588 1594/1594
f 1590/1590 1594/1594 1588/1588
f 1596/1596 1594/1594 1590/1590
f 1597/1597 1596/1596 1590/1590
f 1591/1591 1597/1597 1590/1590
f 1598/1598 1596/1596 1597/1597
f 1599/1599 1598/1598 1597/1597
f 1559/1559 1558/1558 1600/1600
f 1601/1601 1559/1559 1600/1600
f 1602/1602 1601/1601 1600/1600
f 1603/1603 1591/1591 1582/1582
f 1603/1603 1582/1582 1586/1586
f 1604/1604 1586/1586 1585/1585
f 1604/1604 1605/1605 1586/1586
f 1603/1603 1586/1586 1605/1605
f 1603/1603 1597/1597 1591/1591
f 1603/1603 1599/1599 1597/1597
f 1606/1606 1599/1599 1603/1603
f 1603/1603 1607/1607 1606/1606
f 1605/1605 1607/1607 1603/1603
f 1607/1607 1608/1608 1609/1609
f 1610/1610 1611/1611 1612/1612
f 1610/1610 1613/1613 1611/1611
f 1612/1612 1614/1614 1615/1615
f 1616/1616 1617/1617 1615/1615
f 1618/1618 1617/1617 1616/1616
f 1615/1615 1619/1619 1612/1612
f 1619/1619 1620/1620 1612/1612
f 1617/1617 1619/1619 1615/1615
f 1610/1610 1612/1612 1620/1620
f 1621/1621 1617/1617 1618/1618
f 1622/1622 1621/1621 1618/1618
f 1573/1573 1623/1623 1624/1624
f 1625/1625 1573/1573 1624/1624
f 1626/1626 1627/1627 1624/1624
f 1627/1627 1628/1628 1629/1629
f 1629/1629 1624/1624 1627/1627
f 1629/1629 1625/1625 1624/1624
f 1630/1630 1631/1631 1628/1628
f 1631/1631 1632/1632 1628/1628
f 1572/1572 1633/1633 1566/1566
f 1610/1610 1634/1634 1635/1635
f 1635/1635 1566/1566 1633/1633
f 1626/1626 1635/1635 1634/1634
f 1633/1633 1571/1571 1613/1613
f 1633/1633 1572/1572 1571/1571
f 1572/1572 1569/1569 1571/1571
f 1613/1613 1610/1610 1633/1633
f 1635/1635 1633/1633 1610/1610
f 1634/1634 1610/1610 1620/1620
f 1566/1566 1635/1635 1623/1623
f 1566/1566 1623/1623 1573/1573
f 1626/1626 1623/1623 1635/1635
f 1626/1626 1624/1624 1623/1623
f 1620/1620 1619/1619 1634/1634
f 1627/1627 1626/1626 1634/1634
f 1619/1619 1627/1627 1634/1634
f 1619/1619 1628/1628 1627/1627
f 1619/1619 1617/1617 1628/1628
f 1628/1628 1617/1617 1636/1636
f 1617/1617 1637/1637 1636/1636
f 1637/1637 1617/1617 1621/1621
f 1638/1638 1636/1636 1637/1637
f 1639/1639 1637/1637 1621/1621
f 1621/1621 1622/1622 1639/1639
f 1639/1639 1638/1638 1637/1637
f 1640/1640 1638/1638 1639/1639
f 1628/1628 1636/1636 1630/1630
f 1630/1630 1636/1636 1641/1641
f 1641/1641 1642/1642 1630/1630
f 1630/1630 1642/1642 1631/1631
f 1643/1643 1631/1631 1642/1642
f 1643/1643 1642/1642 1644/1644
f 1641/1641 1636/1636 1638/1638
f 1638/1638 1645/1645 1641/1641
f 1640/1640 1645/1645 1638/1638
f 1642/1642 1645/1645 1644/1644
f 1645/1645 1642/1642 1641/1641
f 1644/1644 1645/1645 1646/1646
f 1647/1647 1645/1645 1640/1640
f 1647/1647 1646/1646 1645/1645
f 1646/1646 1647/1647 1648/1648
f 1649/1649 1648/1648 1647/1647
f 1556/1556 1650/1650 1553/1553
f 1556/1556 1592/1592 1651/1651
f 1553/1553 1650/1650 1578/1578
f 1651/1651 1650/1650 1556/1556
f 1593/1593 1614/1614 1592/1592
f 1595/1595 1614/1614 1593/1593
f 1614/1614 1651/1651 1592/1592
f 1651/1651 1611/1611 1650/1650
f 1611/1611 1614/1614 1612/1612
f 1651/1651 1614/1614 1611/1611
f 1570/1570 1578/1578 1652/1652
f 1652/1652 1578/1578 1650/1650
f 1571/1571 1570/1570 1652/1652
f 1571/1571 1652/1652 1613/1613
f 1650/1650 1611/1611 1613/1613
f 1613/1613 1652/1652 1650/1650
f 1594/1594 1653/1653 1595/1595
f 1615/1615 1614/1614 1595/1595
f 1654/1654 1653/1653 1596/1596
f 1653/1653 1594/1594 1596/1596
f 1596/1596 1598/1598 1654/1654
f 1595/1595 1653/1653 1615/1615
f 1616/1616 1615/1615 1653/1653
f 1616/1616 1653/1653 1654/1654
f 1654/1654 1598/1598 1655/1655
f 1655/1655 1598/1598 1599/1599
f 1606/1606 1656/1656 1599/1599
f 1656/1656 1655/1655 1599/1599
f 1657/1657 1654/1654 1655/1655
f 1655/1655 1656/1656 1657/1657
f 1618/1618 1616/1616 1654/1654
f 1654/1654 1657/1657 1618/1618
f 1657/1657 1622/1622 1618/1618
f 1658/1658 1622/1622 1657/1657
f 1658/1658 1659/1659 1622/1622
f 1657/1657 1656/1656 1658/1658
f 1558/1558 1560/1560 1660/1660
f 1660/1660 1661/1661 1558/1558
f 1661/1661 1660/1660 1662/1662
f 1558/1558 1661/1661 1600/1600
f 1661/1661 1602/1602 1600/1600
f 1606/1606 1607/1607 1663/1663
f 1606/1606 1663/1663 1656/1656
f 1602/1602 1661/1661 1662/1662
f 1664/1664 1665/1665 1602/1602
f 1662/1662 1660/1660 1666/1666
f 1666/1666 1667/1667 1662/1662
f 1664/1664 1602/1602 1662/1662
f 1664/1664 1662/1662 1667/1667
f 1668/1668 1664/1664 1667/1667
f 1579/1579 1660/1660 1560/1560
f 1669/1669 1660/1660 1579/1579
f 1666/1666 1660/1660 1670/1670
f 1670/1670 1660/1660 1669/1669
f 1579/1579 1576/1576 1669/1669
f 1671/1671 1576/1576 1672/1672
f 1671/1671 1669/1669 1576/1576
f 1671/1671 1674/1674 1669/1669
f 1675/1675 1674/1674 1671/1671
f 1622/1622 1676/1676 1639/1639
f 1659/1659 1676/1676 1622/1622
f 1639/1639 1676/1676 1640/1640
f 1677/1677 1670/1670 1674/1674
f 1670/1670 1669/1669 1674/1674
f 1649/1649 1647/1647 1640/1640
f 1678/1678 1674/1674 1675/1675
f 1679/1679 1674/1674 1678/1678
f 1670/1670 1677/1677 1666/1666
f 1674/1674 1679/1679 1677/1677
f 1667/1667 1666/1666 1677/1677
f 1680/1680 1677/1677 1679/1679
f 1667/1667 1677/1677 1668/1668
f 1668/1668 1677/1677 1680/1680
f 1678/1678 1681/1681 1679/1679
f 1679/1679 1681/1681 1682/1682
f 1658/1658 1683/1683 1659/1659
f 1656/1656 1663/1663 1684/1684
f 1609/1609 1663/1663 1607/1607
f 1663/1663 1609/1609 1684/1684
f 1658/1658 1656/1656 1683/1683
f 1684/1684 1683/1683 1656/1656
f 1684/1684 1685/1685 1683/1683
f 1686/1686 1683/1683 1685/1685
f 1684/1684 1609/1609 1685/1685
f 1687/1687 1686/1686 1685/1685
f 1685/1685 1688/1688 1687/1687
f 1640/1640 1676/1676 1649/1649
f 1659/1659 1683/1683 1689/1689
f 1689/1689 1676/1676 1659/1659
f 1649/1649 1676/1676 1689/1689
f 1690/1690 1649/1649 1689/1689
f 1649/1649 1690/1690 1691/1691
f 1686/1686 1689/1689 1683/1683
f 1686/1686 1690/1690 1689/1689
f 1668/1668 1680/1680 1692/1692
f 1682/1682 1680/1680 1679/1679
f 1693/1693 1694/1694 1690/1690
f 1680/1680 1682/1682 1695/1695
f 1695/1695 1692/1692 1680/1680
f 1682/1682 1696/1696 1695/1695
f 1697/1697 1695/1695 1696/1696
f 1693/1693 1690/1690 1698/1698
f 1686/1686 1687/1687 1698/1698
f 1698/1698 1687/1687 1699/1699
f 1686/1686 1698/1698 1690/1690
f 1700/1700 1693/1693 1698/1698
f 1700/1700 1698/1698 1699/1699
f 1694/1694 1693/1693 1701/1701
f 1700/1700 1701/1701 1693/1693
f 1700/1700 1702/1702 1701/1701
f 1407/1407 694/694 1408/1408
f 1408/1408 694/694 1410/1410
f 1410/1410 694/694 1509/1509
f 1413/1413 1410/1410 1509/1509
f 1413/1413 1509/1509 1703/1703
f 1703/1703 1509/1509 1543/1543
f 1704/1704 1703/1703 1543/1543
f 1413/1413 1703/1703 1441/1441
f 1414/1414 1413/1413 1438/1438
f 1438/1438 1413/1413 1441/1441
f 1441/1441 1703/1703 1705/1705
f 1705/1705 1703/1703 1704/1704
f 1543/1543 1509/1509 1510/1510
f 1426/1426 1431/1431 1428/1428
f 1706/1706 1705/1705 1704/1704
f 1704/1704 1543/1543 1707/1707
f 1542/1542 1557/1557 1543/1543
f 1707/1707 1543/1543 1557/1557
f 1707/1707 1706/1706 1704/1704
f 1708/1708 1706/1706 1707/1707
f 1439/1439 1441/1441 1709/1709
f 1441/1441 1705/1705 1709/1709
f 1709/1709 1705/1705 1706/1706
f 1709/1709 1706/1706 1710/1710
f 1439/1439 1709/1709 1711/1711
f 1443/1443 1439/1439 1711/1711
f 1711/1711 1709/1709 1710/1710
f 1711/1711 1710/1710 1712/1712
f 1559/1559 1707/1707 1557/1557
f 1713/1713 1443/1443 1711/1711
f 1443/1443 1713/1713 1473/1473
f 1443/1443 1473/1473 1471/1471
f 1714/1714 1472/1472 1473/1473
f 1715/1715 1472/1472 1714/1714
f 1716/1716 1715/1715 1717/1717
f 1431/1431 1547/1547 1428/1428
f 1433/1433 1718/1718 1431/1431
f 1431/1431 1718/1718 1547/1547
f 1719/1719 1547/1547 1718/1718
f 1718/1718 1720/1720 1719/1719
f 1706/1706 1708/1708 1710/1710
f 1721/1721 1708/1708 1707/1707
f 1722/1722 1585/1585 1547/1547
f 1722/1722 1604/1604 1585/1585
f 1722/1722 1547/1547 1719/1719
f 1719/1719 1723/1723 1722/1722
f 1724/1724 1723/1723 1719/1719
f 1710/1710 1725/1725 1712/1712
f 1482/1482 1433/1433 1432/1432
f 1433/1433 1720/1720 1718/1718
f 1482/1482 1720/1720 1433/1433
f 1712/1712 1713/1713 1711/1711
f 1725/1725 1710/1710 1726/1726
f 1726/1726 1710/1710 1708/1708
f 1727/1727 1712/1712 1725/1725
f 1728/1728 1725/1725 1726/1726
f 1727/1727 1725/1725 1728/1728
f 1726/1726 1729/1729 1728/1728
f 1730/1730 1720/1720 1482/1482
f 1731/1731 1482/1482 1485/1485
f 1731/1731 1730/1730 1482/1482
f 1732/1732 1730/1730 1731/1731
f 1720/1720 1724/1724 1719/1719
f 1730/1730 1724/1724 1720/1720
f 1730/1730 1733/1733 1724/1724
f 1734/1734 1728/1728 1729/1729
f 1734/1734 1729/1729 1735/1735
f 1728/1728 1734/1734 1736/1736
f 1732/1732 1733/1733 1730/1730
f 1559/1559 1721/1721 1707/1707
f 1601/1601 1737/1737 1721/1721
f 1737/1737 1738/1738 1721/1721
f 1738/1738 1708/1708 1721/1721
f 1726/1726 1708/1708 1738/1738
f 1601/1601 1721/1721 1559/1559
f 1737/1737 1601/1601 1602/1602
f 1604/1604 1722/1722 1723/1723
f 1604/1604 1723/1723 1605/1605
f 1739/1739 1737/1737 1602/1602
f 1738/1738 1737/1737 1739/1739
f 1738/1738 1739/1739 1740/1740
f 1740/1740 1739/1739 1741/1741
f 1726/1726 1738/1738 1729/1729
f 1735/1735 1729/1729 1738/1738
f 1735/1735 1738/1738 1740/1740
f 1742/1742 1735/1735 1740/1740
f 1742/1742 1734/1734 1735/1735
f 1743/1743 1734/1734 1742/1742
f 1733/1733 1744/1744 1724/1724
f 1745/1745 1733/1733 1732/1732
f 1608/1608 1605/1605 1723/1723
f 1724/1724 1744/1744 1723/1723
f 1723/1723 1744/1744 1746/1746
f 1746/1746 1608/1608 1723/1723
f 1607/1607 1605/1605 1608/1608
f 1747/1747 1608/1608 1746/1746
f 1748/1748 1747/1747 1746/1746
f 1749/1749 1747/1747 1750/1750
f 1750/1750 1747/1747 1748/1748
f 1746/1746 1744/1744 1751/1751
f 1751/1751 1744/1744 1733/1733
f 1751/1751 1748/1748 1746/1746
f 1743/1743 1742/1742 1752/1752
f 1753/1753 1751/1751 1733/1733
f 1745/1745 1753/1753 1733/1733
f 1751/1751 1753/1753 1748/1748
f 1754/1754 1740/1740 1741/1741
f 1740/1740 1754/1754 1742/1742
f 1752/1752 1742/1742 1755/1755
f 1755/1755 1742/1742 1756/1756
f 1756/1756 1742/1742 1754/1754
f 1757/1757 1750/1750 1748/1748
f 1753/1753 1757/1757 1748/1748
f 1753/1753 1758/1758 1757/1757
f 1758/1758 1759/1759 1757/1757
f 1760/1760 1757/1757 1759/1759
f 1473/1473 1713/1713 1761/1761
f 1713/1713 1712/1712 1761/1761
f 1727/1727 1761/1761 1712/1712
f 1761/1761 1727/1727 1762/1762
f 1714/1714 1473/1473 1761/1761
f 1761/1761 1763/1763 1714/1714
f 1763/1763 1761/1761 1762/1762
f 1763/1763 1764/1764 1714/1714
f 1763/1763 1765/1765 1764/1764
f 1727/1727 1728/1728 1736/1736
f 1762/1762 1727/1727 1736/1736
f 1485/1485 1766/1766 1731/1731
f 1766/1766 1485/1485 1486/1486
f 1731/1731 1766/1766 1767/1767
f 1767/1767 1732/1732 1731/1731
f 1486/1486 1768/1768 1766/1766
f 1768/1768 1767/1767 1766/1766
f 1769/1769 1487/1487 1489/1489
f 1770/1770 1767/1767 1768/1768
f 1762/1762 1736/1736 1772/1772
f 1773/1773 1736/1736 1734/1734
f 1772/1772 1736/1736 1773/1773
f 1765/1765 1762/1762 1772/1772
f 1763/1763 1762/1762 1765/1765
f 1765/1765 1772/1772 1774/1774
f 1764/1764 1715/1715 1714/1714
f 1717/1717 1715/1715 1764/1764
f 1764/1764 1775/1775 1717/1717
f 1765/1765 1776/1776 1764/1764
f 1489/1489 1771/1771 1769/1769
f 1489/1489 1777/1777 1771/1771
f 1489/1489 1493/1493 1777/1777
f 1493/1493 1489/1489 1490/1490
f 1777/1777 1493/1493 1778/1778
f 1779/1779 1777/1777 1778/1778
f 1776/1776 1765/1765 1780/1780
f 1780/1780 1765/1765 1774/1774
f 1743/1743 1773/1773 1734/1734
f 1732/1732 1767/1767 1781/1781
f 1770/1770 1781/1781 1767/1767
f 1745/1745 1732/1732 1781/1781
f 1782/1782 1745/1745 1781/1781
f 1782/1782 1781/1781 1784/1784
f 1785/1785 1745/1745 1782/1782
f 1785/1785 1782/1782 1786/1786
f 1771/1771 1777/1777 1783/1783
f 1784/1784 1781/1781 1770/1770
f 1783/1783 1777/1777 1779/1779
f 1782/1782 1784/1784 1786/1786
f 1787/1787 1786/1786 1784/1784
f 1788/1788 1783/1783 1779/1779
f 1785/1785 1789/1789 1745/1745
f 1785/1785 1790/1790 1789/1789
f 1791/1791 1792/1792 1752/1752
f 1745/1745 1793/1793 1753/1753
f 1758/1758 1753/1753 1793/1793
f 1745/1745 1789/1789 1793/1793
f 1794/1794 1758/1758 1793/1793
f 1790/1790 1795/1795 1789/1789
f 1796/1796 1793/1793 1795/1795
f 1794/1794 1793/1793 1796/1796
f 1797/1797 1796/1796 1795/1795
f 1789/1789 1795/1795 1793/1793
f 1796/1796 1797/1797 1798/1798
f 1798/1798 1794/1794 1796/1796
f 1794/1794 1799/1799 1758/1758
f 1800/1800 1799/1799 1794/1794
f 1799/1799 1759/1759 1758/1758
f 1799/1799 1760/1760 1759/1759
f 1801/1801 1760/1760 1799/1799
f 1802/1802 1799/1799 1800/1800
f 1802/1802 1801/1801 1799/1799
f 1794/1794 1798/1798 1800/1800
f 1803/1803 1800/1800 1798/1798
f 1785/1785 1786/1786 1804/1804
f 1790/1790 1785/1785 1804/1804
f 1805/1805 1790/1790 1804/1804
f 1787/1787 1804/1804 1786/1786
f 1807/1807 1805/1805 1804/1804
f 1807/1807 1804/1804 1787/1787
f 1808/1808 1806/1806 1788/1788
f 1809/1809 1795/1795 1790/1790
f 1805/1805 1809/1809 1790/1790
f 1810/1810 1809/1809 1805/1805
f 1805/1805 1811/1811 1810/1810
f 1795/1795 1809/1809 1812/1812
f 1812/1812 1797/1797 1795/1795
f 1813/1813 1811/1811 1805/1805
f 1811/1811 1814/1814 1810/1810
f 1814/1814 1809/1809 1810/1810
f 1815/1815 1814/1814 1811/1811
f 1807/1807 1813/1813 1805/1805
f 1813/1813 1817/1817 1811/1811
f 1813/1813 1807/1807 1817/1817
f 1806/1806 1818/1818 1816/1816
f 1817/1817 1815/1815 1811/1811
f 1819/1819 1814/1814 1815/1815
f 1815/1815 1820/1820 1819/1819
f 1821/1821 1812/1812 1809/1809
f 1809/1809 1814/1814 1821/1821
f 1819/1819 1822/1822 1814/1814
f 1822/1822 1821/1821 1814/1814
f 1602/1602 1665/1665 1739/1739
f 1739/1739 1665/1665 1741/1741
f 1741/1741 1665/1665 1823/1823
f 1824/1824 1665/1665 1664/1664
f 1665/1665 1824/1824 1823/1823
f 1747/1747 1825/1825 1609/1609
f 1747/1747 1609/1609 1608/1608
f 1741/1741 1823/1823 1826/1826
f 1823/1823 1824/1824 1826/1826
f 1826/1826 1824/1824 1827/1827
f 1824/1824 1664/1664 1828/1828
f 1824/1824 1828/1828 1829/1829
f 1668/1668 1828/1828 1664/1664
f 1668/1668 1830/1830 1828/1828
f 1828/1828 1830/1830 1829/1829
f 1829/1829 1827/1827 1824/1824
f 1827/1827 1829/1829 1831/1831
f 1832/1832 1831/1831 1829/1829
f 1749/1749 1825/1825 1747/1747
f 1688/1688 1609/1609 1825/1825
f 1609/1609 1688/1688 1685/1685
f 1749/1749 1688/1688 1825/1825
f 1749/1749 1833/1833 1834/1834
f 1834/1834 1688/1688 1749/1749
f 1835/1835 1688/1688 1834/1834
f 1688/1688 1699/1699 1687/1687
f 1835/1835 1699/1699 1688/1688
f 1836/1836 1834/1834 1833/1833
f 1754/1754 1741/1741 1826/1826
f 1837/1837 1754/1754 1826/1826
f 1756/1756 1754/1754 1837/1837
f 1826/1826 1827/1827 1837/1837
f 1837/1837 1838/1838 1756/1756
f 1755/1755 1756/1756 1838/1838
f 1838/1838 1837/1837 1839/1839
f 1831/1831 1837/1837 1827/1827
f 1839/1839 1837/1837 1831/1831
f 1839/1839 1840/1840 1838/1838
f 1841/1841 1749/1749 1750/1750
f 1757/1757 1841/1841 1750/1750
f 1842/1842 1833/1833 1841/1841
f 1833/1833 1749/1749 1841/1841
f 1833/1833 1843/1843 1836/1836
f 1841/1841 1757/1757 1760/1760
f 1760/1760 1842/1842 1841/1841
f 1760/1760 1844/1844 1842/1842
f 1801/1801 1844/1844 1760/1760
f 1843/1843 1833/1833 1842/1842
f 1845/1845 1836/1836 1843/1843
f 1668/1668 1692/1692 1830/1830
f 1846/1846 1830/1830 1692/1692
f 1830/1830 1847/1847 1829/1829
f 1832/1832 1829/1829 1847/1847
f 1847/1847 1830/1830 1846/1846
f 1848/1848 1847/1847 1846/1846
f 1695/1695 1846/1846 1692/1692
f 1697/1697 1846/1846 1695/1695
f 1697/1697 1849/1849 1846/1846
f 1849/1849 1848/1848 1846/1846
f 1850/1850 1700/1700 1699/1699
f 1850/1850 1699/1699 1835/1835
f 1836/1836 1835/1835 1834/1834
f 1836/1836 1850/1850 1835/1835
f 1836/1836 1851/1851 1850/1850
f 1851/1851 1852/1852 1850/1850
f 1853/1853 1700/1700 1850/1850
f 1853/1853 1852/1852 1854/1854
f 1853/1853 1854/1854 1855/1855
f 1850/1850 1852/1852 1853/1853
f 1847/1847 1848/1848 1832/1832
f 1803/1803 1856/1856 1800/1800
f 1856/1856 1857/1857 1800/1800
f 1802/1802 1800/1800 1857/1857
f 1797/1797 1803/1803 1798/1798
f 1797/1797 1812/1812 1858/1858
f 1859/1859 1858/1858 1812/1812
f 1821/1821 1859/1859 1812/1812
f 1803/1803 1797/1797 1858/1858
f 1803/1803 1860/1860 1856/1856
f 1857/1857 1856/1856 1861/1861
f 1862/1862 1861/1861 1856/1856
f 1862/1862 1856/1856 1860/1860
f 1863/1863 1861/1861 1862/1862
f 1864/1864 1863/1863 1862/1862
f 1844/1844 1843/1843 1842/1842
f 1865/1865 1843/1843 1844/1844
f 1866/1866 1851/1851 1845/1845
f 1867/1867 1845/1845 1843/1843
f 1865/1865 1867/1867 1843/1843
f 1865/1865 1868/1868 1867/1867
f 1868/1868 1869/1869 1867/1867
f 1867/1867 1869/1869 1870/1870
f 1851/1851 1836/1836 1845/1845
f 1870/1870 1845/1845 1867/1867
f 1870/1870 1866/1866 1845/1845
f 1871/1871 1870/1870 1869/1869
f 1866/1866 1870/1870 1872/1872
f 1873/1873 1866/1866 1872/1872
f 1874/1874 1852/1852 1851/1851
f 1875/1875 1854/1854 1852/1852
f 1852/1852 1874/1874 1875/1875
f 1873/1873 1874/1874 1851/1851
f 1873/1873 1876/1876 1874/1874
f 1873/1873 1851/1851 1866/1866
f 1876/1876 1873/1873 1877/1877
f 1876/1876 1875/1875 1874/1874
f 1876/1876 1878/1878 1875/1875
f 1879/1879 1875/1875 1878/1878
f 1880/1880 1878/1878 1876/1876
f 1878/1878 1880/1880 1881/1881
f 1801/1801 1802/1802 1844/1844
f 1802/1802 1882/1882 1844/1844
f 1844/1844 1882/1882 1865/1865
f 1882/1882 1883/1883 1865/1865
f 1857/1857 1861/1861 1802/1802
f 1883/1883 1868/1868 1865/1865
f 1869/1869 1868/1868 1883/1883
f 1883/1883 1884/1884 1869/1869
f 1885/1885 1872/1872 1870/1870
f 1886/1886 1871/1871 1869/1869
f 1885/1885 1870/1870 1871/1871
f 1885/1885 1871/1871 1886/1886
f 1887/1887 1885/1885 1888/1888
f 1889/1889 1872/1872 1885/1885
f 1890/1890 1872/1872 1889/1889
f 1887/1887 1889/1889 1885/1885
f 1891/1891 1869/1869 1884/1884
f 1883/1883 1882/1882 1892/1892
f 1892/1892 1884/1884 1883/1883
f 1893/1893 1891/1891 1884/1884
f 1886/1886 1869/1869 1891/1891
f 1891/1891 1894/1894 1886/1886
f 1885/1885 1886/1886 1894/1894
f 1894/1894 1891/1891 1888/1888
f 1888/1888 1885/1885 1894/1894
f 1891/1891 1893/1893 1888/1888
f 1889/1889 1895/1895 1896/1896
f 1890/1890 1889/1889 1896/1896
f 1897/1897 1889/1889 1887/1887
f 1898/1898 1890/1890 1896/1896
f 1897/1897 1895/1895 1889/1889
f 1899/1899 1895/1895 1897/1897
f 1900/1900 1901/1901 1895/1895
f 1895/1895 1899/1899 1900/1900
f 1896/1896 1895/1895 1901/1901
f 1896/1896 1901/1901 1898/1898
f 1897/1897 1887/1887 1902/1902
f 1902/1902 1887/1887 1888/1888
f 1888/1888 1903/1903 1902/1902
f 1899/1899 1897/1897 1902/1902
f 1904/1904 1899/1899 1902/1902
f 1802/1802 1861/1861 1882/1882
f 1905/1905 1882/1882 1861/1861
f 1905/1905 1906/1906 1892/1892
f 1882/1882 1905/1905 1892/1892
f 1893/1893 1884/1884 1892/1892
f 1892/1892 1906/1906 1907/1907
f 1907/1907 1893/1893 1892/1892
f 1888/1888 1893/1893 1908/1908
f 1903/1903 1888/1888 1908/1908
f 1909/1909 1910/1910 1911/1911
f 1912/1912 1901/1901 1900/1900
f 1913/1913 1899/1899 1904/1904
f 1914/1914 1913/1913 1904/1904
f 1902/1902 1915/1915 1904/1904
f 1915/1915 1902/1902 1903/1903
f 1916/1916 1913/1913 1914/1914
f 1917/1917 1914/1914 1904/1904
f 1918/1918 1909/1909 1911/1911
f 1910/1910 1909/1909 1919/1919
f 1920/1920 1919/1919 1921/1921
f 1921/1921 1919/1919 1909/1909
f 1918/1918 1921/1921 1909/1909
f 1922/1922 1916/1916 1914/1914
f 1923/1923 1916/1916 1922/1922
f 1863/1863 1905/1905 1861/1861
f 1863/1863 1906/1906 1905/1905
f 1906/1906 1863/1863 1925/1925
f 1906/1906 1925/1925 1907/1907
f 1893/1893 1926/1926 1908/1908
f 1927/1927 1915/1915 1903/1903
f 1926/1926 1903/1903 1908/1908
f 1926/1926 1927/1927 1903/1903
f 1904/1904 1915/1915 1927/1927
f 1907/1907 1928/1928 1893/1893
f 1928/1928 1926/1926 1893/1893
f 1922/1922 1914/1914 1929/1929
f 1930/1930 1904/1904 1927/1927
f 1930/1930 1917/1917 1904/1904
f 1914/1914 1917/1917 1929/1929
f 1929/1929 1917/1917 1930/1930
f 1931/1931 1927/1927 1926/1926
f 1932/1932 1930/1930 1927/1927
f 1932/1932 1927/1927 1931/1931
f 1877/1877 1873/1873 1872/1872
f 1877/1877 1872/1872 1890/1890
f 1933/1933 1877/1877 1890/1890
f 1934/1934 1880/1880 1877/1877
f 1898/1898 1933/1933 1890/1890
f 1934/1934 1877/1877 1933/1933
f 1880/1880 1876/1876 1877/1877
f 1935/1935 1881/1881 1880/1880
f 1934/1934 1935/1935 1880/1880
f 1936/1936 1935/1935 1934/1934
f 1937/1937 1898/1898 1938/1938
f 1937/1937 1933/1933 1898/1898
f 1934/1934 1933/1933 1939/1939
f 1938/1938 1940/1940 1937/1937
f 1937/1937 1939/1939 1933/1933
f 1941/1941 1939/1939 1937/1937
f 1939/1939 1936/1936 1934/1934
f 1939/1939 1942/1942 1936/1936
f 1942/1942 1943/1943 1936/1936
f 1942/1942 1939/1939 1944/1944
f 1945/1945 1946/1946 1863/1863
f 1946/1946 1925/1925 1863/1863
f 1925/1925 1947/1947 1907/1907
f 1925/1925 1946/1946 1948/1948
f 1948/1948 1947/1947 1925/1925
f 1907/1907 1947/1947 1949/1949
f 1949/1949 1928/1928 1907/1907
f 1949/1949 1926/1926 1928/1928
f 1926/1926 1949/1949 1950/1950
f 1416/1416 1459/1459 481/481
f 482/482 481/481 1459/1459
f 1461/1461 504/504 482/482
f 1461/1461 482/482 1459/1459
f 1951/1951 1461/1461 1460/1460
f 1462/1462 1951/1951 1460/1460
f 810/810 504/504 1461/1461
f 810/810 1461/1461 1952/1952
f 1461/1461 1951/1951 1952/1952
f 812/812 810/810 1952/1952
f 1953/1953 1951/1951 1462/1462
f 1952/1952 1951/1951 1953/1953
f 1953/1953 1954/1954 1952/1952
f 1462/1462 1955/1955 1956/1956
f 1462/1462 1956/1956 1953/1953
f 1954/1954 1953/1953 1956/1956
f 1954/1954 1956/1956 1957/1957
f 1466/1466 1442/1442 1443/1443
f 1462/1462 1466/1466 1955/1955
f 1466/1466 1470/1470 1955/1955
f 1471/1471 1466/1466 1443/1443
f 1466/1466 1471/1471 1470/1470
f 1955/1955 1958/1958 1956/1956
f 1470/1470 1958/1958 1955/1955
f 1957/1957 1956/1956 1958/1958
f 1957/1957 1958/1958 1959/1959
f 1472/1472 1716/1716 1470/1470
f 1470/1470 1716/1716 1959/1959
f 1958/1958 1470/1470 1959/1959
f 1960/1960 1959/1959 1716/1716
f 1716/1716 1472/1472 1715/1715
f 1960/1960 1716/1716 1717/1717
f 1775/1775 1764/1764 1776/1776
f 1776/1776 1780/1780 1775/1775
f 1780/1780 1774/1774 1961/1961
f 1962/1962 1780/1780 1961/1961
f 1772/1772 1773/1773 1963/1963
f 1743/1743 1963/1963 1773/1773
f 1774/1774 1772/1772 1963/1963
f 1774/1774 1963/1963 1964/1964
f 1961/1961 1774/1774 1964/1964
f 1961/1961 1964/1964 1965/1965
f 1966/1966 1961/1961 1965/1965
f 1967/1967 1961/1961 1966/1966
f 1792/1792 1743/1743 1752/1752
f 1963/1963 1743/1743 1792/1792
f 1964/1964 1963/1963 1792/1792
f 1791/1791 1752/1752 1755/1755
f 1791/1791 1965/1965 1792/1792
f 1791/1791 1968/1968 1965/1965
f 1791/1791 1755/1755 1969/1969
f 1968/1968 1791/1791 1969/1969
f 1968/1968 1969/1969 1970/1970
f 1792/1792 1965/1965 1964/1964
f 1965/1965 1971/1971 1966/1966
f 1971/1971 1965/1965 1968/1968
f 1966/1966 1971/1971 1972/1972
f 1971/1971 1968/1968 1973/1973
f 1971/1971 1973/1973 1974/1974
f 1972/1972 1971/1971 1974/1974
f 1839/1839 1831/1831 1832/1832
f 1975/1975 1840/1840 1839/1839
f 1975/1975 1976/1976 1840/1840
f 1839/1839 1832/1832 1975/1975
f 1849/1849 1977/1977 1848/1848
f 1978/1978 1832/1832 1848/1848
f 1978/1978 1848/1848 1979/1979
f 1975/1975 1832/1832 1978/1978
f 1978/1978 1980/1980 1975/1975
f 1980/1980 1978/1978 1979/1979
f 1979/1979 1848/1848 1977/1977
f 1981/1981 1979/1979 1977/1977
f 1980/1980 1979/1979 1981/1981
f 1981/1981 1977/1977 1982/1982
f 1838/1838 1969/1969 1755/1755
f 1838/1838 1840/1840 1983/1983
f 1969/1969 1838/1838 1983/1983
f 1969/1969 1983/1983 1970/1970
f 1840/1840 1984/1984 1983/1983
f 1970/1970 1983/1983 1984/1984
f 1840/1840 1976/1976 1984/1984
f 1985/1985 1970/1970 1984/1984
f 1986/1986 1985/1985 1984/1984
f 1976/1976 1986/1986 1984/1984
f 1973/1973 1968/1968 1970/1970
f 1985/1985 1973/1973 1970/1970
f 1987/1987 1974/1974 1973/1973
f 1987/1987 1973/1973 1985/1985
f 1987/1987 1985/1985 1986/1986
f 1986/1986 1988/1988 1989/1989
f 1989/1989 1987/1987 1986/1986
f 1976/1976 1975/1975 1980/1980
f 1990/1990 1976/1976 1980/1980
f 1991/1991 1990/1990 1980/1980
f 1986/1986 1976/1976 1990/1990
f 1991/1991 1992/1992 1990/1990
f 1981/1981 1991/1991 1980/1980
f 1991/1991 1981/1981 1992/1992
f 1992/1992 1981/1981 1982/1982
f 1992/1992 1982/1982 1993/1993
f 1994/1994 1992/1992 1993/1993
f 1988/1988 1986/1986 1990/1990
f 1988/1988 1990/1990 1992/1992
f 1992/1992 1995/1995 1988/1988
f 1989/1989 1988/1988 1996/1996
f 1996/1996 1988/1988 1995/1995
f 1992/1992 1994/1994 1995/1995
f 1997/1997 1995/1995 1994/1994
f 1994/1994 1998/1998 1997/1997
f 1999/1999 2000/2000 2004/2004
f 1911/1911 1910/1910 1916/1916
f 1901/1901 1912/1912 2005/2005
f 2005/2005 1898/1898 1901/1901
f 1938/1938 1898/1898 2005/2005
f 1899/1899 1913/1913 1900/1900
f 1919/1919 1912/1912 1910/1910
f 1919/1919 2005/2005 1912/1912
f 2006/2006 2005/2005 1919/1919
f 2006/2006 1938/1938 2005/2005
f 1900/1900 1910/1910 1912/1912
f 1913/1913 1910/1910 1900/1900
f 1916/1916 1910/1910 1913/1913
f 1919/1919 1920/1920 2006/2006
f 1911/1911 2007/2007 1918/1918
f 1921/1921 1918/1918 2003/2003
f 2008/2008 1921/1921 2002/2002
f 2008/2008 1920/1920 1921/1921
f 2002/2002 1921/1921 2003/2003
f 2006/2006 1920/1920 2009/2009
f 2003/2003 1918/1918 2007/2007
f 2007/2007 1911/1911 1916/1916
f 1923/1923 2007/2007 1916/1916
f 2007/2007 1923/1923 2003/2003
f 1940/1940 1938/1938 2006/2006
f 2009/2009 1940/1940 2006/2006
f 1997/1997 1996/1996 1995/1995
f 977/977 974/974 985/985
f 2010/2010 977/977 985/985
f 2011/2011 985/985 984/984
f 985/985 2011/2011 2010/2010
f 2011/2011 2012/2012 2010/2010
f 2013/2013 2010/2010 2012/2012
f 2011/2011 984/984 983/983
f 2011/2011 983/983 2012/2012
f 2014/2014 983/983 982/982
f 2014/2014 2012/2012 983/983
f 2015/2015 977/977 2010/2010
f 2010/2010 2013/2013 2015/2015
f 977/977 2015/2015 2016/2016
f 977/977 2016/2016 2017/2017
f 2016/2016 2015/2015 2018/2018
f 2019/2019 2012/2012 2014/2014
f 2013/2013 2012/2012 2020/2020
f 2012/2012 2019/2019 2020/2020
f 2020/2020 2021/2021 2013/2013
f 2017/2017 976/976 977/977
f 990/990 976/976 2017/2017
f 990/990 2017/2017 2022/2022
f 2023/2023 991/991 990/990
f 2023/2023 999/999 991/991
f 999/999 2023/2023 2024/2024
f 2024/2024 1000/1000 999/999
f 2023/2023 990/990 2022/2022
f 2022/2022 2025/2025 2023/2023
f 2025/2025 2022/2022 2026/2026
f 2025/2025 2027/2027 2023/2023
f 2027/2027 2024/2024 2023/2023
f 2027/2027 2025/2025 2026/2026
f 2028/2028 2024/2024 2027/2027
f 2024/2024 2029/2029 1000/1000
f 2029/2029 1002/1002 1000/1000
f 2028/2028 2029/2029 2024/2024
f 2029/2029 1019/1019 1002/1002
f 2022/2022 2017/2017 2030/2030
f 2026/2026 2022/2022 2030/2030
f 2031/2031 2017/2017 2016/2016
f 2030/2030 2017/2017 2031/2031
f 2028/2028 2027/2027 2032/2032
f 2032/2032 2027/2027 2026/2026
f 2030/2030 2033/2033 2026/2026
f 2030/2030 2031/2031 2034/2034
f 2033/2033 2030/2030 2034/2034
f 2016/2016 2018/2018 2031/2031
f 2035/2035 2031/2031 2018/2018
f 2034/2034 2031/2031 2035/2035
f 2036/2036 2035/2035 2018/2018
f 2033/2033 2032/2032 2026/2026
f 2037/2037 2032/2032 2033/2033
f 2033/2033 2034/2034 2038/2038
f 2034/2034 2035/2035 2036/2036
f 2039/2039 2033/2033 2038/2038
f 2039/2039 2037/2037 2033/2033
f 2029/2029 2028/2028 2032/2032
f 2032/2032 2037/2037 2029/2029
f 2029/2029 2037/2037 2040/2040
f 2029/2029 2040/2040 2041/2041
f 2040/2040 2042/2042 2041/2041
f 2037/2037 2039/2039 2040/2040
f 2039/2039 2043/2043 2040/2040
f 2015/2015 2044/2044 2018/2018
f 2045/2045 2018/2018 2044/2044
f 2021/2021 2015/2015 2013/2013
f 2015/2015 2021/2021 2046/2046
f 2047/2047 2048/2048 2021/2021
f 2048/2048 2046/2046 2021/2021
f 2044/2044 2015/2015 2046/2046
f 2049/2049 2045/2045 2044/2044
f 2046/2046 2050/2050 2044/2044
f 2051/2051 2045/2045 2052/2052
f 2052/2052 2045/2045 2049/2049
f 2044/2044 2050/2050 2049/2049
f 2053/2053 2046/2046 2048/2048
f 2036/2036 2038/2038 2034/2034
f 2018/2018 2051/2051 2036/2036
f 2051/2051 2018/2018 2045/2045
f 2038/2038 2036/2036 2054/2054
f 2054/2054 2036/2036 2051/2051
f 2051/2051 2055/2055 2054/2054
f 2054/2054 2055/2055 2056/2056
f 2038/2038 2054/2054 2039/2039
f 2039/2039 2054/2054 2043/2043
f 2056/2056 2043/2043 2054/2054
f 2052/2052 2055/2055 2051/2051
f 1021/1021 1019/1019 2057/2057
f 2029/2029 2041/2041 1019/1019
f 2057/2057 1019/1019 2041/2041
f 2057/2057 2058/2058 1021/1021
f 2059/2059 2058/2058 2057/2057
f 1021/1021 2060/2060 1022/1022
f 2060/2060 1021/1021 2058/2058
f 2057/2057 2041/2041 2059/2059
f 2042/2042 2059/2059 2041/2041
f 704/704 981/981 2061/2061
f 2061/2061 2062/2062 704/704
f 112/112 703/703 2063/2063
f 112/112 2063/2063 982/982
f 2019/2019 982/982 2063/2063
f 2014/2014 982/982 2019/2019
f 2064/2064 2062/2062 2061/2061
f 2062/2062 697/697 704/704
f 697/697 2062/2062 1562/1562
f 981/981 1165/1165 2061/2061
f 1165/1165 997/997 1166/1166
f 2065/2065 2061/2061 1165/1165
f 2066/2066 2065/2065 1165/1165
f 2066/2066 1165/1165 1166/1166
f 2066/2066 1166/1166 2067/2067
f 2067/2067 1166/1166 1167/1167
f 1167/1167 1168/1168 2068/2068
f 1167/1167 2068/2068 2067/2067
f 2065/2065 2064/2064 2061/2061
f 2067/2067 2069/2069 2066/2066
f 2066/2066 2069/2069 2070/2070
f 2070/2070 2065/2065 2066/2066
f 2069/2069 2067/2067 2068/2068
f 2069/2069 2068/2068 2071/2071
f 2070/2070 2069/2069 2071/2071
f 2072/2072 2071/2071 2068/2068
f 2068/2068 2073/2073 2072/2072
f 1563/1563 2063/2063 703/703
f 2063/2063 2074/2074 2019/2019
f 2075/2075 2063/2063 1563/1563
f 2074/2074 2063/2063 2075/2075
f 2047/2047 2021/2021 2074/2074
f 2074/2074 2076/2076 2047/2047
f 2074/2074 2075/2075 2076/2076
f 2019/2019 2074/2074 2020/2020
f 2074/2074 2021/2021 2020/2020
f 2065/2065 2077/2077 2064/2064
f 2053/2053 2048/2048 2047/2047
f 2047/2047 2078/2078 2053/2053
f 2047/2047 2076/2076 2078/2078
f 2053/2053 2078/2078 1625/1625
f 2053/2053 2079/2079 2046/2046
f 2046/2046 2079/2079 2080/2080
f 2075/2075 1565/1565 1564/1564
f 1564/1564 2078/2078 2076/2076
f 1564/1564 2076/2076 2075/2075
f 1565/1565 2075/2075 1563/1563
f 1573/1573 1625/1625 2078/2078
f 1564/1564 1573/1573 2078/2078
f 2052/2052 2081/2081 2082/2082
f 2046/2046 2080/2080 2050/2050
f 2050/2050 2080/2080 2049/2049
f 2083/2083 2049/2049 2080/2080
f 2084/2084 2049/2049 2083/2083
f 2084/2084 2083/2083 2085/2085
f 2084/2084 2052/2052 2049/2049
f 2084/2084 2081/2081 2052/2052
f 2081/2081 2086/2086 2082/2082
f 2087/2087 2086/2086 2081/2081
f 2081/2081 2084/2084 2085/2085
f 1574/1574 1562/1562 2062/2062
f 2064/2064 1574/1574 2062/2062
f 2077/2077 1574/1574 2064/2064
f 2088/2088 1574/1574 2077/2077
f 2077/2077 2089/2089 2090/2090
f 2088/2088 1575/1575 1574/1574
f 1673/1673 1575/1575 2088/2088
f 2088/2088 2077/2077 2090/2090
f 2091/2091 2088/2088 2090/2090
f 2091/2091 2090/2090 2092/2092
f 2093/2093 2091/2091 2092/2092
f 2043/2043 2056/2056 2094/2094
f 2055/2055 2094/2094 2056/2056
f 2055/2055 2052/2052 2082/2082
f 2055/2055 2082/2082 2094/2094
f 2086/2086 2095/2095 2094/2094
f 2095/2095 2043/2043 2094/2094
f 2070/2070 2089/2089 2065/2065
f 2040/2040 2043/2043 2096/2096
f 2042/2042 2040/2040 2096/2096
f 2097/2097 2096/2096 2043/2043
f 2070/2070 2071/2071 2072/2072
f 2098/2098 2072/2072 2073/2073
f 2082/2082 2086/2086 2094/2094
f 2099/2099 2095/2095 2086/2086
f 2086/2086 2087/2087 2099/2099
f 2095/2095 2097/2097 2043/2043
f 2099/2099 2097/2097 2095/2095
f 2100/2100 2097/2097 2099/2099
f 2101/2101 2097/2097 2100/2100
f 2102/2102 2100/2100 2099/2099
f 2103/2103 2101/2101 2100/2100
f 2077/2077 2065/2065 2089/2089
f 2070/2070 2104/2104 2089/2089
f 2089/2089 2104/2104 2092/2092
f 2105/2105 2072/2072 2098/2098
f 2104/2104 2070/2070 2072/2072
f 2104/2104 2072/2072 2105/2105
f 2105/2105 2106/2106 2104/2104
f 2107/2107 2108/2108 2105/2105
f 2089/2089 2092/2092 2090/2090
f 2109/2109 2092/2092 2104/2104
f 2104/2104 2106/2106 2109/2109
f 2109/2109 2106/2106 2110/2110
f 2105/2105 2108/2108 2106/2106
f 2111/2111 2106/2106 2108/2108
f 2111/2111 2108/2108 2112/2112
f 2110/2110 2106/2106 2111/2111
f 2111/2111 2112/2112 2113/2113
f 2113/2113 2112/2112 2114/2114
f 1168/1168 1194/1194 2115/2115
f 2068/2068 1168/1168 2115/2115
f 1194/1194 2116/2116 2115/2115
f 1194/1194 1195/1195 2116/2116
f 1195/1195 2117/2117 2116/2116
f 2118/2118 2115/2115 2116/2116
f 2068/2068 2115/2115 2073/2073
f 2115/2115 2118/2118 2073/2073
f 2118/2118 2116/2116 2119/2119
f 2060/2060 1198/1198 1022/1022
f 2060/2060 2120/2120 1198/1198
f 2121/2121 2060/2060 2058/2058
f 2060/2060 2121/2121 2120/2120
f 2117/2117 2119/2119 2116/2116
f 2042/2042 2122/2122 2059/2059
f 2123/2123 2073/2073 2118/2118
f 2124/2124 2121/2121 2058/2058
f 2124/2124 2058/2058 2059/2059
f 2125/2125 2120/2120 2121/2121
f 2126/2126 2121/2121 2124/2124
f 2122/2122 2124/2124 2059/2059
f 2127/2127 2124/2124 2122/2122
f 2126/2126 2125/2125 2121/2121
f 1204/1204 1203/1203 2128/2128
f 2119/2119 2117/2117 1204/1204
f 1204/1204 2128/2128 2119/2119
f 2128/2128 2129/2129 2119/2119
f 1215/1215 2128/2128 1203/1203
f 2118/2118 2119/2119 2130/2130
f 2130/2130 2123/2123 2118/2118
f 2129/2129 2130/2130 2119/2119
f 1198/1198 2120/2120 1207/1207
f 1207/1207 1210/1210 1208/1208
f 1207/1207 2131/2131 1210/1210
f 1207/1207 2120/2120 2132/2132
f 2120/2120 2125/2125 2132/2132
f 2131/2131 1207/1207 2132/2132
f 2133/2133 2125/2125 2126/2126
f 1213/1213 1210/1210 2131/2131
f 2131/2131 2132/2132 2134/2134
f 2135/2135 1213/1213 2131/2131
f 2131/2131 2136/2136 2135/2135
f 1217/1217 1216/1216 1213/1213
f 1217/1217 1213/1213 2135/2135
f 2132/2132 2125/2125 2133/2133
f 2134/2134 2132/2132 2133/2133
f 2136/2136 2131/2131 2134/2134
f 2133/2133 2126/2126 2137/2137
f 2126/2126 2138/2138 2137/2137
f 2137/2137 2134/2134 2133/2133
f 2134/2134 2139/2139 2136/2136
f 2137/2137 2140/2140 2134/2134
f 2139/2139 2134/2134 2140/2140
f 2141/2141 2139/2139 2140/2140
f 2139/2139 2135/2135 2136/2136
f 2042/2042 2142/2142 2122/2122
f 2127/2127 2122/2122 2142/2142
f 2142/2142 2042/2042 2096/2096
f 2142/2142 2096/2096 2097/2097
f 2142/2142 2143/2143 2127/2127
f 2144/2144 2124/2124 2127/2127
f 2126/2126 2124/2124 2144/2144
f 2144/2144 2138/2138 2126/2126
f 2144/2144 2127/2127 2145/2145
f 2143/2143 2145/2145 2127/2127
f 2142/2142 2097/2097 2101/2101
f 2143/2143 2142/2142 2101/2101
f 2146/2146 2143/2143 2101/2101
f 2073/2073 2123/2123 2098/2098
f 2107/2107 2098/2098 2123/2123
f 2107/2107 2123/2123 2147/2147
f 2107/2107 2105/2105 2098/2098
f 2107/2107 2147/2147 2148/2148
f 2144/2144 2145/2145 2149/2149
f 2150/2150 2138/2138 2144/2144
f 2144/2144 2149/2149 2150/2150
f 2145/2145 2143/2143 2146/2146
f 2101/2101 2103/2103 2146/2146
f 2107/2107 2112/2112 2108/2108
f 2151/2151 2149/2149 2145/2145
f 2152/2152 2149/2149 2151/2151
f 2145/2145 2146/2146 2153/2153
f 2153/2153 2151/2151 2145/2145
f 2154/2154 2152/2152 2155/2155
f 2155/2155 2152/2152 2151/2151
f 2155/2155 2151/2151 2156/2156
f 2137/2137 2138/2138 2150/2150
f 2140/2140 2137/2137 2150/2150
f 2157/2157 2140/2140 2150/2150
f 2150/2150 2152/2152 2157/2157
f 2152/2152 2150/2150 2149/2149
f 2140/2140 2157/2157 2158/2158
f 2135/2135 2159/2159 1217/1217
f 2159/2159 1224/1224 1217/1217
f 1262/1262 1224/1224 2159/2159
f 1262/1262 2159/2159 2160/2160
f 2135/2135 2139/2139 2159/2159
f 2141/2141 2161/2161 2139/2139
f 2161/2161 2159/2159 2139/2139
f 2161/2161 2160/2160 2159/2159
f 1223/1223 1224/1224 1262/1262
f 2162/2162 2160/2160 2161/2161
f 2160/2160 2162/2162 2163/2163
f 2164/2164 1262/1262 2160/2160
f 2164/2164 2160/2160 2163/2163
f 2165/2165 2148/2148 2166/2166
f 2167/2167 2165/2165 2168/2168
f 2165/2165 2167/2167 2114/2114
f 2158/2158 2141/2141 2140/2140
f 2157/2157 2152/2152 2154/2154
f 2158/2158 2157/2157 2154/2154
f 2141/2141 2158/2158 2169/2169
f 2170/2170 2171/2171 2169/2169
f 2162/2162 2161/2161 2141/2141
f 2169/2169 2162/2162 2141/2141
f 2158/2158 2154/2154 2170/2170
f 2172/2172 2154/2154 2155/2155
f 2154/2154 2172/2172 2170/2170
f 2169/2169 2158/2158 2170/2170
f 2173/2173 2171/2171 2170/2170
f 2170/2170 2172/2172 2173/2173
f 2162/2162 2174/2174 2163/2163
f 2162/2162 2169/2169 2174/2174
f 2174/2174 2169/2169 2171/2171
f 2163/2163 2174/2174 2175/2175
f 2176/2176 2174/2174 2177/2177
f 2178/2178 2173/2173 2179/2179
f 2179/2179 2173/2173 2172/2172
f 2171/2171 2173/2173 2178/2178
f 2177/2177 2171/2171 2178/2178
f 2177/2177 2174/2174 2171/2171
f 2178/2178 2180/2180 2177/2177
f 2180/2180 2181/2181 2177/2177
f 2079/2079 2053/2053 1625/1625
f 2079/2079 2182/2182 2080/2080
f 2083/2083 2080/2080 2182/2182
f 2079/2079 1625/1625 1629/1629
f 1629/1629 2183/2183 2079/2079
f 2183/2183 2182/2182 2079/2079
f 2184/2184 2182/2182 2183/2183
f 2185/2185 2182/2182 2184/2184
f 2085/2085 2083/2083 2182/2182
f 2185/2185 2085/2085 2182/2182
f 2085/2085 2185/2185 2186/2186
f 1629/1629 1628/1628 2183/2183
f 2183/2183 1628/1628 1632/1632
f 2184/2184 2183/2183 2187/2187
f 1632/1632 2187/2187 2183/2183
f 2184/2184 2187/2187 2188/2188
f 2085/2085 2186/2186 2081/2081
f 2186/2186 2189/2189 2081/2081
f 2189/2189 2186/2186 2185/2185
f 2081/2081 2189/2189 2087/2087
f 2189/2189 2190/2190 2087/2087
f 2187/2187 1632/1632 2188/2188
f 1632/1632 1631/1631 1643/1643
f 2191/2191 1632/1632 1643/1643
f 1632/1632 2191/2191 2188/2188
f 2192/2192 2184/2184 2188/2188
f 2188/2188 2191/2191 2192/2192
f 2192/2192 2185/2185 2184/2184
f 2193/2193 2185/2185 2192/2192
f 1673/1673 2088/2088 2091/2091
f 2091/2091 2195/2195 1673/1673
f 2185/2185 2193/2193 2189/2189
f 2189/2189 2193/2193 2190/2190
f 2193/2193 2196/2196 2190/2190
f 2091/2091 2093/2093 2195/2195
f 1644/1644 2191/2191 1643/1643
f 2197/2197 2191/2191 1644/1644
f 2192/2192 2191/2191 2197/2197
f 2197/2197 2193/2193 2192/2192
f 1646/1646 2197/2197 1644/1644
f 1646/1646 1648/1648 2197/2197
f 2197/2197 1648/1648 2198/2198
f 2198/2198 2193/2193 2197/2197
f 2193/2193 2198/2198 2196/2196
f 2198/2198 1648/1648 2199/2199
f 2199/2199 2196/2196 2198/2198
f 2196/2196 2199/2199 2200/2200
f 2190/2190 2099/2099 2087/2087
f 2099/2099 2190/2190 2102/2102
f 2100/2100 2102/2102 2103/2103
f 2190/2190 2201/2201 2102/2102
f 2201/2201 2202/2202 2102/2102
f 2093/2093 2092/2092 2109/2109
f 2203/2203 2093/2093 2109/2109
f 2109/2109 2110/2110 2203/2203
f 2102/2102 2202/2202 2103/2103
f 2204/2204 2103/2103 2202/2202
f 2111/2111 2205/2205 2110/2110
f 2206/2206 2103/2103 2204/2204
f 2207/2207 2206/2206 2204/2204
f 2196/2196 2201/2201 2190/2190
f 2201/2201 2196/2196 2200/2200
f 2202/2202 2201/2201 2200/2200
f 2208/2208 2202/2202 2200/2200
f 2202/2202 2208/2208 2209/2209
f 2204/2204 2202/2202 2209/2209
f 2209/2209 2207/2207 2204/2204
f 1671/1671 1672/1672 1675/1675
f 2194/2194 1675/1675 1672/1672
f 1675/1675 2194/2194 2210/2210
f 2093/2093 2211/2211 2195/2195
f 2212/2212 2210/2210 2194/2194
f 2211/2211 2093/2093 2203/2203
f 2211/2211 2203/2203 2213/2213
f 2215/2215 1675/1675 2210/2210
f 1678/1678 1675/1675 2215/2215
f 2216/2216 2217/2217 2215/2215
f 2215/2215 1681/1681 1678/1678
f 1681/1681 2215/2215 2217/2217
f 2210/2210 2212/2212 2216/2216
f 2216/2216 2215/2215 2210/2210
f 2216/2216 2212/2212 2218/2218
f 2214/2214 2218/2218 2212/2212
f 2214/2214 2219/2219 2218/2218
f 2216/2216 2218/2218 2217/2217
f 2218/2218 2219/2219 2220/2220
f 1681/1681 2217/2217 2221/2221
f 2222/2222 2221/2221 2217/2217
f 2222/2222 2217/2217 2218/2218
f 2220/2220 2222/2222 2218/2218
f 2213/2213 2203/2203 2223/2223
f 2203/2203 2110/2110 2223/2223
f 2213/2213 2223/2223 2225/2225
f 2110/2110 2205/2205 2223/2223
f 2205/2205 2226/2226 2223/2223
f 2225/2225 2223/2223 2226/2226
f 2205/2205 2111/2111 2113/2113
f 2227/2227 2113/2113 2114/2114
f 2226/2226 2205/2205 2113/2113
f 2227/2227 2114/2114 2228/2228
f 2226/2226 2113/2113 2227/2227
f 2227/2227 2229/2229 2226/2226
f 2200/2200 2199/2199 2230/2230
f 2200/2200 2230/2230 2208/2208
f 2224/2224 2219/2219 2214/2214
f 2219/2219 2224/2224 2232/2232
f 2220/2220 2219/2219 2232/2232
f 2226/2226 2231/2231 2225/2225
f 2226/2226 2229/2229 2231/2231
f 2233/2233 2208/2208 2234/2234
f 2208/2208 2233/2233 2209/2209
f 2207/2207 2209/2209 2235/2235
f 2233/2233 2235/2235 2209/2209
f 2236/2236 2235/2235 2233/2233
f 2237/2237 2220/2220 2232/2232
f 2238/2238 2231/2231 2240/2240
f 2239/2239 2237/2237 2232/2232
f 2240/2240 2231/2231 2229/2229
f 2241/2241 2240/2240 2242/2242
f 2241/2241 2243/2243 2240/2240
f 2238/2238 2240/2240 2243/2243
f 1691/1691 1648/1648 1649/1649
f 2244/2244 1648/1648 1691/1691
f 1694/1694 1691/1691 1690/1690
f 1694/1694 2245/2245 1691/1691
f 2244/2244 2199/2199 1648/1648
f 2199/2199 2244/2244 2246/2246
f 1691/1691 2245/2245 2244/2244
f 2244/2244 2245/2245 2246/2246
f 2246/2246 2245/2245 2247/2247
f 2247/2247 2248/2248 2246/2246
f 1681/1681 2221/2221 1682/1682
f 2221/2221 2222/2222 2249/2249
f 1696/1696 1682/1682 2221/2221
f 2249/2249 1696/1696 2221/2221
f 2249/2249 2250/2250 1696/1696
f 2251/2251 2247/2247 2245/2245
f 2247/2247 2252/2252 2253/2253
f 2222/2222 2254/2254 2249/2249
f 2250/2250 2249/2249 2254/2254
f 2254/2254 2222/2222 2237/2237
f 2237/2237 2222/2222 2220/2220
f 2245/2245 1694/1694 2251/2251
f 1694/1694 1701/1701 2251/2251
f 1701/1701 1702/1702 2251/2251
f 1702/1702 2252/2252 2251/2251
f 2252/2252 1702/1702 2255/2255
f 1853/1853 1702/1702 1700/1700
f 2247/2247 2251/2251 2252/2252
f 2252/2252 2256/2256 2253/2253
f 2257/2257 2252/2252 2258/2258
f 2257/2257 2256/2256 2252/2252
f 2258/2258 2252/2252 2255/2255
f 2199/2199 2246/2246 2230/2230
f 2234/2234 2208/2208 2230/2230
f 2230/2230 2246/2246 2234/2234
f 2248/2248 2234/2234 2246/2246
f 2259/2259 2233/2233 2234/2234
f 2236/2236 2233/2233 2259/2259
f 2259/2259 2260/2260 2236/2236
f 2253/2253 2248/2248 2247/2247
f 2261/2261 2248/2248 2253/2253
f 2261/2261 2253/2253 2262/2262
f 2261/2261 2234/2234 2248/2248
f 2259/2259 2234/2234 2261/2261
f 2260/2260 2259/2259 2261/2261
f 2262/2262 2260/2260 2261/2261
f 2236/2236 2260/2260 2263/2263
f 2264/2264 2263/2263 2260/2260
f 2264/2264 2260/2260 2262/2262
f 2264/2264 2262/2262 2265/2265
f 2256/2256 2262/2262 2253/2253
f 2265/2265 2262/2262 2256/2256
f 2206/2206 2146/2146 2103/2103
f 2206/2206 2153/2153 2146/2146
f 2266/2266 2156/2156 2153/2153
f 2267/2267 2153/2153 2206/2206
f 2206/2206 2207/2207 2267/2267
f 2266/2266 2153/2153 2267/2267
f 2151/2151 2153/2153 2156/2156
f 2268/2268 2228/2228 2167/2167
f 2269/2269 2156/2156 2266/2266
f 2155/2155 2156/2156 2269/2269
f 2270/2270 2155/2155 2269/2269
f 2266/2266 2271/2271 2269/2269
f 2270/2270 2172/2172 2155/2155
f 2179/2179 2172/2172 2270/2270
f 2272/2272 2270/2270 2269/2269
f 2269/2269 2271/2271 2272/2272
f 2273/2273 2270/2270 2272/2272
f 2271/2271 2266/2266 2267/2267
f 2267/2267 2207/2207 2235/2235
f 2271/2271 2267/2267 2235/2235
f 2272/2272 2271/2271 2274/2274
f 2271/2271 2235/2235 2274/2274
f 2236/2236 2274/2274 2235/2235
f 2275/2275 2274/2274 2236/2236
f 2179/2179 2270/2270 2273/2273
f 2276/2276 2179/2179 2273/2273
f 2272/2272 2274/2274 2275/2275
f 2277/2277 2272/2272 2275/2275
f 2278/2278 2277/2277 2275/2275
f 2277/2277 2273/2273 2272/2272
f 2277/2277 2279/2279 2273/2273
f 2276/2276 2273/2273 2279/2279
f 2280/2280 2276/2276 2279/2279
f 2279/2279 2277/2277 2281/2281
f 2281/2281 2277/2277 2278/2278
f 2282/2282 2179/2179 2276/2276
f 2282/2282 2178/2178 2179/2179
f 2282/2282 2180/2180 2178/2178
f 2276/2276 2280/2280 2282/2282
f 2275/2275 2236/2236 2263/2263
f 2275/2275 2263/2263 2283/2283
f 2278/2278 2275/2275 2283/2283
f 2284/2284 2283/2283 2263/2263
f 2285/2285 2164/2164 2163/2163
f 2175/2175 2285/2285 2163/2163
f 2175/2175 2174/2174 2176/2176
f 2176/2176 2177/2177 2181/2181
f 2286/2286 2176/2176 2181/2181
f 2287/2287 2288/2288 2289/2289
f 2286/2286 2175/2175 2176/2176
f 2290/2290 2286/2286 2181/2181
f 2291/2291 2292/2292 2293/2293
f 2294/2294 2295/2295 2290/2290
f 2286/2286 2290/2290 2295/2295
f 2295/2295 2294/2294 2296/2296
f 2297/2297 2238/2238 2243/2243
f 2299/2299 1696/1696 2250/2250
f 1702/1702 1853/1853 1855/1855
f 1702/1702 1855/1855 2255/2255
f 2255/2255 1855/1855 2300/2300
f 1879/1879 2300/2300 1855/1855
f 2301/2301 2257/2257 2258/2258
f 2301/2301 2258/2258 2255/2255
f 2301/2301 2255/2255 2300/2300
f 2301/2301 2300/2300 2302/2302
f 2300/2300 1879/1879 2303/2303
f 2304/2304 2302/2302 2300/2300
f 2300/2300 2303/2303 2304/2304
f 2304/2304 2305/2305 2302/2302
f 2306/2306 2305/2305 2304/2304
f 2284/2284 2264/2264 2307/2307
f 2264/2264 2284/2284 2263/2263
f 2308/2308 2284/2284 2307/2307
f 2309/2309 2256/2256 2257/2257
f 2265/2265 2256/2256 2309/2309
f 2310/2310 2265/2265 2309/2309
f 2301/2301 2309/2309 2257/2257
f 2302/2302 2309/2309 2301/2301
f 2311/2311 2309/2309 2302/2302
f 2310/2310 2309/2309 2311/2311
f 2310/2310 2264/2264 2265/2265
f 2264/2264 2310/2310 2307/2307
f 2307/2307 2310/2310 2312/2312
f 2313/2313 2314/2314 2315/2315
f 2310/2310 2311/2311 2312/2312
f 2311/2311 2302/2302 2305/2305
f 2316/2316 2311/2311 2305/2305
f 2316/2316 2312/2312 2311/2311
f 2316/2316 2305/2305 2306/2306
f 2312/2312 2308/2308 2307/2307
f 2308/2308 2312/2312 2314/2314
f 2315/2315 2312/2312 2316/2316
f 2312/2312 2315/2315 2314/2314
f 2317/2317 2318/2318 2306/2306
f 2318/2318 2317/2317 2319/2319
f 2320/2320 2319/2319 2317/2317
f 2321/2321 2315/2315 2316/2316
f 2306/2306 2318/2318 2316/2316
f 2316/2316 2318/2318 2321/2321
f 2322/2322 2321/2321 2318/2318
f 2323/2323 2315/2315 2321/2321
f 2313/2313 2315/2315 2323/2323
f 2319/2319 2322/2322 2318/2318
f 2322/2322 2324/2324 2325/2325
f 2322/2322 2319/2319 2324/2324
f 2321/2321 2322/2322 2323/2323
f 2323/2323 2322/2322 2325/2325
f 2326/2326 2323/2323 2325/2325
f 2281/2281 2278/2278 2327/2327
f 2328/2328 2280/2280 2279/2279
f 2281/2281 2328/2328 2279/2279
f 2280/2280 2328/2328 2329/2329
f 2328/2328 2281/2281 2330/2330
f 2331/2331 2328/2328 2330/2330
f 2328/2328 2331/2331 2329/2329
f 2180/2180 2282/2282 2332/2332
f 2332/2332 2282/2282 2280/2280
f 2290/2290 2181/2181 2180/2180
f 2180/2180 2332/2332 2290/2290
f 2280/2280 2329/2329 2332/2332
f 2333/2333 2290/2290 2332/2332
f 2329/2329 2333/2333 2332/2332
f 2334/2334 2333/2333 2329/2329
f 2329/2329 2331/2331 2334/2334
f 2327/2327 2278/2278 2283/2283
f 2327/2327 2283/2283 2284/2284
f 2308/2308 2327/2327 2284/2284
f 2327/2327 2308/2308 2330/2330
f 2281/2281 2327/2327 2330/2330
f 2335/2335 2336/2336 2330/2330
f 2335/2335 2330/2330 2308/2308
f 2335/2335 2308/2308 2314/2314
f 2313/2313 2335/2335 2314/2314
f 2313/2313 2337/2337 2335/2335
f 2337/2337 2336/2336 2335/2335
f 2331/2331 2330/2330 2336/2336
f 2338/2338 2331/2331 2336/2336
f 2339/2339 2331/2331 2338/2338
f 2338/2338 2340/2340 2339/2339
f 2294/2294 2333/2333 2334/2334
f 2294/2294 2290/2290 2333/2333
f 2331/2331 2339/2339 2334/2334
f 2341/2341 2294/2294 2334/2334
f 2334/2334 2342/2342 2341/2341
f 2334/2334 2339/2339 2342/2342
f 2337/2337 2313/2313 2343/2343
f 2340/2340 2337/2337 2343/2343
f 2337/2337 2338/2338 2336/2336
f 2313/2313 2323/2323 2343/2343
f 2338/2338 2337/2337 2340/2340
f 1262/1262 1279/1279 1263/1263
f 1279/1279 1262/1262 2164/2164
f 2164/2164 2285/2285 2344/2344
f 2344/2344 1279/1279 2164/2164
f 1297/1297 1279/1279 2344/2344
f 2344/2344 2285/2285 2345/2345
f 2345/2345 2346/2346 2344/2344
f 2285/2285 2175/2175 2345/2345
f 2345/2345 2175/2175 2286/2286
f 1278/1278 1279/1279 1297/1297
f 2344/2344 2346/2346 1297/1297
f 2293/2293 1288/1288 1295/1295
f 2347/2347 2346/2346 2345/2345
f 2347/2347 2345/2345 2348/2348
f 2286/2286 2348/2348 2345/2345
f 2349/2349 2348/2348 2286/2286
f 2349/2349 2286/2286 2295/2295
f 1855/1855 1854/1854 1879/1879
f 1875/1875 1879/1879 1854/1854
f 1879/1879 1878/1878 2303/2303
f 2350/2350 1878/1878 1881/1881
f 1878/1878 2350/2350 2303/2303
f 2350/2350 2304/2304 2303/2303
f 2350/2350 2351/2351 2304/2304
f 2304/2304 2351/2351 2306/2306
f 1943/1943 1881/1881 1935/1935
f 1943/1943 2351/2351 1881/1881
f 1935/1935 1936/1936 1943/1943
f 2351/2351 2350/2350 1881/1881
f 2352/2352 2351/2351 1943/1943
f 2352/2352 2317/2317 2351/2351
f 2351/2351 2317/2317 2306/2306
f 2352/2352 1943/1943 1942/1942
f 1942/1942 2353/2353 2352/2352
f 2320/2320 2317/2317 2352/2352
f 1195/1195 1204/1204 2117/2117
f 2128/2128 1215/1215 2354/2354
f 2128/2128 2354/2354 2355/2355
f 2130/2130 2356/2356 2123/2123
f 2130/2130 2129/2129 2356/2356
f 2128/2128 2355/2355 2129/2129
f 2357/2357 2355/2355 2354/2354
f 2129/2129 2355/2355 2358/2358
f 2358/2358 2355/2355 2357/2357
f 2356/2356 2129/2129 2358/2358
f 2354/2354 1215/1215 1369/1369
f 2123/2123 2356/2356 2147/2147
f 2147/2147 2166/2166 2148/2148
f 2166/2166 2356/2356 2358/2358
f 2166/2166 2147/2147 2356/2356
f 2107/2107 2148/2148 2112/2112
f 2357/2357 2359/2359 2358/2358
f 2357/2357 2360/2360 2359/2359
f 1376/1376 2354/2354 1369/1369
f 1376/1376 2361/2361 2354/2354
f 2362/2362 1376/1376 1368/1368
f 1377/1377 2362/2362 1368/1368
f 2362/2362 2363/2363 1376/1376
f 2361/2361 1376/1376 2363/2363
f 2357/2357 2354/2354 2361/2361
f 2361/2361 2360/2360 2357/2357
f 2361/2361 2363/2363 2360/2360
f 2364/2364 2360/2360 2363/2363
f 2365/2365 2360/2360 2364/2364
f 1380/1380 2362/2362 1377/1377
f 1380/1380 2363/2363 2362/2362
f 2363/2363 2366/2366 2364/2364
f 2363/2363 1380/1380 2367/2367
f 2367/2367 2366/2366 2363/2363
f 2368/2368 2366/2366 2367/2367
f 2364/2364 2366/2366 2369/2369
f 2370/2370 2358/2358 2359/2359
f 2370/2370 2166/2166 2358/2358
f 2360/2360 2365/2365 2359/2359
f 2359/2359 2365/2365 2370/2370
f 2370/2370 2365/2365 2371/2371
f 2114/2114 2112/2112 2148/2148
f 2148/2148 2165/2165 2114/2114
f 2114/2114 2167/2167 2228/2228
f 2168/2168 2165/2165 2166/2166
f 2370/2370 2168/2168 2166/2166
f 2168/2168 2370/2370 2371/2371
f 2168/2168 2372/2372 2167/2167
f 2373/2373 2371/2371 2365/2365
f 2374/2374 2371/2371 2373/2373
f 2168/2168 2371/2371 2374/2374
f 2372/2372 2168/2168 2374/2374
f 2375/2375 2373/2373 2376/2376
f 2377/2377 2372/2372 2374/2374
f 2374/2374 2373/2373 2377/2377
f 2378/2378 2365/2365 2364/2364
f 2376/2376 2365/2365 2378/2378
f 2369/2369 2378/2378 2364/2364
f 2373/2373 2365/2365 2376/2376
f 2379/2379 2376/2376 2378/2378
f 2227/2227 2242/2242 2229/2229
f 2227/2227 2228/2228 2268/2268
f 2268/2268 2242/2242 2227/2227
f 2240/2240 2229/2229 2242/2242
f 2380/2380 2241/2241 2242/2242
f 2381/2381 2241/2241 2380/2380
f 2243/2243 2241/2241 2381/2381
f 2254/2254 2237/2237 2250/2250
f 2382/2382 2383/2383 2237/2237
f 2382/2382 2237/2237 2239/2239
f 2384/2384 2167/2167 2372/2372
f 2167/2167 2384/2384 2268/2268
f 2268/2268 2384/2384 2242/2242
f 2385/2385 2384/2384 2372/2372
f 2380/2380 2242/2242 2384/2384
f 2385/2385 2381/2381 2380/2380
f 2385/2385 2380/2380 2384/2384
f 1383/1383 1380/1380 1379/1379
f 2367/2367 1380/1380 1383/1383
f 1383/1383 2386/2386 2367/2367
f 2386/2386 2368/2368 2367/2367
f 2369/2369 2366/2366 2368/2368
f 2386/2386 2387/2387 2368/2368
f 2369/2369 2368/2368 2387/2387
f 1383/1383 2388/2388 2386/2386
f 1383/1383 1289/1289 2388/2388
f 2387/2387 2386/2386 2388/2388
f 2389/2389 2387/2387 2388/2388
f 2377/2377 2373/2373 2375/2375
f 2390/2390 2377/2377 2375/2375
f 2391/2391 2377/2377 2390/2390
f 2379/2379 2378/2378 2369/2369
f 2375/2375 2376/2376 2379/2379
f 2369/2369 2387/2387 2379/2379
f 2289/2289 2375/2375 2379/2379
f 2287/2287 2379/2379 2387/2387
f 2379/2379 2287/2287 2289/2289
f 2289/2289 2390/2390 2375/2375
f 2390/2390 2289/2289 2288/2288
f 2288/2288 2391/2391 2390/2390
f 2392/2392 2391/2391 2288/2288
f 1289/1289 1288/1288 2388/2388
f 2388/2388 1288/1288 2389/2389
f 2293/2293 2389/2389 1288/1288
f 2393/2393 2389/2389 2293/2293
f 2394/2394 2387/2387 2389/2389
f 2393/2393 2394/2394 2389/2389
f 2395/2395 2396/2396 2393/2393
f 2287/2287 2397/2397 2288/2288
f 2396/2396 2397/2397 2287/2287
f 2394/2394 2287/2287 2387/2387
f 2396/2396 2287/2287 2394/2394
f 2288/2288 2397/2397 2392/2392
f 2398/2398 2392/2392 2397/2397
f 2399/2399 2397/2397 2396/2396
f 2396/2396 2394/2394 2393/2393
f 2400/2400 2401/2401 2398/2398
f 2397/2397 2399/2399 2398/2398
f 2400/2400 2398/2398 2399/2399
f 2382/2382 2239/2239 2298/2298
f 2243/2243 2402/2402 2297/2297
f 2381/2381 2402/2402 2243/2243
f 2402/2402 2403/2403 2404/2404
f 2299/2299 1849/1849 1697/1697
f 2299/2299 1697/1697 1696/1696
f 1849/1849 2299/2299 2406/2406
f 2299/2299 2407/2407 2406/2406
f 2407/2407 2299/2299 2250/2250
f 2408/2408 2406/2406 2407/2407
f 2250/2250 2237/2237 2407/2407
f 2407/2407 2237/2237 2383/2383
f 2409/2409 2408/2408 2407/2407
f 2410/2410 2407/2407 2383/2383
f 2410/2410 2409/2409 2407/2407
f 2411/2411 2409/2409 2410/2410
f 2412/2412 2409/2409 2411/2411
f 1977/1977 1849/1849 2406/2406
f 1977/1977 2406/2406 2413/2413
f 2413/2413 2406/2406 2408/2408
f 2413/2413 2408/2408 2409/2409
f 1982/1982 1977/1977 2413/2413
f 2413/2413 2409/2409 2412/2412
f 2414/2414 2382/2382 2298/2298
f 2414/2414 2383/2383 2382/2382
f 2405/2405 2414/2414 2298/2298
f 2410/2410 2383/2383 2414/2414
f 2404/2404 2297/2297 2402/2402
f 2411/2411 2410/2410 2414/2414
f 2405/2405 2411/2411 2414/2414
f 2415/2415 2411/2411 2405/2405
f 2415/2415 2417/2417 2419/2419
f 2419/2419 2411/2411 2415/2415
f 2403/2403 2420/2420 2404/2404
f 2404/2404 2420/2420 2416/2416
f 2421/2421 2420/2420 2422/2422
f 2424/2424 2421/2421 2425/2425
f 2426/2426 2424/2424 2425/2425
f 2412/2412 2411/2411 2428/2428
f 2429/2429 2430/2430 2431/2431
f 1993/1993 1982/1982 2413/2413
f 1993/1993 2413/2413 2412/2412
f 2412/2412 2430/2430 1993/1993
f 1993/1993 2429/2429 1994/1994
f 1993/1993 2430/2430 2429/2429
f 2428/2428 2430/2430 2412/2412
f 2431/2431 2430/2430 2428/2428
f 2432/2432 2429/2429 2431/2431
f 2433/2433 2429/2429 2432/2432
f 2432/2432 2431/2431 2434/2434
f 1998/1998 1994/1994 2429/2429
f 2417/2417 2428/2428 2419/2419
f 2419/2419 2428/2428 2411/2411
f 2428/2428 2417/2417 2431/2431
f 2416/2416 2420/2420 2418/2418
f 2420/2420 2421/2421 2418/2418
f 2424/2424 2418/2418 2421/2421
f 2435/2435 2431/2431 2423/2423
f 2431/2431 2435/2435 2434/2434
f 2423/2423 2431/2431 2417/2417
f 2427/2427 2435/2435 2423/2423
f 2385/2385 2372/2372 2377/2377
f 2436/2436 2385/2385 2437/2437
f 2438/2438 2385/2385 2436/2436
f 2437/2437 2385/2385 2377/2377
f 2391/2391 2437/2437 2377/2377
f 2439/2439 2437/2437 2391/2391
f 2436/2436 2437/2437 2439/2439
f 2438/2438 2381/2381 2385/2385
f 2381/2381 2438/2438 2402/2402
f 2438/2438 2403/2403 2402/2402
f 2438/2438 2436/2436 2440/2440
f 2392/2392 2439/2439 2391/2391
f 2441/2441 2439/2439 2392/2392
f 2440/2440 2436/2436 2441/2441
f 2441/2441 2436/2436 2439/2439
f 2440/2440 2441/2441 2442/2442
f 2438/2438 2440/2440 2403/2403
f 2440/2440 2443/2443 2403/2403
f 2420/2420 2403/2403 2443/2443
f 2422/2422 2420/2420 2443/2443
f 2401/2401 2441/2441 2392/2392
f 2441/2441 2401/2401 2442/2442
f 2398/2398 2401/2401 2392/2392
f 2440/2440 2422/2422 2443/2443
f 2422/2422 2440/2440 2442/2442
f 2444/2444 2422/2422 2442/2442
f 2442/2442 2401/2401 2445/2445
f 2446/2446 2442/2442 2445/2445
f 2447/2447 2445/2445 2401/2401
f 2446/2446 2444/2444 2442/2442
f 2421/2421 2422/2422 2444/2444
f 2446/2446 2421/2421 2444/2444
f 2425/2425 2421/2421 2446/2446
f 2448/2448 2446/2446 2445/2445
f 271/271 273/273 2449/2449
f 272/272 271/271 2449/2449
f 2450/2450 2451/2451 2452/2452
f 2453/2453 2454/2454 272/272
f 272/272 2449/2449 2455/2455
f 2453/2453 272/272 2455/2455
f 2454/2454 2456/2456 2451/2451
f 2456/2456 2454/2454 2453/2453
f 2452/2452 2451/2451 2456/2456
f 2457/2457 2456/2456 2453/2453
f 2458/2458 2457/2457 2453/2453
f 2453/2453 2455/2455 2459/2459
f 2453/2453 2459/2459 2458/2458
f 2460/2460 2458/2458 2459/2459
f 2460/2460 2459/2459 2461/2461
f 2461/2461 2462/2462 2460/2460
f 2463/2463 2464/2464 2465/2465
f 2463/2463 2465/2465 2466/2466
f 2465/2465 2467/2467 2466/2466
f 248/248 244/244 243/243
f 243/243 2468/2468 248/248
f 245/245 243/243 227/227
f 245/245 2450/2450 2469/2469
f 2468/2468 243/243 2469/2469
f 2470/2470 248/248 2468/2468
f 2469/2469 243/243 245/245
f 115/115 240/240 2471/2471
f 240/240 248/248 2471/2471
f 115/115 114/114 240/240
f 115/115 2471/2471 2472/2472
f 2472/2472 2471/2471 248/248
f 115/115 2472/2472 2473/2473
f 2474/2474 115/115 2473/2473
f 2474/2474 411/411 115/115
f 2475/2475 761/761 2476/2476
f 2477/2477 2476/2476 756/756
f 2475/2475 2476/2476 2477/2477
f 756/756 2478/2478 2477/2477
f 756/756 2479/2479 2478/2478
f 2480/2480 2478/2478 2479/2479
f 248/248 2470/2470 2472/2472
f 2469/2469 2481/2481 2468/2468
f 2468/2468 2481/2481 2470/2470
f 2482/2482 2472/2472 2470/2470
f 2470/2470 2483/2483 2482/2482
f 2481/2481 2483/2483 2470/2470
f 2484/2484 2474/2474 2473/2473
f 2474/2474 2484/2484 2485/2485
f 2473/2473 2472/2472 2486/2486
f 2484/2484 2473/2473 2486/2486
f 2487/2487 2475/2475 2477/2477
f 2488/2488 2487/2487 2477/2477
f 2478/2478 2489/2489 2477/2477
f 2487/2487 2488/2488 2490/2490
f 2488/2488 2477/2477 2489/2489
f 2491/2491 2488/2488 2489/2489
f 2489/2489 2478/2478 2480/2480
f 2492/2492 2480/2480 2479/2479
f 2493/2493 2480/2480 2492/2492
f 2493/2493 2492/2492 2494/2494
f 2491/2491 2489/2489 2480/2480
f 2482/2482 2486/2486 2472/2472
f 2490/2490 2488/2488 2491/2491
f 2490/2490 2491/2491 2495/2495
f 2496/2496 2495/2495 2491/2491
f 2496/2496 2491/2491 2497/2497
f 2497/2497 2480/2480 2493/2493
f 2480/2480 2497/2497 2491/2491
f 2498/2498 2493/2493 2494/2494
f 2493/2493 2498/2498 2497/2497
f 2499/2499 2497/2497 2498/2498
f 2450/2450 245/245 246/246
f 2454/2454 264/264 266/266
f 2451/2451 2450/2450 246/246
f 2454/2454 2451/2451 246/246
f 246/246 264/264 2454/2454
f 2500/2500 2501/2501 2502/2502
f 2502/2502 2501/2501 2475/2475
f 2503/2503 2501/2501 2500/2500
f 2504/2504 773/773 2505/2505
f 2506/2506 2504/2504 2505/2505
f 773/773 2507/2507 269/269
f 2504/2504 2507/2507 773/773
f 2508/2508 269/269 2507/2507
f 2454/2454 266/266 272/272
f 2509/2509 2504/2504 2510/2510
f 2504/2504 2509/2509 2511/2511
f 2511/2511 2512/2512 2504/2504
f 2506/2506 2505/2505 2503/2503
f 2503/2503 2510/2510 2506/2506
f 2510/2510 2504/2504 2506/2506
f 2504/2504 2512/2512 2507/2507
f 2501/2501 761/761 2475/2475
f 2502/2502 2475/2475 2487/2487
f 2513/2513 2502/2502 2487/2487
f 2514/2514 2503/2503 2500/2500
f 2513/2513 2500/2500 2502/2502
f 2515/2515 2514/2514 2500/2500
f 2500/2500 2513/2513 2515/2515
f 2516/2516 2469/2469 2450/2450
f 2517/2517 2515/2515 2518/2518
f 2487/2487 2519/2519 2513/2513
f 2490/2490 2495/2495 2520/2520
f 2519/2519 2487/2487 2520/2520
f 2521/2521 2519/2519 2522/2522
f 2522/2522 2520/2520 2495/2495
f 2522/2522 2519/2519 2520/2520
f 2518/2518 2515/2515 2513/2513
f 2519/2519 2518/2518 2513/2513
f 2521/2521 2518/2518 2519/2519
f 2515/2515 2523/2523 2514/2514
f 2523/2523 2510/2510 2514/2514
f 2510/2510 2523/2523 2524/2524
f 2525/2525 2524/2524 2523/2523
f 2524/2524 2509/2509 2510/2510
f 2509/2509 2524/2524 2511/2511
f 2526/2526 2511/2511 2524/2524
f 2464/2464 2526/2526 2524/2524
f 2464/2464 2524/2524 2525/2525
f 2510/2510 2503/2503 2514/2514
f 2517/2517 2523/2523 2515/2515
f 2525/2525 2523/2523 2527/2527
f 2528/2528 2525/2525 2527/2527
f 2517/2517 2527/2527 2523/2523
f 2529/2529 2527/2527 2517/2517
f 2465/2465 2464/2464 2525/2525
f 2525/2525 2528/2528 2465/2465
f 2520/2520 2487/2487 2490/2490
f 2530/2530 2450/2450 2452/2452
f 2531/2531 2530/2530 2452/2452
f 2531/2531 2452/2452 2532/2532
f 2532/2532 2533/2533 2531/2531
f 2452/2452 2456/2456 2457/2457
f 2457/2457 2532/2532 2452/2452
f 2457/2457 2458/2458 2534/2534
f 2532/2532 2457/2457 2534/2534
f 2535/2535 2532/2532 2534/2534
f 2534/2534 2536/2536 2535/2535
f 2537/2537 2535/2535 2536/2536
f 2535/2535 2533/2533 2532/2532
f 2533/2533 2535/2535 2538/2538
f 2535/2535 2537/2537 2538/2538
f 2537/2537 2539/2539 2538/2538
f 2534/2534 2458/2458 2460/2460
f 2536/2536 2534/2534 2460/2460
f 2536/2536 2460/2460 2462/2462
f 2540/2540 2537/2537 2536/2536
f 2467/2467 2465/2465 2528/2528
f 2528/2528 2539/2539 2467/2467
f 2539/2539 2540/2540 2467/2467
f 2539/2539 2537/2537 2540/2540
f 2536/2536 2541/2541 2540/2540
f 2541/2541 2467/2467 2540/2540
f 2467/2467 2541/2541 2466/2466
f 2536/2536 2462/2462 2541/2541
f 2481/2481 2542/2542 2483/2483
f 2543/2543 2544/2544 2545/2545
f 2546/2546 2542/2542 2547/2547
f 2542/2542 2548/2548 2549/2549
f 2550/2550 2548/2548 2546/2546
f 2546/2546 2548/2548 2542/2542
f 2551/2551 2548/2548 2550/2550
f 2550/2550 2552/2552 2551/2551
f 2483/2483 2549/2549 2482/2482
f 2482/2482 2553/2553 2554/2554
f 2549/2549 2483/2483 2542/2542
f 2555/2555 2543/2543 2556/2556
f 2556/2556 2543/2543 2545/2545
f 2553/2553 2549/2549 2548/2548
f 2549/2549 2553/2553 2482/2482
f 2548/2548 2551/2551 2557/2557
f 2557/2557 2553/2553 2548/2548
f 2558/2558 2557/2557 2551/2551
f 2559/2559 2560/2560 2561/2561
f 2562/2562 2559/2559 2561/2561
f 2563/2563 2551/2551 2552/2552
f 2552/2552 2560/2560 2563/2563
f 2558/2558 2551/2551 2563/2563
f 2558/2558 2563/2563 2564/2564
f 2559/2559 2564/2564 2563/2563
f 2563/2563 2560/2560 2559/2559
f 2565/2565 2566/2566 2556/2556
f 2565/2565 2556/2556 2567/2567
f 2562/2562 2555/2555 2556/2556
f 2556/2556 2566/2566 2562/2562
f 2564/2564 2559/2559 2566/2566
f 2562/2562 2566/2566 2559/2559
f 2568/2568 2485/2485 2484/2484
f 2569/2569 2485/2485 2568/2568
f 2554/2554 2484/2484 2486/2486
f 2482/2482 2554/2554 2486/2486
f 2484/2484 2570/2570 2568/2568
f 2497/2497 2571/2571 2496/2496
f 2495/2495 2496/2496 2545/2545
f 2495/2495 2545/2545 2544/2544
f 2545/2545 2496/2496 2571/2571
f 2572/2572 2545/2545 2571/2571
f 2571/2571 2497/2497 2499/2499
f 2573/2573 2571/2571 2499/2499
f 2573/2573 2572/2572 2571/2571
f 2574/2574 2567/2567 2572/2572
f 2575/2575 2567/2567 2574/2574
f 2567/2567 2545/2545 2572/2572
f 2556/2556 2545/2545 2567/2567
f 2574/2574 2573/2573 2576/2576
f 2574/2574 2572/2572 2573/2573
f 2577/2577 2573/2573 2578/2578
f 2576/2576 2573/2573 2577/2577
f 2579/2579 2576/2576 2577/2577
f 2580/2580 2554/2554 2553/2553
f 2581/2581 2580/2580 2582/2582
f 2583/2583 2582/2582 2584/2584
f 2580/2580 2553/2553 2557/2557
f 2582/2582 2580/2580 2557/2557
f 2582/2582 2557/2557 2558/2558
f 2582/2582 2558/2558 2584/2584
f 2584/2584 2558/2558 2564/2564
f 2566/2566 2585/2585 2564/2564
f 2585/2585 2566/2566 2565/2565
f 2585/2585 2584/2584 2564/2564
f 2568/2568 2570/2570 2586/2586
f 2569/2569 2586/2586 2587/2587
f 2586/2586 2569/2569 2568/2568
f 2588/2588 2586/2586 2589/2589
f 2587/2587 2586/2586 2588/2588
f 2587/2587 2590/2590 2569/2569
f 2591/2591 2579/2579 2592/2592
f 2593/2593 2588/2588 2589/2589
f 2588/2588 2593/2593 2594/2594
f 2594/2594 2587/2587 2588/2588
f 2587/2587 2594/2594 2595/2595
f 2596/2596 2593/2593 2597/2597
f 2596/2596 2597/2597 2598/2598
f 2591/2591 2598/2598 2597/2597
f 2596/2596 2594/2594 2593/2593
f 2594/2594 2596/2596 2599/2599
f 2596/2596 2600/2600 2599/2599
f 2600/2600 2596/2596 2598/2598
f 2484/2484 2554/2554 2570/2570
f 2581/2581 2601/2601 2580/2580
f 2570/2570 2554/2554 2601/2601
f 2567/2567 2602/2602 2565/2565
f 2580/2580 2601/2601 2554/2554
f 2582/2582 2583/2583 2581/2581
f 2585/2585 2565/2565 2602/2602
f 2575/2575 2574/2574 2603/2603
f 2602/2602 2567/2567 2575/2575
f 2602/2602 2575/2575 2603/2603
f 2589/2589 2601/2601 2581/2581
f 2589/2589 2581/2581 2583/2583
f 2583/2583 2584/2584 2604/2604
f 2586/2586 2570/2570 2601/2601
f 2589/2589 2586/2586 2601/2601
f 2605/2605 2606/2606 2602/2602
f 2607/2607 2604/2604 2606/2606
f 2608/2608 2589/2589 2583/2583
f 2608/2608 2583/2583 2604/2604
f 2589/2589 2608/2608 2593/2593
f 2607/2607 2608/2608 2604/2604
f 2604/2604 2584/2584 2585/2585
f 2604/2604 2585/2585 2602/2602
f 2604/2604 2602/2602 2606/2606
f 2576/2576 2603/2603 2574/2574
f 2605/2605 2602/2602 2603/2603
f 2603/2603 2576/2576 2579/2579
f 2608/2608 2607/2607 2597/2597
f 2593/2593 2608/2608 2597/2597
f 2607/2607 2606/2606 2605/2605
f 2605/2605 2603/2603 2579/2579
f 2605/2605 2579/2579 2591/2591
f 2607/2607 2605/2605 2591/2591
f 2591/2591 2597/2597 2607/2607
f 2450/2450 2530/2530 2516/2516
f 2481/2481 2469/2469 2516/2516
f 2609/2609 2516/2516 2530/2530
f 2542/2542 2481/2481 2516/2516
f 2610/2610 2521/2521 2611/2611
f 2611/2611 2612/2612 2610/2610
f 2518/2518 2521/2521 2613/2613
f 2529/2529 2517/2517 2613/2613
f 2613/2613 2517/2517 2518/2518
f 2613/2613 2610/2610 2529/2529
f 2530/2530 2531/2531 2609/2609
f 2538/2538 2614/2614 2615/2615
f 2615/2615 2529/2529 2610/2610
f 2539/2539 2614/2614 2538/2538
f 2614/2614 2529/2529 2615/2615
f 2610/2610 2613/2613 2521/2521
f 2522/2522 2495/2495 2544/2544
f 2611/2611 2522/2522 2543/2543
f 2522/2522 2611/2611 2521/2521
f 2543/2543 2522/2522 2544/2544
f 2547/2547 2516/2516 2609/2609
f 2547/2547 2609/2609 2616/2616
f 2616/2616 2609/2609 2617/2617
f 2617/2617 2618/2618 2616/2616
f 2516/2516 2547/2547 2542/2542
f 2546/2546 2547/2547 2616/2616
f 2615/2615 2610/2610 2612/2612
f 2615/2615 2619/2619 2618/2618
f 2615/2615 2561/2561 2619/2619
f 2615/2615 2612/2612 2561/2561
f 2616/2616 2618/2618 2552/2552
f 2550/2550 2546/2546 2616/2616
f 2616/2616 2552/2552 2550/2550
f 2552/2552 2618/2618 2619/2619
f 2552/2552 2619/2619 2560/2560
f 2561/2561 2560/2560 2619/2619
f 2531/2531 2617/2617 2609/2609
f 2533/2533 2617/2617 2531/2531
f 2617/2617 2533/2533 2538/2538
f 2617/2617 2538/2538 2618/2618
f 2538/2538 2615/2615 2618/2618
f 2555/2555 2611/2611 2543/2543
f 2611/2611 2555/2555 2561/2561
f 2611/2611 2561/2561 2612/2612
f 2562/2562 2561/2561 2555/2555
f 2529/2529 2528/2528 2527/2527
f 2539/2539 2528/2528 2529/2529
f 2539/2539 2529/2529 2614/2614
f 407/407 411/411 2620/2620
f 2620/2620 413/413 407/407
f 411/411 2474/2474 2620/2620
f 2621/2621 412/412 413/413
f 790/790 789/789 2622/2622
f 2620/2620 2474/2474 2623/2623
f 2623/2623 413/413 2620/2620
f 2621/2621 413/413 2624/2624
f 2625/2625 2621/2621 2624/2624
f 2621/2621 423/423 412/412
f 2625/2625 423/423 2621/2621
f 2625/2625 2626/2626 423/423
f 795/795 2627/2627 2622/2622
f 2628/2628 2622/2622 2627/2627
f 419/419 418/418 423/423
f 2626/2626 2629/2629 419/419
f 423/423 2626/2626 419/419
f 2630/2630 2626/2626 2625/2625
f 2630/2630 2629/2629 2626/2626
f 2629/2629 2631/2631 2632/2632
f 2633/2633 2634/2634 2635/2635
f 2636/2636 2623/2623 2485/2485
f 2636/2636 2624/2624 2623/2623
f 2624/2624 413/413 2623/2623
f 2637/2637 2625/2625 2624/2624
f 2636/2636 2637/2637 2624/2624
f 2638/2638 2630/2630 2625/2625
f 2638/2638 2631/2631 2630/2630
f 2625/2625 2637/2637 2638/2638
f 2630/2630 2631/2631 2629/2629
f 2639/2639 2635/2635 2640/2640
f 2641/2641 2631/2631 2638/2638
f 2641/2641 2642/2642 2631/2631
f 2629/2629 421/421 419/419
f 2643/2643 421/421 2629/2629
f 2629/2629 2632/2632 2643/2643
f 490/490 421/421 2643/2643
f 2643/2643 2644/2644 490/490
f 2644/2644 499/499 490/490
f 2645/2645 499/499 2644/2644
f 2646/2646 2644/2644 2643/2643
f 2645/2645 2644/2644 2647/2647
f 2632/2632 2646/2646 2643/2643
f 2648/2648 500/500 499/499
f 2648/2648 2649/2649 500/500
f 2645/2645 2648/2648 499/499
f 501/501 500/500 2649/2649
f 501/501 2649/2649 2650/2650
f 2650/2650 1454/1454 501/501
f 2650/2650 2649/2649 2648/2648
f 2645/2645 2647/2647 2651/2651
f 2645/2645 2651/2651 2648/2648
f 2652/2652 2650/2650 2648/2648
f 2652/2652 2648/2648 2651/2651
f 2632/2632 2631/2631 2646/2646
f 2642/2642 2646/2646 2631/2631
f 2644/2644 2646/2646 2647/2647
f 2646/2646 2642/2642 2653/2653
f 2654/2654 2640/2640 2655/2655
f 2640/2640 2654/2654 2639/2639
f 2646/2646 2653/2653 2656/2656
f 2656/2656 2647/2647 2646/2646
f 2647/2647 2656/2656 2657/2657
f 2658/2658 2654/2654 2655/2655
f 2659/2659 2651/2651 2647/2647
f 2660/2660 2651/2651 2659/2659
f 2661/2661 2662/2662 2663/2663
f 2664/2664 2665/2665 2652/2652
f 2660/2660 2652/2652 2651/2651
f 2652/2652 2660/2660 2664/2664
f 2666/2666 2667/2667 2662/2662
f 2663/2663 2662/2662 2667/2667
f 2647/2647 2657/2657 2659/2659
f 2668/2668 2637/2637 2636/2636
f 2638/2638 2637/2637 2669/2669
f 2669/2669 2637/2637 2668/2668
f 2638/2638 2669/2669 2670/2670
f 2641/2641 2638/2638 2670/2670
f 2641/2641 2670/2670 2642/2642
f 2671/2671 2653/2653 2642/2642
f 2671/2671 2642/2642 2670/2670
f 2672/2672 2671/2671 2670/2670
f 2671/2671 2672/2672 2673/2673
f 2673/2673 2674/2674 2671/2671
f 2658/2658 2655/2655 2675/2675
f 2674/2674 2653/2653 2671/2671
f 2674/2674 2656/2656 2653/2653
f 2656/2656 2674/2674 2657/2657
f 2676/2676 2659/2659 2657/2657
f 2677/2677 2660/2660 2659/2659
f 2659/2659 2676/2676 2677/2677
f 2677/2677 2678/2678 2660/2660
f 2660/2660 2678/2678 2664/2664
f 2679/2679 2657/2657 2674/2674
f 2657/2657 2679/2679 2676/2676
f 2679/2679 2680/2680 2676/2676
f 2674/2674 2681/2681 2679/2679
f 2682/2682 2680/2680 2679/2679
f 2680/2680 2677/2677 2676/2676
f 2678/2678 2677/2677 2680/2680
f 2683/2683 2684/2684 2678/2678
f 2685/2685 2678/2678 2680/2680
f 2683/2683 2678/2678 2685/2685
f 2623/2623 2474/2474 2485/2485
f 2494/2494 2686/2686 2498/2498
f 2687/2687 2498/2498 2686/2686
f 2686/2686 2688/2688 2687/2687
f 2689/2689 2690/2690 2691/2691
f 2689/2689 2691/2691 2692/2692
f 2693/2693 2688/2688 2689/2689
f 2692/2692 2691/2691 2694/2694
f 2694/2694 2691/2691 2695/2695
f 2694/2694 2695/2695 2639/2639
f 2636/2636 2485/2485 2569/2569
f 2499/2499 2498/2498 2687/2687
f 2693/2693 2687/2687 2688/2688
f 2573/2573 2499/2499 2687/2687
f 2687/2687 2578/2578 2573/2573
f 2696/2696 2687/2687 2693/2693
f 2578/2578 2687/2687 2696/2696
f 2693/2693 2689/2689 2692/2692
f 2697/2697 2692/2692 2698/2698
f 2697/2697 2696/2696 2693/2693
f 2693/2693 2692/2692 2697/2697
f 2636/2636 2569/2569 2590/2590
f 2668/2668 2636/2636 2590/2590
f 2577/2577 2578/2578 2699/2699
f 2699/2699 2578/2578 2696/2696
f 2700/2700 2699/2699 2696/2696
f 2699/2699 2701/2701 2577/2577
f 2701/2701 2699/2699 2700/2700
f 2700/2700 2696/2696 2697/2697
f 2700/2700 2697/2697 2702/2702
f 2702/2702 2697/2697 2698/2698
f 2703/2703 2700/2700 2702/2702
f 2698/2698 2692/2692 2694/2694
f 2704/2704 2698/2698 2694/2694
f 2705/2705 2639/2639 2654/2654
f 2705/2705 2694/2694 2639/2639
f 2694/2694 2705/2705 2704/2704
f 2706/2706 2702/2702 2698/2698
f 2706/2706 2698/2698 2704/2704
f 2704/2704 2707/2707 2706/2706
f 2708/2708 2704/2704 2705/2705
f 2708/2708 2707/2707 2704/2704
f 2709/2709 2708/2708 2705/2705
f 2590/2590 2710/2710 2668/2668
f 2595/2595 2710/2710 2590/2590
f 2579/2579 2577/2577 2701/2701
f 2711/2711 2701/2701 2700/2700
f 2590/2590 2587/2587 2595/2595
f 2701/2701 2592/2592 2579/2579
f 2701/2701 2711/2711 2592/2592
f 2710/2710 2669/2669 2668/2668
f 2712/2712 2669/2669 2710/2710
f 2670/2670 2669/2669 2712/2712
f 2713/2713 2703/2703 2702/2702
f 2714/2714 2711/2711 2700/2700
f 2703/2703 2714/2714 2700/2700
f 2713/2713 2714/2714 2703/2703
f 2715/2715 2713/2713 2716/2716
f 2595/2595 2717/2717 2710/2710
f 2718/2718 2717/2717 2595/2595
f 2595/2595 2719/2719 2718/2718
f 2719/2719 2595/2595 2594/2594
f 2719/2719 2594/2594 2599/2599
f 2591/2591 2592/2592 2598/2598
f 2598/2598 2592/2592 2720/2720
f 2720/2720 2600/2600 2598/2598
f 2711/2711 2721/2721 2592/2592
f 2720/2720 2592/2592 2721/2721
f 2722/2722 2719/2719 2599/2599
f 2722/2722 2599/2599 2600/2600
f 2600/2600 2723/2723 2722/2722
f 2723/2723 2600/2600 2720/2720
f 2724/2724 2719/2719 2722/2722
f 2723/2723 2724/2724 2722/2722
f 2718/2718 2719/2719 2724/2724
f 2712/2712 2710/2710 2717/2717
f 2718/2718 2712/2712 2717/2717
f 2724/2724 2725/2725 2718/2718
f 2712/2712 2718/2718 2725/2725
f 2726/2726 2712/2712 2725/2725
f 2725/2725 2727/2727 2726/2726
f 2721/2721 2711/2711 2714/2714
f 2713/2713 2715/2715 2714/2714
f 2728/2728 2714/2714 2715/2715
f 2728/2728 2721/2721 2714/2714
f 2720/2720 2721/2721 2728/2728
f 2729/2729 2724/2724 2723/2723
f 2720/2720 2729/2729 2723/2723
f 2729/2729 2730/2730 2724/2724
f 2730/2730 2729/2729 2731/2731
f 2729/2729 2720/2720 2731/2731
f 2720/2720 2728/2728 2731/2731
f 2731/2731 2728/2728 2715/2715
f 2731/2731 2715/2715 2732/2732
f 2707/2707 2733/2733 2734/2734
f 2713/2713 2702/2702 2706/2706
f 2713/2713 2706/2706 2734/2734
f 2734/2734 2706/2706 2707/2707
f 2716/2716 2713/2713 2734/2734
f 2735/2735 2708/2708 2709/2709
f 2733/2733 2707/2707 2708/2708
f 2735/2735 2733/2733 2708/2708
f 2726/2726 2670/2670 2712/2712
f 2726/2726 2672/2672 2670/2670
f 2726/2726 2673/2673 2672/2672
f 2673/2673 2726/2726 2736/2736
f 2737/2737 2734/2734 2733/2733
f 2732/2732 2715/2715 2716/2716
f 2738/2738 2732/2732 2716/2716
f 2738/2738 2716/2716 2737/2737
f 2734/2734 2737/2737 2716/2716
f 2739/2739 2738/2738 2737/2737
f 2740/2740 2733/2733 2735/2735
f 2740/2740 2735/2735 2741/2741
f 2737/2737 2733/2733 2740/2740
f 2737/2737 2740/2740 2742/2742
f 2673/2673 2743/2743 2674/2674
f 2740/2740 2741/2741 2744/2744
f 2740/2740 2744/2744 2742/2742
f 2737/2737 2742/2742 2739/2739
f 2658/2658 2675/2675 2745/2745
f 2745/2745 2675/2675 2746/2746
f 2705/2705 2654/2654 2747/2747
f 2654/2654 2658/2658 2747/2747
f 2747/2747 2658/2658 2748/2748
f 2709/2709 2705/2705 2747/2747
f 2709/2709 2747/2747 2749/2749
f 2747/2747 2748/2748 2749/2749
f 2748/2748 2750/2750 2749/2749
f 2745/2745 2748/2748 2658/2658
f 2751/2751 2745/2745 2746/2746
f 2746/2746 2752/2752 2751/2751
f 2753/2753 2754/2754 2751/2751
f 2754/2754 2753/2753 2755/2755
f 2756/2756 2709/2709 2749/2749
f 2756/2756 2749/2749 2750/2750
f 2709/2709 2756/2756 2735/2735
f 2741/2741 2735/2735 2756/2756
f 2750/2750 2748/2748 2745/2745
f 2745/2745 2751/2751 2750/2750
f 2757/2757 2750/2750 2751/2751
f 2750/2750 2758/2758 2756/2756
f 2757/2757 2758/2758 2750/2750
f 2741/2741 2756/2756 2758/2758
f 2674/2674 2743/2743 2681/2681
f 2758/2758 2757/2757 2759/2759
f 2760/2760 2758/2758 2759/2759
f 2682/2682 2679/2679 2681/2681
f 2760/2760 2741/2741 2758/2758
f 2761/2761 2760/2760 2759/2759
f 2762/2762 2751/2751 2754/2754
f 2762/2762 2757/2757 2751/2751
f 2757/2757 2762/2762 2759/2759
f 2754/2754 2763/2763 2762/2762
f 2754/2754 2755/2755 2764/2764
f 2763/2763 2754/2754 2764/2764
f 2765/2765 2685/2685 2680/2680
f 2759/2759 2762/2762 2766/2766
f 2762/2762 2763/2763 2766/2766
f 2761/2761 2759/2759 2766/2766
f 2767/2767 2763/2763 2764/2764
f 2768/2768 2767/2767 2764/2764
f 2766/2766 2763/2763 2767/2767
f 2766/2766 2767/2767 2769/2769
f 2769/2769 2767/2767 2770/2770
f 2771/2771 2727/2727 2725/2725
f 2771/2771 2725/2725 2724/2724
f 2724/2724 2730/2730 2771/2771
f 2771/2771 2772/2772 2727/2727
f 2730/2730 2773/2773 2774/2774
f 2774/2774 2771/2771 2730/2730
f 2772/2772 2771/2771 2774/2774
f 2727/2727 2736/2736 2726/2726
f 2772/2772 2736/2736 2727/2727
f 2731/2731 2773/2773 2730/2730
f 2775/2775 2732/2732 2738/2738
f 2731/2731 2732/2732 2775/2775
f 2773/2773 2731/2731 2775/2775
f 2738/2738 2739/2739 2775/2775
f 2776/2776 2673/2673 2736/2736
f 2777/2777 2673/2673 2776/2776
f 2776/2776 2736/2736 2772/2772
f 2775/2775 2739/2739 2778/2778
f 2775/2775 2778/2778 2773/2773
f 2777/2777 2743/2743 2673/2673
f 2779/2779 2743/2743 2777/2777
f 2780/2780 2778/2778 2781/2781
f 2778/2778 2742/2742 2781/2781
f 2742/2742 2744/2744 2781/2781
f 2782/2782 2776/2776 2772/2772
f 2782/2782 2772/2772 2774/2774
f 2773/2773 2783/2783 2774/2774
f 2782/2782 2777/2777 2776/2776
f 2782/2782 2774/2774 2783/2783
f 2778/2778 2783/2783 2773/2773
f 2784/2784 2782/2782 2783/2783
f 2783/2783 2778/2778 2780/2780
f 2784/2784 2783/2783 2780/2780
f 2777/2777 2782/2782 2785/2785
f 2784/2784 2785/2785 2782/2782
f 2742/2742 2778/2778 2739/2739
f 2681/2681 2743/2743 2779/2779
f 2744/2744 2741/2741 2786/2786
f 2780/2780 2781/2781 2786/2786
f 2787/2787 2780/2780 2786/2786
f 2785/2785 2779/2779 2777/2777
f 2779/2779 2785/2785 2788/2788
f 2788/2788 2785/2785 2784/2784
f 2780/2780 2789/2789 2784/2784
f 2780/2780 2787/2787 2789/2789
f 2681/2681 2779/2779 2790/2790
f 2779/2779 2788/2788 2790/2790
f 2787/2787 2791/2791 2789/2789
f 2744/2744 2786/2786 2781/2781
f 2741/2741 2792/2792 2786/2786
f 2792/2792 2741/2741 2760/2760
f 2786/2786 2792/2792 2787/2787
f 2787/2787 2792/2792 2793/2793
f 2791/2791 2787/2787 2793/2793
f 2681/2681 2790/2790 2682/2682
f 2794/2794 2789/2789 2791/2791
f 2795/2795 2682/2682 2790/2790
f 2795/2795 2796/2796 2682/2682
f 2761/2761 2792/2792 2760/2760
f 2761/2761 2793/2793 2792/2792
f 2761/2761 2797/2797 2793/2793
f 2798/2798 2793/2793 2797/2797
f 2791/2791 2793/2793 2798/2798
f 2794/2794 2791/2791 2798/2798
f 2798/2798 2797/2797 2799/2799
f 2794/2794 2784/2784 2789/2789
f 2788/2788 2795/2795 2790/2790
f 2800/2800 2795/2795 2788/2788
f 2800/2800 2788/2788 2784/2784
f 2801/2801 2800/2800 2784/2784
f 2794/2794 2798/2798 2802/2802
f 2802/2802 2798/2798 2799/2799
f 2801/2801 2784/2784 2794/2794
f 2682/2682 2796/2796 2680/2680
f 2765/2765 2680/2680 2796/2796
f 2765/2765 2796/2796 2803/2803
f 2803/2803 2804/2804 2765/2765
f 2805/2805 2761/2761 2766/2766
f 2805/2805 2797/2797 2761/2761
f 2805/2805 2806/2806 2797/2797
f 2766/2766 2769/2769 2805/2805
f 2806/2806 2805/2805 2807/2807
f 2806/2806 2799/2799 2797/2797
f 2799/2799 2806/2806 2807/2807
f 2685/2685 2804/2804 2683/2683
f 2804/2804 2685/2685 2765/2765
f 2808/2808 2804/2804 2803/2803
f 2809/2809 2683/2683 2804/2804
f 2808/2808 2809/2809 2804/2804
f 2769/2769 2807/2807 2805/2805
f 2770/2770 2810/2810 2769/2769
f 2769/2769 2811/2811 2807/2807
f 2810/2810 2811/2811 2769/2769
f 2803/2803 2796/2796 2795/2795
f 2795/2795 2800/2800 2803/2803
f 2803/2803 2800/2800 2812/2812
f 2813/2813 2800/2800 2801/2801
f 2812/2812 2800/2800 2813/2813
f 2802/2802 2801/2801 2794/2794
f 2814/2814 2801/2801 2802/2802
f 2802/2802 2799/2799 2807/2807
f 2814/2814 2813/2813 2801/2801
f 2802/2802 2807/2807 2815/2815
f 2812/2812 2813/2813 2814/2814
f 2812/2812 2814/2814 2816/2816
f 2817/2817 2803/2803 2812/2812
f 2817/2817 2812/2812 2816/2816
f 2815/2815 2814/2814 2802/2802
f 2803/2803 2817/2817 2818/2818
f 2803/2803 2818/2818 2808/2808
f 2818/2818 2817/2817 2816/2816
f 2819/2819 2816/2816 2814/2814
f 2816/2816 2819/2819 2818/2818
f 2815/2815 2807/2807 2811/2811
f 2820/2820 2809/2809 2808/2808
f 2818/2818 2820/2820 2808/2808
f 2820/2820 2818/2818 2821/2821
f 2821/2821 2818/2818 2819/2819
f 2822/2822 2815/2815 2811/2811
f 2822/2822 2811/2811 2810/2810
f 2823/2823 2815/2815 2822/2822
f 2814/2814 2815/2815 2823/2823
f 2819/2819 2814/2814 2824/2824
f 2824/2824 2814/2814 2823/2823
f 756/756 755/755 820/820
f 2479/2479 820/820 819/819
f 2479/2479 819/819 2492/2492
f 759/759 756/756 2476/2476
f 2476/2476 761/761 757/757
f 759/759 2476/2476 757/757
f 756/756 820/820 2479/2479
f 770/770 2503/2503 769/769
f 2503/2503 770/770 2501/2501
f 2503/2503 2505/2505 769/769
f 2505/2505 771/771 769/769
f 773/773 771/771 2505/2505
f 761/761 770/770 760/760
f 2501/2501 770/770 761/761
f 791/791 2622/2622 789/789
f 791/791 795/795 2622/2622
f 2825/2825 795/795 794/794
f 2627/2627 795/795 2825/2825
f 2826/2826 793/793 797/797
f 2827/2827 2826/2826 797/797
f 2827/2827 798/798 2826/2826
f 2825/2825 798/798 2634/2634
f 798/798 793/793 2826/2826
f 2825/2825 794/794 798/798
f 2634/2634 798/798 2827/2827
f 2633/2633 2627/2627 2825/2825
f 2825/2825 2634/2634 2633/2633
f 2695/2695 2633/2633 2635/2635
f 2695/2695 2635/2635 2639/2639
f 805/805 797/797 803/803
f 2827/2827 797/797 805/805
f 2828/2828 2634/2634 2827/2827
f 807/807 806/806 804/804
f 805/805 806/806 2829/2829
f 2828/2828 2827/2827 805/805
f 2635/2635 2634/2634 2828/2828
f 2640/2640 2635/2635 2828/2828
f 2828/2828 805/805 2830/2830
f 2830/2830 805/805 2829/2829
f 2831/2831 2830/2830 2829/2829
f 2830/2830 2640/2640 2828/2828
f 2655/2655 2640/2640 2830/2830
f 2830/2830 2661/2661 2655/2655
f 807/807 2829/2829 806/806
f 807/807 809/809 2829/2829
f 2829/2829 809/809 2832/2832
f 809/809 2833/2833 2832/2832
f 811/811 2833/2833 809/809
f 812/812 2834/2834 811/811
f 811/811 2834/2834 2833/2833
f 2831/2831 2829/2829 2832/2832
f 2831/2831 2832/2832 2835/2835
f 2831/2831 2661/2661 2830/2830
f 2835/2835 2832/2832 2833/2833
f 2835/2835 2833/2833 2834/2834
f 2835/2835 2834/2834 2666/2666
f 2662/2662 2831/2831 2835/2835
f 2675/2675 2655/2655 2661/2661
f 2662/2662 2661/2661 2831/2831
f 2662/2662 2835/2835 2666/2666
f 2667/2667 2666/2666 2836/2836
f 2837/2837 2661/2661 2663/2663
f 2838/2838 2837/2837 2663/2663
f 2838/2838 2663/2663 2839/2839
f 2839/2839 2663/2663 2667/2667
f 2667/2667 2840/2840 2839/2839
f 2661/2661 2837/2837 2675/2675
f 818/818 819/819 817/817
f 2628/2628 790/790 2622/2622
f 2492/2492 819/819 818/818
f 2492/2492 818/818 2494/2494
f 2628/2628 818/818 790/790
f 2841/2841 818/818 2628/2628
f 2841/2841 2628/2628 2690/2690
f 2494/2494 818/818 2841/2841
f 2686/2686 2494/2494 2841/2841
f 2627/2627 2690/2690 2628/2628
f 2688/2688 2841/2841 2690/2690
f 2841/2841 2688/2688 2686/2686
f 2690/2690 2689/2689 2688/2688
f 2627/2627 2691/2691 2690/2690
f 2691/2691 2627/2627 2633/2633
f 2691/2691 2633/2633 2695/2695
f 2746/2746 2675/2675 2837/2837
f 2838/2838 2746/2746 2837/2837
f 2838/2838 2752/2752 2746/2746
f 2838/2838 2839/2839 2753/2753
f 2753/2753 2839/2839 2842/2842
f 2753/2753 2842/2842 2755/2755
f 2753/2753 2751/2751 2752/2752
f 2752/2752 2838/2838 2753/2753
f 1069/1069 273/273 267/267
f 1065/1065 2843/2843 1069/1069
f 2844/2844 1069/1069 2843/2843
f 1065/1065 1076/1076 2843/2843
f 1076/1076 2845/2845 2843/2843
f 2845/2845 1076/1076 2846/2846
f 2449/2449 2847/2847 2455/2455
f 273/273 2848/2848 2847/2847
f 2449/2449 273/273 2847/2847
f 2849/2849 2455/2455 2847/2847
f 2850/2850 2847/2847 2848/2848
f 2848/2848 273/273 1069/1069
f 1069/1069 2844/2844 2848/2848
f 2851/2851 2848/2848 2844/2844
f 2844/2844 2843/2843 2852/2852
f 2851/2851 2844/2844 2853/2853
f 2849/2849 2459/2459 2455/2455
f 2849/2849 2847/2847 2850/2850
f 2849/2849 2850/2850 2461/2461
f 2854/2854 2855/2855 2463/2463
f 2461/2461 2459/2459 2849/2849
f 2462/2462 2461/2461 2856/2856
f 2856/2856 2541/2541 2462/2462
f 2854/2854 2463/2463 2466/2466
f 2857/2857 2466/2466 2541/2541
f 2857/2857 2541/2541 2856/2856
f 2466/2466 2857/2857 2854/2854
f 2854/2854 2857/2857 2858/2858
f 2851/2851 2850/2850 2848/2848
f 2461/2461 2850/2850 2859/2859
f 2461/2461 2859/2859 2856/2856
f 2851/2851 2859/2859 2850/2850
f 2853/2853 2859/2859 2851/2851
f 2860/2860 2856/2856 2859/2859
f 2858/2858 2857/2857 2861/2861
f 2856/2856 2861/2861 2857/2857
f 2858/2858 2855/2855 2854/2854
f 2856/2856 2860/2860 2862/2862
f 2861/2861 2863/2863 2858/2858
f 2863/2863 2855/2855 2858/2858
f 2861/2861 2856/2856 2862/2862
f 2852/2852 2843/2843 2845/2845
f 2852/2852 2853/2853 2844/2844
f 2855/2855 2864/2864 2865/2865
f 2866/2866 2860/2860 2852/2852
f 2866/2866 2852/2852 2867/2867
f 2868/2868 2869/2869 2864/2864
f 2870/2870 2871/2871 2872/2872
f 2870/2870 2872/2872 2868/2868
f 2867/2867 2845/2845 2846/2846
f 2846/2846 2873/2873 2874/2874
f 2852/2852 2845/2845 2867/2867
f 2874/2874 2867/2867 2846/2846
f 2867/2867 2874/2874 2875/2875
f 2866/2866 2867/2867 2875/2875
f 2875/2875 2871/2871 2866/2866
f 2875/2875 2876/2876 2871/2871
f 2876/2876 2872/2872 2871/2871
f 2860/2860 2859/2859 2853/2853
f 2852/2852 2860/2860 2853/2853
f 2862/2862 2860/2860 2871/2871
f 2862/2862 2863/2863 2861/2861
f 2871/2871 2860/2860 2866/2866
f 2862/2862 2871/2871 2870/2870
f 2863/2863 2864/2864 2855/2855
f 2863/2863 2862/2862 2870/2870
f 2870/2870 2864/2864 2863/2863
f 2864/2864 2870/2870 2868/2868
f 2874/2874 2873/2873 2875/2875
f 269/269 2508/2508 772/772
f 2508/2508 2877/2877 772/772
f 2512/2512 2508/2508 2507/2507
f 2877/2877 1070/1070 772/772
f 2878/2878 1070/1070 2877/2877
f 2878/2878 1072/1072 1070/1070
f 2879/2879 2878/2878 2877/2877
f 2877/2877 2508/2508 2879/2879
f 2880/2880 2878/2878 2879/2879
f 2879/2879 2508/2508 2512/2512
f 2881/2881 2512/2512 2511/2511
f 2882/2882 2880/2880 2879/2879
f 2881/2881 2879/2879 2512/2512
f 2879/2879 2881/2881 2882/2882
f 1065/1065 1061/1061 1076/1076
f 1075/1075 1077/1077 2846/2846
f 2883/2883 1072/1072 2878/2878
f 1072/1072 2883/2883 1071/1071
f 2884/2884 2883/2883 2878/2878
f 2880/2880 2884/2884 2878/2878
f 2883/2883 1080/1080 1071/1071
f 2885/2885 1083/1083 1080/1080
f 2886/2886 2885/2885 1080/1080
f 1080/1080 2883/2883 2887/2887
f 2887/2887 2888/2888 1080/1080
f 1080/1080 2888/2888 2886/2886
f 2889/2889 2884/2884 2880/2880
f 2880/2880 2882/2882 2889/2889
f 2882/2882 2890/2890 2891/2891
f 2891/2891 2889/2889 2882/2882
f 2892/2892 2887/2887 2889/2889
f 1076/1076 1075/1075 2846/2846
f 2873/2873 2846/2846 1077/1077
f 2893/2893 2894/2894 2887/2887
f 2887/2887 2883/2883 2884/2884
f 2884/2884 2889/2889 2887/2887
f 2894/2894 2888/2888 2887/2887
f 2895/2895 2888/2888 2894/2894
f 2887/2887 2892/2892 2893/2893
f 2511/2511 2526/2526 2881/2881
f 2464/2464 2463/2463 2526/2526
f 2896/2896 2881/2881 2526/2526
f 2526/2526 2463/2463 2896/2896
f 2881/2881 2890/2890 2882/2882
f 2865/2865 2890/2890 2881/2881
f 2881/2881 2896/2896 2865/2865
f 2855/2855 2865/2865 2896/2896
f 2463/2463 2855/2855 2896/2896
f 2891/2891 2890/2890 2865/2865
f 2891/2891 2869/2869 2892/2892
f 2892/2892 2889/2889 2891/2891
f 2891/2891 2865/2865 2869/2869
f 2864/2864 2869/2869 2865/2865
f 2892/2892 2897/2897 2893/2893
f 2893/2893 2897/2897 2898/2898
f 2898/2898 2894/2894 2893/2893
f 2892/2892 2869/2869 2897/2897
f 2868/2868 2897/2897 2869/2869
f 2868/2868 2899/2899 2897/2897
f 2876/2876 2899/2899 2872/2872
f 2868/2868 2872/2872 2899/2899
f 1073/1073 1074/1074 1090/1090
f 1077/1077 1073/1073 1090/1090
f 2885/2885 2886/2886 2900/2900
f 2900/2900 2901/2901 2885/2885
f 2900/2900 2886/2886 2895/2895
f 1088/1088 1089/1089 1091/1091
f 1091/1091 1089/1089 2902/2902
f 1089/1089 1097/1097 2902/2902
f 2903/2903 1091/1091 2902/2902
f 1077/1077 1090/1090 2904/2904
f 2904/2904 1090/1090 1091/1091
f 1077/1077 2904/2904 2905/2905
f 2904/2904 1091/1091 2903/2903
f 2904/2904 2903/2903 2906/2906
f 2906/2906 2905/2905 2904/2904
f 2906/2906 2903/2903 2907/2907
f 2895/2895 2886/2886 2888/2888
f 2908/2908 2901/2901 2900/2900
f 2895/2895 2898/2898 2900/2900
f 2909/2909 2900/2900 2898/2898
f 2909/2909 2908/2908 2900/2900
f 2907/2907 2903/2903 2902/2902
f 2910/2910 2908/2908 2909/2909
f 1097/1097 2911/2911 2902/2902
f 2912/2912 2902/2902 2911/2911
f 2912/2912 2907/2907 2902/2902
f 2913/2913 2907/2907 2912/2912
f 2914/2914 2915/2915 2910/2910
f 2910/2910 2916/2916 2914/2914
f 2913/2913 2912/2912 2917/2917
f 2913/2913 2917/2917 2918/2918
f 2917/2917 2911/2911 2919/2919
f 2917/2917 2912/2912 2911/2911
f 2918/2918 2917/2917 2920/2920
f 2920/2920 2917/2917 2919/2919
f 2885/2885 1096/1096 1083/1083
f 2921/2921 1092/1092 1096/1096
f 2885/2885 2901/2901 1096/1096
f 2922/2922 2921/2921 1096/1096
f 1095/1095 1092/1092 2921/2921
f 2921/2921 1101/1101 1095/1095
f 2922/2922 1101/1101 2921/2921
f 2922/2922 1096/1096 2901/2901
f 2923/2923 1101/1101 2922/2922
f 2922/2922 2901/2901 2908/2908
f 2908/2908 2915/2915 2922/2922
f 2908/2908 2910/2910 2915/2915
f 2924/2924 1097/1097 1103/1103
f 2911/2911 1097/1097 2924/2924
f 2915/2915 2923/2923 2922/2922
f 2925/2925 2923/2923 2915/2915
f 2926/2926 1102/1102 1101/1101
f 2926/2926 1107/1107 1102/1102
f 2926/2926 1101/1101 2923/2923
f 2923/2923 2925/2925 2926/2926
f 2927/2927 2926/2926 2925/2925
f 2925/2925 2915/2915 2928/2928
f 2928/2928 2915/2915 2914/2914
f 1103/1103 1110/1110 2924/2924
f 2924/2924 2919/2919 2911/2911
f 2919/2919 2924/2924 2929/2929
f 2924/2924 1110/1110 2929/2929
f 2929/2929 1110/1110 2930/2930
f 2929/2929 2920/2920 2919/2919
f 2920/2920 2929/2929 2931/2931
f 2932/2932 2920/2920 2931/2931
f 2933/2933 2934/2934 2928/2928
f 2933/2933 2928/2928 2935/2935
f 2935/2935 2928/2928 2914/2914
f 2928/2928 2927/2927 2925/2925
f 2936/2936 2927/2927 2928/2928
f 2936/2936 2928/2928 2934/2934
f 2934/2934 2933/2933 2937/2937
f 2934/2934 2937/2937 2936/2936
f 2938/2938 2937/2937 2933/2933
f 2937/2937 2939/2939 2936/2936
f 2905/2905 2873/2873 1077/1077
f 2875/2875 2873/2873 2940/2940
f 2905/2905 2940/2940 2873/2873
f 2941/2941 2940/2940 2942/2942
f 2942/2942 2940/2940 2905/2905
f 2941/2941 2942/2942 2943/2943
f 2898/2898 2895/2895 2894/2894
f 2944/2944 2898/2898 2897/2897
f 2944/2944 2945/2945 2946/2946
f 2946/2946 2898/2898 2944/2944
f 2876/2876 2875/2875 2941/2941
f 2875/2875 2940/2940 2941/2941
f 2947/2947 2876/2876 2941/2941
f 2899/2899 2944/2944 2897/2897
f 2876/2876 2947/2947 2899/2899
f 2944/2944 2899/2899 2947/2947
f 2947/2947 2941/2941 2943/2943
f 2947/2947 2945/2945 2944/2944
f 2947/2947 2943/2943 2945/2945
f 2942/2942 2905/2905 2948/2948
f 2906/2906 2948/2948 2905/2905
f 2943/2943 2942/2942 2949/2949
f 2943/2943 2949/2949 2950/2950
f 2943/2943 2950/2950 2945/2945
f 2949/2949 2942/2942 2948/2948
f 2909/2909 2946/2946 2951/2951
f 2951/2951 2946/2946 2945/2945
f 2951/2951 2945/2945 2950/2950
f 2948/2948 2906/2906 2952/2952
f 2948/2948 2952/2952 2949/2949
f 2952/2952 2906/2906 2907/2907
f 2951/2951 2910/2910 2909/2909
f 2909/2909 2898/2898 2946/2946
f 2951/2951 2953/2953 2910/2910
f 2950/2950 2954/2954 2951/2951
f 2913/2913 2952/2952 2907/2907
f 2952/2952 2913/2913 2949/2949
f 2949/2949 2913/2913 2918/2918
f 2954/2954 2949/2949 2918/2918
f 2950/2950 2949/2949 2954/2954
f 2953/2953 2951/2951 2954/2954
f 2916/2916 2910/2910 2953/2953
f 2955/2955 2953/2953 2954/2954
f 2955/2955 2916/2916 2953/2953
f 2956/2956 2954/2954 2918/2918
f 2955/2955 2954/2954 2956/2956
f 2918/2918 2932/2932 2956/2956
f 2920/2920 2932/2932 2918/2918
f 2916/2916 2955/2955 2957/2957
f 2955/2955 2956/2956 2957/2957
f 2914/2914 2916/2916 2935/2935
f 2935/2935 2916/2916 2957/2957
f 2956/2956 2932/2932 2958/2958
f 2957/2957 2956/2956 2958/2958
f 2935/2935 2957/2957 2959/2959
f 2935/2935 2959/2959 2933/2933
f 2959/2959 2957/2957 2958/2958
f 2932/2932 2960/2960 2958/2958
f 2960/2960 2932/2932 2931/2931
f 2959/2959 2938/2938 2933/2933
f 2958/2958 2961/2961 2959/2959
f 2959/2959 2961/2961 2938/2938
f 2929/2929 2930/2930 2931/2931
f 2931/2931 2930/2930 2962/2962
f 2962/2962 2960/2960 2931/2931
f 1109/1109 2963/2963 2964/2964
f 2930/2930 1110/1110 1109/1109
f 2930/2930 1109/1109 2964/2964
f 1109/1109 1242/1242 2963/2963
f 2930/2930 2964/2964 2962/2962
f 2962/2962 2965/2965 2960/2960
f 2965/2965 2962/2962 2964/2964
f 2938/2938 2966/2966 2937/2937
f 2964/2964 2963/2963 2967/2967
f 2964/2964 2967/2967 2965/2965
f 2958/2958 2960/2960 2961/2961
f 2968/2968 2961/2961 2960/2960
f 2960/2960 2965/2965 2968/2968
f 2969/2969 2938/2938 2961/2961
f 2966/2966 2938/2938 2969/2969
f 2969/2969 2961/2961 2968/2968
f 2968/2968 2965/2965 2970/2970
f 2927/2927 1107/1107 2926/2926
f 2971/2971 1107/1107 2927/2927
f 1241/1241 1107/1107 1244/1244
f 2971/2971 1244/1244 1107/1107
f 2936/2936 2971/2971 2927/2927
f 2972/2972 2971/2971 2936/2936
f 2972/2972 1244/1244 2971/2971
f 2973/2973 1244/1244 2972/2972
f 1244/1244 1243/1243 1241/1241
f 2973/2973 1245/1245 1244/1244
f 2972/2972 2936/2936 2939/2939
f 1242/1242 1266/1266 2963/2963
f 1245/1245 2974/2974 1246/1246
f 1245/1245 2973/2973 2975/2975
f 2974/2974 1245/1245 2975/2975
f 1266/1266 2976/2976 2963/2963
f 2977/2977 2963/2963 2976/2976
f 2973/2973 2972/2972 2939/2939
f 2978/2978 2973/2973 2939/2939
f 2966/2966 2939/2939 2937/2937
f 2978/2978 2939/2939 2966/2966
f 2967/2967 2963/2963 2977/2977
f 2979/2979 2967/2967 2977/2977
f 2965/2965 2967/2967 2979/2979
f 2970/2970 2965/2965 2979/2979
f 2978/2978 2980/2980 2981/2981
f 1267/1267 2976/2976 1266/1266
f 2976/2976 2982/2982 2977/2977
f 2977/2977 2982/2982 2979/2979
f 2979/2979 2982/2982 2983/2983
f 2978/2978 2981/2981 2973/2973
f 2973/2973 2981/2981 2975/2975
f 2984/2984 2975/2975 2981/2981
f 2985/2985 2976/2976 1267/1267
f 2982/2982 2976/2976 2985/2985
f 2984/2984 2981/2981 2980/2980
f 2982/2982 2985/2985 2986/2986
f 2983/2983 2982/2982 2986/2986
f 2987/2987 2985/2985 2988/2988
f 2987/2987 2989/2989 2986/2986
f 2987/2987 2986/2986 2985/2985
f 2990/2990 1249/1249 1246/1246
f 1271/1271 1249/1249 2990/2990
f 2990/2990 1246/1246 2974/2974
f 2991/2991 2990/2990 2974/2974
f 2985/2985 1268/1268 1269/1269
f 1267/1267 1268/1268 2985/2985
f 1249/1249 1271/1271 1250/1250
f 2990/2990 2992/2992 1271/1271
f 2992/2992 2990/2990 2993/2993
f 1273/1273 2994/2994 1269/1269
f 2974/2974 2975/2975 2984/2984
f 2974/2974 2984/2984 2991/2991
f 2991/2991 2993/2993 2990/2990
f 2988/2988 2985/2985 1269/1269
f 2994/2994 2988/2988 1269/1269
f 2987/2987 2988/2988 2995/2995
f 2996/2996 2991/2991 2984/2984
f 2997/2997 2992/2992 2993/2993
f 2993/2993 2998/2998 2997/2997
f 2998/2998 2993/2993 2991/2991
f 2996/2996 2998/2998 2991/2991
f 2988/2988 2994/2994 2995/2995
f 1273/1273 2999/2999 2994/2994
f 2994/2994 3000/3000 2995/2995
f 3000/3000 2994/2994 2999/2999
f 2999/2999 3001/3001 3000/3000
f 3002/3002 2968/2968 2970/2970
f 3003/3003 2969/2969 2968/2968
f 2966/2966 2969/2969 2978/2978
f 2978/2978 2969/2969 3003/3003
f 3003/3003 2968/2968 3002/3002
f 2983/2983 2970/2970 2979/2979
f 3002/3002 2970/2970 2983/2983
f 3004/3004 3003/3003 3002/3002
f 3003/3003 3005/3005 2978/2978
f 3005/3005 3003/3003 3004/3004
f 3005/3005 2980/2980 2978/2978
f 3006/3006 2983/2983 2986/2986
f 3002/3002 2983/2983 3006/3006
f 3007/3007 2984/2984 2980/2980
f 3007/3007 2980/2980 3005/3005
f 3006/3006 3004/3004 3002/3002
f 3006/3006 2986/2986 2989/2989
f 3006/3006 2989/2989 3008/3008
f 3004/3004 3009/3009 3005/3005
f 3009/3009 3007/3007 3005/3005
f 3004/3004 3006/3006 3008/3008
f 2984/2984 3007/3007 2996/2996
f 3009/3009 2996/2996 3007/3007
f 3010/3010 3004/3004 3008/3008
f 3011/3011 2996/2996 3009/3009
f 3009/3009 3004/3004 3011/3011
f 3012/3012 3011/3011 3004/3004
f 3010/3010 3012/3012 3004/3004
f 2996/2996 3011/3011 3013/3013
f 3011/3011 3012/3012 3013/3013
f 3013/3013 2998/2998 2996/2996
f 3014/3014 2997/2997 2998/2998
f 3013/3013 3014/3014 2998/2998
f 3012/3012 3015/3015 3013/3013
f 3014/3014 3013/3013 3015/3015
f 2989/2989 2987/2987 2995/2995
f 2995/2995 3008/3008 2989/2989
f 3008/3008 2995/2995 3000/3000
f 3010/3010 3016/3016 3012/3012
f 3008/3008 3016/3016 3010/3010
f 3000/3000 3017/3017 3008/3008
f 3001/3001 3017/3017 3000/3000
f 3017/3017 3001/3001 3018/3018
f 3016/3016 3015/3015 3012/3012
f 3019/3019 3016/3016 3008/3008
f 3018/3018 3008/3008 3017/3017
f 3018/3018 3019/3019 3008/3008
f 1282/1282 1272/1272 1271/1271
f 3020/3020 1282/1282 1271/1271
f 2992/2992 3020/3020 1271/1271
f 3021/3021 1282/1282 3020/3020
f 1273/1273 1284/1284 2999/2999
f 3021/3021 1283/1283 1282/1282
f 3021/3021 1286/1286 1283/1283
f 3022/3022 1286/1286 3021/3021
f 1287/1287 3023/3023 1284/1284
f 3023/3023 1287/1287 3024/3024
f 2997/2997 3020/3020 2992/2992
f 3021/3021 3020/3020 3025/3025
f 3014/3014 3026/3026 2997/2997
f 3020/3020 2997/2997 3026/3026
f 3026/3026 3025/3025 3020/3020
f 3025/3025 3022/3022 3021/3021
f 3022/3022 3025/3025 3027/3027
f 3026/3026 3027/3027 3025/3025
f 3026/3026 3028/3028 3027/3027
f 3029/3029 1284/1284 3023/3023
f 1284/1284 3029/3029 2999/2999
f 3001/3001 2999/2999 3029/3029
f 3029/3029 3023/3023 3030/3030
f 3024/3024 3030/3030 3023/3023
f 1293/1293 1291/1291 1286/1286
f 1286/1286 3022/3022 3031/3031
f 3031/3031 1293/1293 1286/1286
f 3031/3031 3032/3032 1293/1293
f 3024/3024 1287/1287 1278/1278
f 3024/3024 1278/1278 1296/1296
f 1294/1294 1293/1293 3033/3033
f 3033/3033 1295/1295 1294/1294
f 3033/3033 1293/1293 3032/3032
f 1295/1295 3033/3033 3034/3034
f 3035/3035 1296/1296 1297/1297
f 3036/3036 3035/3035 1297/1297
f 3037/3037 3032/3032 3031/3031
f 3022/3022 3027/3027 3038/3038
f 3022/3022 3038/3038 3031/3031
f 3037/3037 3031/3031 3038/3038
f 3032/3032 3034/3034 3033/3033
f 3039/3039 3034/3034 3032/3032
f 3040/3040 3032/3032 3037/3037
f 3039/3039 3032/3032 3040/3040
f 3041/3041 3040/3040 3037/3037
f 1296/1296 3030/3030 3024/3024
f 3030/3030 1296/1296 3042/3042
f 3035/3035 3042/3042 1296/1296
f 3026/3026 3014/3014 3043/3043
f 3026/3026 3043/3043 3028/3028
f 3027/3027 3028/3028 3044/3044
f 3045/3045 3028/3028 3043/3043
f 3045/3045 3044/3044 3028/3028
f 3029/3029 3046/3046 3001/3001
f 3018/3018 3001/3001 3046/3046
f 3047/3047 3046/3046 3029/3029
f 3015/3015 3016/3016 3048/3048
f 3049/3049 3014/3014 3015/3015
f 3019/3019 3018/3018 3050/3050
f 3019/3019 3048/3048 3016/3016
f 3046/3046 3050/3050 3018/3018
f 3049/3049 3043/3043 3014/3014
f 3048/3048 3049/3049 3015/3015
f 3051/3051 3049/3049 3048/3048
f 3051/3051 3048/3048 3019/3019
f 3052/3052 3051/3051 3019/3019
f 3050/3050 3052/3052 3019/3019
f 3046/3046 3047/3047 3050/3050
f 3047/3047 3029/3029 3030/3030
f 3047/3047 3030/3030 3053/3053
f 3054/3054 3049/3049 3051/3051
f 3045/3045 3043/3043 3049/3049
f 3054/3054 3045/3045 3049/3049
f 3051/3051 3052/3052 3055/3055
f 3050/3050 3055/3055 3052/3052
f 3047/3047 3053/3053 3050/3050
f 3053/3053 3056/3056 3050/3050
f 3055/3055 3050/3050 3056/3056
f 3057/3057 3044/3044 3045/3045
f 3045/3045 3054/3054 3057/3057
f 3054/3054 3051/3051 3058/3058
f 3038/3038 3027/3027 3041/3041
f 3044/3044 3041/3041 3027/3027
f 3041/3041 3037/3037 3038/3038
f 3044/3044 3059/3059 3041/3041
f 3041/3041 3059/3059 3040/3040
f 3039/3039 3040/3040 3060/3060
f 3059/3059 3060/3060 3040/3040
f 3059/3059 3061/3061 3060/3060
f 3044/3044 3057/3057 3062/3062
f 3059/3059 3044/3044 3062/3062
f 3061/3061 3059/3059 3062/3062
f 3063/3063 3062/3062 3064/3064
f 3063/3063 3061/3061 3062/3062
f 3061/3061 3065/3065 3060/3060
f 3061/3061 3063/3063 3066/3066
f 3067/3067 3066/3066 3063/3063
f 3068/3068 3030/3030 3042/3042
f 3056/3056 3053/3053 3068/3068
f 3068/3068 3053/3053 3030/3030
f 3068/3068 3042/3042 3069/3069
f 3069/3069 3042/3042 3035/3035
f 3058/3058 3057/3057 3054/3054
f 3055/3055 3070/3070 3051/3051
f 3056/3056 3070/3070 3055/3055
f 3057/3057 3058/3058 3064/3064
f 3070/3070 3058/3058 3051/3051
f 3070/3070 3064/3064 3058/3058
f 3071/3071 3070/3070 3056/3056
f 3057/3057 3064/3064 3062/3062
f 3072/3072 3064/3064 3070/3070
f 3072/3072 3070/3070 3071/3071
f 3073/3073 3068/3068 3069/3069
f 3073/3073 3056/3056 3068/3068
f 3071/3071 3056/3056 3073/3073
f 3071/3071 3073/3073 3074/3074
f 3073/3073 3069/3069 3074/3074
f 3075/3075 3074/3074 3069/3069
f 3035/3035 3076/3076 3069/3069
f 3076/3076 3075/3075 3069/3069
f 3064/3064 3072/3072 3063/3063
f 3072/3072 3077/3077 3063/3063
f 3072/3072 3071/3071 3077/3077
f 3074/3074 3077/3077 3071/3071
f 3067/3067 3063/3063 3077/3077
f 3077/3077 3074/3074 3078/3078
f 3078/3078 3074/3074 3075/3075
f 3079/3079 3077/3077 3078/3078
f 3079/3079 3067/3067 3077/3077
f 3080/3080 1454/1454 2650/2650
f 3080/3080 1456/1456 1454/1454
f 3080/3080 3081/3081 1456/1456
f 3081/3081 1458/1458 1456/1456
f 2652/2652 3080/3080 2650/2650
f 2665/2665 3080/3080 2652/2652
f 3082/3082 3081/3081 3080/3080
f 3081/3081 3083/3083 1458/1458
f 3082/3082 3084/3084 3081/3081
f 2665/2665 3082/3082 3080/3080
f 3085/3085 3082/3082 2665/2665
f 3082/3082 3086/3086 3084/3084
f 3085/3085 3086/3086 3082/3082
f 3083/3083 1475/1475 1458/1458
f 3087/3087 1477/1477 3083/3083
f 1477/1477 1475/1475 3083/3083
f 1477/1477 3087/3087 3088/3088
f 3084/3084 3083/3083 3081/3081
f 3084/3084 3087/3087 3083/3083
f 3088/3088 3087/3087 3089/3089
f 3088/3088 1479/1479 1477/1477
f 3088/3088 1480/1480 1479/1479
f 3090/3090 1480/1480 3088/3088
f 3091/3091 3090/3090 3089/3089
f 3088/3088 3089/3089 3090/3090
f 3092/3092 3087/3087 3084/3084
f 3092/3092 3084/3084 3086/3086
f 3089/3089 3087/3087 3092/3092
f 3089/3089 3092/3092 3093/3093
f 3093/3093 3092/3092 3086/3086
f 3089/3089 3094/3094 3091/3091
f 2664/2664 3085/3085 2665/2665
f 2664/2664 2684/2684 3085/3085
f 3095/3095 3085/3085 2684/2684
f 3096/3096 3086/3086 3085/3085
f 3085/3085 3095/3095 3096/3096
f 3097/3097 3096/3096 3095/3095
f 3093/3093 3096/3096 3097/3097
f 3096/3096 3093/3093 3086/3086
f 3098/3098 3093/3093 3099/3099
f 3098/3098 3089/3089 3093/3093
f 3094/3094 3089/3089 3098/3098
f 3099/3099 3093/3093 3097/3097
f 3100/3100 3098/3098 3099/3099
f 3098/3098 3100/3100 3094/3094
f 1481/1481 1480/1480 1491/1491
f 1491/1491 1480/1480 3090/3090
f 1490/1490 1491/1491 1492/1492
f 1492/1492 1491/1491 3101/3101
f 1491/1491 3090/3090 3101/3101
f 3102/3102 1492/1492 3101/3101
f 3101/3101 3103/3103 3102/3102
f 3091/3091 3101/3101 3090/3090
f 3091/3091 3103/3103 3101/3101
f 3094/3094 3104/3104 3091/3091
f 3104/3104 3103/3103 3091/3091
f 3105/3105 3104/3104 3094/3094
f 2678/2678 2684/2684 2664/2664
f 2684/2684 3106/3106 3095/3095
f 3097/3097 3095/3095 3106/3106
f 3099/3099 3097/3097 3106/3106
f 3107/3107 3099/3099 3106/3106
f 3099/3099 3107/3107 3100/3100
f 2683/2683 3106/3106 2684/2684
f 3100/3100 3105/3105 3094/3094
f 1492/1492 1778/1778 1493/1493
f 1492/1492 3108/3108 1778/1778
f 1492/1492 3102/3102 3108/3108
f 3109/3109 1778/1778 3108/3108
f 3109/3109 3108/3108 3110/3110
f 3111/3111 3102/3102 3103/3103
f 3103/3103 3104/3104 3111/3111
f 3110/3110 3108/3108 3102/3102
f 3110/3110 3102/3102 3111/3111
f 3110/3110 3112/3112 3109/3109
f 3113/3113 1779/1779 1778/1778
f 1779/1779 3113/3113 1788/1788
f 3109/3109 3113/3113 1778/1778
f 3113/3113 1808/1808 1788/1788
f 3109/3109 1808/1808 3113/3113
f 1808/1808 3109/3109 3114/3114
f 3112/3112 3114/3114 3109/3109
f 3115/3115 3114/3114 3112/3112
f 3116/3116 1806/1806 1808/1808
f 3114/3114 3116/3116 1808/1808
f 3116/3116 3114/3114 3117/3117
f 3118/3118 1815/1815 1817/1817
f 1816/1816 3120/3120 3119/3119
f 1820/1820 1815/1815 3118/3118
f 3116/3116 1818/1818 1806/1806
f 3120/3120 1816/1816 1818/1818
f 3122/3122 1820/1820 3118/3118
f 3121/3121 3119/3119 3120/3120
f 1818/1818 3123/3123 3120/3120
f 3116/3116 3124/3124 1818/1818
f 3125/3125 1818/1818 3124/3124
f 3123/3123 3121/3121 3120/3120
f 3121/3121 3123/3123 3126/3126
f 3125/3125 3123/3123 1818/1818
f 3126/3126 3123/3123 3128/3128
f 3125/3125 3128/3128 3123/3123
f 3129/3129 1819/1819 1820/1820
f 1820/1820 3130/3130 3129/3129
f 3122/3122 3130/3130 1820/1820
f 3131/3131 3122/3122 3127/3127
f 3131/3131 3127/3127 3132/3132
f 3131/3131 3132/3132 3133/3133
f 3122/3122 3131/3131 3130/3130
f 3133/3133 3134/3134 3131/3131
f 3135/3135 3128/3128 3125/3125
f 3126/3126 3128/3128 3137/3137
f 3137/3137 3128/3128 3135/3135
f 3138/3138 3132/3132 3127/3127
f 3140/3140 3142/3142 3144/3144
f 3145/3145 3146/3146 3143/3143
f 3148/3148 3139/3139 3136/3136
f 3150/3150 3135/3135 3124/3124
f 3133/3133 3132/3132 3151/3151
f 3141/3141 3139/3139 3148/3148
f 3132/3132 3152/3152 3151/3151
f 3138/3138 3152/3152 3132/3132
f 3152/3152 3138/3138 3142/3142
f 3140/3140 3152/3152 3142/3142
f 3148/3148 3143/3143 3141/3141
f 3136/3136 3145/3145 3148/3148
f 3143/3143 3148/3148 3145/3145
f 3153/3153 3114/3114 3115/3115
f 3105/3105 3154/3154 3104/3104
f 3154/3154 3111/3111 3104/3104
f 3111/3111 3154/3154 3155/3155
f 3111/3111 3155/3155 3110/3110
f 3156/3156 3110/3110 3155/3155
f 3112/3112 3110/3110 3156/3156
f 3112/3112 3156/3156 3155/3155
f 3157/3157 3112/3112 3155/3155
f 3154/3154 3157/3157 3155/3155
f 3157/3157 3115/3115 3112/3112
f 3158/3158 3159/3159 3160/3160
f 3161/3161 3158/3158 3160/3160
f 3162/3162 3153/3153 3115/3115
f 3115/3115 3163/3163 3162/3162
f 3164/3164 3153/3153 3165/3165
f 3162/3162 3165/3165 3153/3153
f 3166/3166 3168/3168 3165/3165
f 3169/3169 3166/3166 3165/3165
f 3170/3170 3143/3143 3146/3146
f 3140/3140 3144/3144 3171/3171
f 3172/3172 3173/3173 3174/3174
f 3175/3175 3176/3176 3177/3177
f 3178/3178 3175/3175 3177/3177
f 3179/3179 3180/3180 3167/3167
f 3181/3181 3182/3182 3180/3180
f 3183/3183 3182/3182 3181/3181
f 3184/3184 3175/3175 3178/3178
f 3178/3178 3185/3185 3184/3184
f 3186/3186 3187/3187 3188/3188
f 3189/3189 3190/3190 3191/3191
f 3192/3192 2755/2755 3193/3193
f 3192/3192 3193/3193 3191/3191
f 3194/3194 3192/3192 3191/3191
f 3191/3191 3193/3193 3189/3189
f 3191/3191 3190/3190 3195/3195
f 3195/3195 3194/3194 3191/3191
f 3196/3196 3197/3197 3195/3195
f 3195/3195 3198/3198 3194/3194
f 3199/3199 3190/3190 3200/3200
f 3199/3199 3196/3196 3190/3190
f 3195/3195 3190/3190 3196/3196
f 3201/3201 3196/3196 3199/3199
f 3100/3100 3202/3202 3105/3105
f 3202/3202 3203/3203 3105/3105
f 3204/3204 3100/3100 3107/3107
f 3100/3100 3204/3204 3202/3202
f 3205/3205 3206/3206 3203/3203
f 3201/3201 3207/3207 3196/3196
f 3208/3208 3196/3196 3207/3207
f 3209/3209 3207/3207 3201/3201
f 3209/3209 3201/3201 3210/3210
f 3210/3210 3211/3211 3209/3209
f 3207/3207 3209/3209 3212/3212
f 3211/3211 3213/3213 3209/3209
f 3213/3213 3212/3212 3209/3209
f 3214/3214 3107/3107 3106/3106
f 3214/3214 3106/3106 2683/2683
f 2764/2764 2755/2755 3192/3192
f 2764/2764 3192/3192 3194/3194
f 2764/2764 3194/3194 2768/2768
f 3215/3215 3204/3204 3107/3107
f 3198/3198 2768/2768 3194/3194
f 3216/3216 2768/2768 3198/3198
f 2770/2770 2767/2767 2768/2768
f 2770/2770 2768/2768 3217/3217
f 3216/3216 3217/3217 2768/2768
f 3215/3215 3107/3107 3214/3214
f 3195/3195 3197/3197 3198/3198
f 3198/3198 3197/3197 3218/3218
f 3218/3218 3216/3216 3198/3198
f 3216/3216 3218/3218 3219/3219
f 3219/3219 3218/3218 3220/3220
f 3221/3221 3216/3216 3219/3219
f 3221/3221 3219/3219 3222/3222
f 3222/3222 3219/3219 3220/3220
f 3204/3204 3223/3223 3202/3202
f 3223/3223 3203/3203 3202/3202
f 3223/3223 3205/3205 3203/3203
f 3208/3208 3197/3197 3196/3196
f 3218/3218 3197/3197 3208/3208
f 3212/3212 3208/3208 3207/3207
f 3224/3224 3208/3208 3225/3225
f 3225/3225 3212/3212 3226/3226
f 3225/3225 3208/3208 3212/3212
f 3212/3212 3213/3213 3226/3226
f 3227/3227 3226/3226 3213/3213
f 3228/3228 3225/3225 3226/3226
f 3229/3229 3226/3226 3227/3227
f 3228/3228 3226/3226 3229/3229
f 3218/3218 3208/3208 3224/3224
f 3220/3220 3218/3218 3224/3224
f 3225/3225 3230/3230 3224/3224
f 3220/3220 3224/3224 3231/3231
f 3224/3224 3230/3230 3231/3231
f 3230/3230 3225/3225 3228/3228
f 3228/3228 3229/3229 3232/3232
f 3233/3233 3232/3232 3229/3229
f 3228/3228 3234/3234 3230/3230
f 3234/3234 3228/3228 3232/3232
f 3203/3203 3154/3154 3105/3105
f 3206/3206 3154/3154 3203/3203
f 3206/3206 3157/3157 3154/3154
f 3163/3163 3115/3115 3157/3157
f 3235/3235 3162/3162 3163/3163
f 3206/3206 3236/3236 3157/3157
f 3227/3227 3237/3237 3238/3238
f 3163/3163 3157/3157 3236/3236
f 3235/3235 3163/3163 3236/3236
f 3239/3239 3169/3169 3235/3235
f 3169/3169 3162/3162 3235/3235
f 3165/3165 3162/3162 3169/3169
f 3205/3205 3240/3240 3206/3206
f 3236/3236 3206/3206 3240/3240
f 3241/3241 3235/3235 3236/3236
f 3241/3241 3239/3239 3235/3235
f 3236/3236 3240/3240 3242/3242
f 3241/3241 3236/3236 3242/3242
f 3243/3243 3244/3244 3245/3245
f 3246/3246 3244/3244 3243/3243
f 3247/3247 3248/3248 3249/3249
f 3249/3249 3248/3248 3250/3250
f 3251/3251 3252/3252 3253/3253
f 3254/3254 3258/3258 3252/3252
f 3251/3251 3254/3254 3252/3252
f 3260/3260 3254/3254 3251/3251
f 3249/3249 3250/3250 3246/3246
f 3249/3249 3246/3246 3243/3243
f 3243/3243 3245/3245 3261/3261
f 3262/3262 3249/3249 3243/3243
f 3263/3263 3264/3264 3188/3188
f 3245/3245 3264/3264 3263/3263
f 3263/3263 3265/3265 3245/3245
f 3266/3266 3187/3187 3267/3267
f 3263/3263 3188/3188 3187/3187
f 3265/3265 3263/3263 3187/3187
f 3245/3245 3265/3265 3261/3261
f 3262/3262 3243/3243 3261/3261
f 3268/3268 3261/3261 3265/3265
f 3265/3265 3187/3187 3269/3269
f 3269/3269 3187/3187 3266/3266
f 3270/3270 3265/3265 3269/3269
f 3271/3271 3179/3179 3167/3167
f 3272/3272 3273/3273 3275/3275
f 3167/3167 3275/3275 3271/3271
f 3275/3275 3273/3273 3271/3271
f 3276/3276 3277/3277 3273/3273
f 3277/3277 3276/3276 3278/3278
f 3181/3181 3180/3180 3179/3179
f 3279/3279 3181/3181 3179/3179
f 3279/3279 3271/3271 3280/3280
f 3280/3280 3271/3271 3273/3273
f 3271/3271 3279/3279 3179/3179
f 3277/3277 3280/3280 3273/3273
f 3278/3278 3281/3281 3277/3277
f 3277/3277 3282/3282 3280/3280
f 3277/3277 3281/3281 3282/3282
f 3181/3181 3283/3283 3183/3183
f 3283/3283 3181/3181 3279/3279
f 3284/3284 3283/3283 3279/3279
f 3281/3281 3285/3285 3282/3282
f 3286/3286 3285/3285 3281/3281
f 3286/3286 3281/3281 3278/3278
f 3284/3284 3279/3279 3280/3280
f 3284/3284 3280/3280 3282/3282
f 3285/3285 3284/3284 3282/3282
f 3284/3284 3285/3285 3287/3287
f 3284/3284 3287/3287 3288/3288
f 3289/3289 3285/3285 3286/3286
f 3289/3289 3287/3287 3285/3285
f 3169/3169 3290/3290 3274/3274
f 3272/3272 3275/3275 3291/3291
f 3292/3292 3272/3272 3291/3291
f 3253/3253 3290/3290 3169/3169
f 3257/3257 3292/3292 3291/3291
f 3252/3252 3290/3290 3253/3253
f 3252/3252 3258/3258 3290/3290
f 3293/3293 3273/3273 3272/3272
f 3294/3294 3293/3293 3272/3272
f 3293/3293 3276/3276 3273/3273
f 3295/3295 3272/3272 3292/3292
f 3295/3295 3294/3294 3272/3272
f 3292/3292 3257/3257 3295/3295
f 3296/3296 3297/3297 3294/3294
f 3294/3294 3295/3295 3296/3296
f 3295/3295 3257/3257 3298/3298
f 3295/3295 3298/3298 3296/3296
f 3297/3297 3276/3276 3293/3293
f 3278/3278 3276/3276 3297/3297
f 3299/3299 3278/3278 3297/3297
f 3300/3300 3297/3297 3296/3296
f 3301/3301 3257/3257 3256/3256
f 3257/3257 3301/3301 3298/3298
f 3298/3298 3301/3301 3303/3303
f 3300/3300 3296/3296 3298/3298
f 3303/3303 3300/3300 3298/3298
f 3299/3299 3300/3300 3305/3305
f 3297/3297 3300/3300 3299/3299
f 3303/3303 3305/3305 3300/3300
f 3307/3307 3299/3299 3305/3305
f 3309/3309 3299/3299 3310/3310
f 3310/3310 3299/3299 3307/3307
f 3299/3299 3286/3286 3278/3278
f 3309/3309 3286/3286 3299/3299
f 3309/3309 3289/3289 3286/3286
f 3311/3311 3289/3289 3309/3309
f 3309/3309 3312/3312 3311/3311
f 3310/3310 3312/3312 3309/3309
f 3267/3267 3187/3187 3186/3186
f 3288/3288 3283/3283 3284/3284
f 3288/3288 3287/3287 3313/3313
f 3314/3314 3313/3313 3287/3287
f 3315/3315 3316/3316 3317/3317
f 3317/3317 3316/3316 3318/3318
f 3317/3317 3319/3319 3320/3320
f 3321/3321 3318/3318 3316/3316
f 3322/3322 3318/3318 3321/3321
f 3323/3323 3317/3317 3318/3318
f 3324/3324 3323/3323 3318/3318
f 3323/3323 3319/3319 3317/3317
f 3325/3325 3319/3319 3323/3323
f 3326/3326 3319/3319 3325/3325
f 3325/3325 3323/3323 3327/3327
f 3328/3328 3329/3329 3324/3324
f 3328/3328 3324/3324 3322/3322
f 3324/3324 3318/3318 3322/3322
f 3311/3311 3312/3312 3330/3330
f 3327/3327 3323/3323 3324/3324
f 3331/3331 3325/3325 3332/3332
f 3327/3327 3332/3332 3325/3325
f 3324/3324 3333/3333 3334/3334
f 3334/3334 3327/3327 3324/3324
f 3334/3334 3332/3332 3327/3327
f 3336/3336 3334/3334 3333/3333
f 3229/3229 3227/3227 3238/3238
f 3229/3229 3238/3238 3248/3248
f 3247/3247 3249/3249 3337/3337
f 3248/3248 3338/3338 3233/3233
f 3338/3338 3248/3248 3247/3247
f 3338/3338 3247/3247 3337/3337
f 3253/3253 3339/3339 3251/3251
f 3339/3339 3340/3340 3251/3251
f 3341/3341 3251/3251 3340/3340
f 3343/3343 3341/3341 3340/3340
f 3341/3341 3260/3260 3251/3251
f 3259/3259 3342/3342 3344/3344
f 3239/3239 3345/3345 3339/3339
f 3345/3345 3239/3239 3346/3346
f 3345/3345 3343/3343 3340/3340
f 3339/3339 3345/3345 3340/3340
f 3347/3347 3341/3341 3343/3343
f 3345/3345 3349/3349 3343/3343
f 3350/3350 3347/3347 3343/3343
f 3343/3343 3349/3349 3350/3350
f 3353/3353 3350/3350 3354/3354
f 3354/3354 3350/3350 3349/3349
f 3355/3355 3348/3348 3351/3351
f 3356/3356 3348/3348 3355/3355
f 3352/3352 3355/3355 3351/3351
f 3357/3357 3355/3355 3352/3352
f 3249/3249 3262/3262 3337/3337
f 3229/3229 3248/3248 3233/3233
f 3358/3358 3232/3232 3233/3233
f 3239/3239 3241/3241 3359/3359
f 3360/3360 3338/3338 3337/3337
f 3361/3361 3338/3338 3360/3360
f 3338/3338 3361/3361 3233/3233
f 3358/3358 3233/3233 3361/3361
f 3239/3239 3362/3362 3346/3346
f 3349/3349 3345/3345 3346/3346
f 3363/3363 3349/3349 3346/3346
f 3363/3363 3346/3346 3362/3362
f 3362/3362 3364/3364 3363/3363
f 3363/3363 3354/3354 3349/3349
f 3365/3365 3354/3354 3363/3363
f 3353/3353 3354/3354 3366/3366
f 3357/3357 3352/3352 3367/3367
f 3367/3367 3368/3368 3357/3357
f 3370/3370 3368/3368 3367/3367
f 3359/3359 3362/3362 3239/3239
f 3364/3364 3365/3365 3363/3363
f 3371/3371 3366/3366 3354/3354
f 3365/3365 3371/3371 3354/3354
f 3366/3366 3371/3371 3369/3369
f 3372/3372 3371/3371 3365/3365
f 3371/3371 3373/3373 3369/3369
f 3372/3372 3373/3373 3371/3371
f 3364/3364 3372/3372 3365/3365
f 3368/3368 3370/3370 3375/3375
f 3376/3376 3368/3368 3375/3375
f 3375/3375 3370/3370 3374/3374
f 3377/3377 3375/3375 3378/3378
f 3378/3378 3375/3375 3374/3374
f 3372/3372 3379/3379 3373/3373
f 3374/3374 3380/3380 3378/3378
f 3381/3381 3379/3379 3372/3372
f 3362/3362 3382/3382 3364/3364
f 3364/3364 3381/3381 3372/3372
f 3382/3382 3381/3381 3364/3364
f 3337/3337 3262/3262 3383/3383
f 3262/3262 3261/3261 3383/3383
f 3261/3261 3268/3268 3383/3383
f 3384/3384 3337/3337 3383/3383
f 3384/3384 3383/3383 3385/3385
f 3270/3270 3268/3268 3265/3265
f 3268/3268 3385/3385 3383/3383
f 3386/3386 3385/3385 3268/3268
f 3386/3386 3268/3268 3270/3270
f 3384/3384 3360/3360 3337/3337
f 3387/3387 3360/3360 3388/3388
f 3384/3384 3388/3388 3360/3360
f 3384/3384 3385/3385 3388/3388
f 3379/3379 3389/3389 3373/3373
f 3379/3379 3391/3391 3389/3389
f 3391/3391 3379/3379 3381/3381
f 3392/3392 3385/3385 3386/3386
f 3388/3388 3385/3385 3392/3392
f 3386/3386 3393/3393 3392/3392
f 3255/3255 3259/3259 3302/3302
f 3302/3302 3259/3259 3344/3344
f 3344/3344 3304/3304 3302/3302
f 3342/3342 3356/3356 3344/3344
f 3394/3394 3306/3306 3304/3304
f 3394/3394 3304/3304 3344/3344
f 3395/3395 3306/3306 3394/3394
f 3307/3307 3397/3397 3310/3310
f 3308/3308 3306/3306 3398/3398
f 3396/3396 3308/3308 3398/3398
f 3342/3342 3348/3348 3356/3356
f 3344/3344 3356/3356 3399/3399
f 3399/3399 3394/3394 3344/3344
f 3399/3399 3400/3400 3394/3394
f 3401/3401 3306/3306 3395/3395
f 3401/3401 3398/3398 3306/3306
f 3398/3398 3401/3401 3402/3402
f 3403/3403 3395/3395 3394/3394
f 3403/3403 3401/3401 3395/3395
f 3401/3401 3403/3403 3404/3404
f 3405/3405 3404/3404 3403/3403
f 3404/3404 3402/3402 3401/3401
f 3406/3406 3398/3398 3402/3402
f 3407/3407 3408/3408 3402/3402
f 3398/3398 3406/3406 3396/3396
f 3402/3402 3408/3408 3406/3406
f 3409/3409 3406/3406 3408/3408
f 3407/3407 3410/3410 3408/3408
f 3410/3410 3409/3409 3408/3408
f 3411/3411 3409/3409 3412/3412
f 3413/3413 3412/3412 3409/3409
f 3410/3410 3413/3413 3409/3409
f 3414/3414 3412/3412 3413/3413
f 3399/3399 3356/3356 3355/3355
f 3415/3415 3355/3355 3357/3357
f 3415/3415 3399/3399 3355/3355
f 3415/3415 3357/3357 3416/3416
f 3368/3368 3416/3416 3357/3357
f 3403/3403 3394/3394 3400/3400
f 3403/3403 3400/3400 3405/3405
f 3404/3404 3405/3405 3417/3417
f 3418/3418 3400/3400 3399/3399
f 3405/3405 3419/3419 3417/3417
f 3418/3418 3405/3405 3400/3400
f 3418/3418 3419/3419 3405/3405
f 3376/3376 3416/3416 3368/3368
f 3416/3416 3420/3420 3415/3415
f 3376/3376 3421/3421 3416/3416
f 3420/3420 3418/3418 3399/3399
f 3399/3399 3415/3415 3420/3420
f 3422/3422 3420/3420 3416/3416
f 3423/3423 3420/3420 3422/3422
f 3424/3424 3377/3377 3378/3378
f 3424/3424 3378/3378 3380/3380
f 3380/3380 3425/3425 3424/3424
f 3375/3375 3377/3377 3376/3376
f 3426/3426 3377/3377 3424/3424
f 3376/3376 3377/3377 3426/3426
f 3376/3376 3427/3427 3421/3421
f 3427/3427 3376/3376 3426/3426
f 3426/3426 3424/3424 3428/3428
f 3426/3426 3429/3429 3427/3427
f 3426/3426 3430/3430 3429/3429
f 3426/3426 3428/3428 3430/3430
f 3404/3404 3407/3407 3402/3402
f 3417/3417 3407/3407 3404/3404
f 3419/3419 3431/3431 3417/3417
f 3432/3432 3431/3431 3419/3419
f 3431/3431 3433/3433 3407/3407
f 3419/3419 3434/3434 3432/3432
f 3423/3423 3418/3418 3420/3420
f 3419/3419 3418/3418 3435/3435
f 3419/3419 3435/3435 3434/3434
f 3434/3434 3436/3436 3437/3437
f 3433/3433 3410/3410 3407/3407
f 3438/3438 3410/3410 3433/3433
f 3433/3433 3439/3439 3438/3438
f 3438/3438 3413/3413 3410/3410
f 3438/3438 3440/3440 3413/3413
f 3441/3441 3413/3413 3440/3440
f 3442/3442 3443/3443 3444/3444
f 3445/3445 3444/3444 3443/3443
f 3447/3447 3442/3442 3444/3444
f 3443/3443 3442/3442 3448/3448
f 3449/3449 3448/3448 3442/3442
f 3450/3450 3446/3446 3451/3451
f 3452/3452 3445/3445 3443/3443
f 3453/3453 3450/3450 3451/3451
f 3450/3450 3453/3453 3454/3454
f 3452/3452 3443/3443 3455/3455
f 3453/3453 3456/3456 3457/3457
f 3456/3456 3453/3453 3451/3451
f 3455/3455 3458/3458 3460/3460
f 3456/3456 3461/3461 3463/3463
f 3463/3463 3457/3457 3456/3456
f 3455/3455 3448/3448 3458/3458
f 3455/3455 3443/3443 3448/3448
f 3464/3464 3457/3457 3463/3463
f 3454/3454 3453/3453 3464/3464
f 3464/3464 3453/3453 3457/3457
f 3465/3465 3467/3467 3469/3469
f 3411/3411 3465/3465 3469/3469
f 3466/3466 3471/3471 3472/3472
f 3414/3414 3411/3411 3412/3412
f 3411/3411 3414/3414 3473/3473
f 3413/3413 3441/3441 3414/3414
f 3473/3473 3414/3414 3441/3441
f 3474/3474 3470/3470 3465/3465
f 3473/3473 3465/3465 3411/3411
f 3473/3473 3474/3474 3465/3465
f 3475/3475 3474/3474 3473/3473
f 3476/3476 3470/3470 3474/3474
f 3474/3474 3475/3475 3476/3476
f 3476/3476 3477/3477 3470/3470
f 3333/3333 3479/3479 3336/3336
f 3333/3333 3480/3480 3479/3479
f 3336/3336 3332/3332 3334/3334
f 3336/3336 3481/3481 3332/3332
f 3483/3483 3335/3335 3478/3478
f 3482/3482 3335/3335 3483/3483
f 3484/3484 3482/3482 3483/3483
f 3485/3485 3464/3464 3486/3486
f 3374/3374 3390/3390 3380/3380
f 3390/3390 3425/3425 3380/3380
f 3424/3424 3425/3425 3428/3428
f 3391/3391 3487/3487 3389/3389
f 3425/3425 3390/3390 3488/3488
f 3450/3450 3428/3428 3425/3425
f 3487/3487 3391/3391 3489/3489
f 3490/3490 3425/3425 3488/3488
f 3490/3490 3450/3450 3425/3425
f 3491/3491 3489/3489 3391/3391
f 3381/3381 3491/3491 3391/3391
f 3428/3428 3450/3450 3492/3492
f 3493/3493 3428/3428 3492/3492
f 3428/3428 3493/3493 3430/3430
f 3487/3487 3489/3489 3444/3444
f 3491/3491 3444/3444 3489/3489
f 3444/3444 3445/3445 3487/3487
f 3446/3446 3490/3490 3488/3488
f 3444/3444 3491/3491 3447/3447
f 3447/3447 3449/3449 3442/3442
f 3449/3449 3447/3447 3494/3494
f 3450/3450 3490/3490 3446/3446
f 3492/3492 3450/3450 3454/3454
f 3492/3492 3454/3454 3485/3485
f 3485/3485 3454/3454 3464/3464
f 3491/3491 3494/3494 3447/3447
f 3441/3441 3495/3495 3473/3473
f 3495/3495 3475/3475 3473/3473
f 3496/3496 3475/3475 3495/3495
f 3497/3497 3493/3493 3492/3492
f 3486/3486 3498/3498 3485/3485
f 3499/3499 3498/3498 3486/3486
f 3497/3497 3492/3492 3485/3485
f 3497/3497 3485/3485 3498/3498
f 3497/3497 3498/3498 3500/3500
f 3500/3500 3498/3498 3499/3499
f 3500/3500 3499/3499 3501/3501
f 3502/3502 3500/3500 3501/3501
f 3129/3129 1822/1822 1819/1819
f 3503/3503 1803/1803 1858/1858
f 3504/3504 1821/1821 1822/1822
f 1821/1821 3505/3505 1859/1859
f 1858/1858 1859/1859 3505/3505
f 3130/3130 3506/3506 3129/3129
f 3130/3130 3134/3134 3506/3506
f 3507/3507 3506/3506 3134/3134
f 3131/3131 3134/3134 3130/3130
f 3508/3508 3134/3134 3133/3133
f 3507/3507 3134/3134 3508/3508
f 3506/3506 1822/1822 3129/3129
f 3504/3504 3505/3505 1821/1821
f 3509/3509 3133/3133 3151/3151
f 3509/3509 3151/3151 3510/3510
f 3505/3505 3503/3503 1858/1858
f 1803/1803 3503/3503 3511/3511
f 1803/1803 3511/3511 1860/1860
f 1860/1860 3511/3511 1862/1862
f 3503/3503 3512/3512 3511/3511
f 3505/3505 3513/3513 3503/3503
f 3514/3514 3505/3505 3504/3504
f 3514/3514 3513/3513 3505/3505
f 3513/3513 3512/3512 3503/3503
f 3511/3511 3512/3512 3515/3515
f 1864/1864 1862/1862 3511/3511
f 3509/3509 3508/3508 3133/3133
f 3516/3516 3507/3507 3517/3517
f 3518/3518 3506/3506 3507/3507
f 3516/3516 3518/3518 3507/3507
f 3517/3517 3507/3507 3508/3508
f 3519/3519 3517/3517 3508/3508
f 3509/3509 3519/3519 3508/3508
f 3519/3519 3509/3509 3520/3520
f 3521/3521 3520/3520 3509/3509
f 3521/3521 3522/3522 3523/3523
f 3504/3504 1822/1822 3524/3524
f 3524/3524 3514/3514 3504/3504
f 3518/3518 1822/1822 3506/3506
f 3514/3514 3525/3525 3513/3513
f 3525/3525 3512/3512 3513/3513
f 3525/3525 3526/3526 3512/3512
f 3514/3514 3527/3527 3525/3525
f 3514/3514 3524/3524 3527/3527
f 3528/3528 3519/3519 3520/3520
f 3528/3528 3517/3517 3519/3519
f 3520/3520 3529/3529 3528/3528
f 3516/3516 3517/3517 3528/3528
f 3530/3530 1822/1822 3518/3518
f 3530/3530 3524/3524 1822/1822
f 3530/3530 3531/3531 3524/3524
f 3524/3524 3531/3531 3527/3527
f 3532/3532 3521/3521 3523/3523
f 3529/3529 3520/3520 3521/3521
f 3521/3521 3532/3532 3529/3529
f 3515/3515 3533/3533 3511/3511
f 1863/1863 1864/1864 1945/1945
f 3533/3533 1864/1864 3511/3511
f 3533/3533 3534/3534 1864/1864
f 1945/1945 1864/1864 3534/3534
f 3534/3534 3535/3535 1945/1945
f 3515/3515 3512/3512 3526/3526
f 3515/3515 3536/3536 3533/3533
f 3537/3537 3526/3526 3525/3525
f 3527/3527 3538/3538 3525/3525
f 3537/3537 3525/3525 3538/3538
f 3539/3539 3526/3526 3537/3537
f 3540/3540 3539/3539 3537/3537
f 3515/3515 3526/3526 3536/3536
f 3526/3526 3539/3539 3536/3536
f 3541/3541 3534/3534 3533/3533
f 3536/3536 3541/3541 3533/3533
f 3534/3534 3541/3541 3542/3542
f 3542/3542 3535/3535 3534/3534
f 3543/3543 3541/3541 3536/3536
f 3541/3541 3544/3544 3542/3542
f 3516/3516 3545/3545 3518/3518
f 3545/3545 3516/3516 3528/3528
f 3528/3528 3529/3529 3546/3546
f 3545/3545 3530/3530 3518/3518
f 3545/3545 3547/3547 3530/3530
f 3547/3547 3548/3548 3530/3530
f 3548/3548 3531/3531 3530/3530
f 3549/3549 3547/3547 3545/3545
f 3545/3545 3528/3528 3550/3550
f 3550/3550 3549/3549 3545/3545
f 3528/3528 3546/3546 3550/3550
f 3551/3551 3550/3550 3546/3546
f 3532/3532 3523/3523 3552/3552
f 3553/3553 3546/3546 3532/3532
f 3532/3532 3552/3552 3553/3553
f 3531/3531 3538/3538 3527/3527
f 3540/3540 3538/3538 3554/3554
f 3540/3540 3537/3537 3538/3538
f 3538/3538 3531/3531 3554/3554
f 3555/3555 3539/3539 3540/3540
f 3536/3536 3539/3539 3556/3556
f 3539/3539 3555/3555 3556/3556
f 3549/3549 3557/3557 3547/3547
f 3548/3548 3547/3547 3557/3557
f 3558/3558 3554/3554 3531/3531
f 3554/3554 3558/3558 3540/3540
f 3558/3558 3555/3555 3540/3540
f 3531/3531 3559/3559 3558/3558
f 3560/3560 3556/3556 3555/3555
f 3560/3560 3561/3561 3556/3556
f 3543/3543 3536/3536 3556/3556
f 3556/3556 3562/3562 3543/3543
f 3543/3543 3544/3544 3541/3541
f 3562/3562 3544/3544 3543/3543
f 3561/3561 3562/3562 3556/3556
f 3562/3562 3561/3561 3563/3563
f 3562/3562 3564/3564 3544/3544
f 3563/3563 3564/3564 3562/3562
f 3565/3565 3531/3531 3548/3548
f 3566/3566 3548/3548 3557/3557
f 3566/3566 3565/3565 3548/3548
f 3567/3567 3549/3549 3550/3550
f 3567/3567 3557/3557 3549/3549
f 3567/3567 3550/3550 3551/3551
f 3565/3565 3559/3559 3531/3531
f 3568/3568 3558/3558 3559/3559
f 3559/3559 3565/3565 3569/3569
f 3569/3569 3568/3568 3559/3559
f 3570/3570 3567/3567 3551/3551
f 3570/3570 3551/3551 3571/3571
f 3572/3572 3557/3557 3567/3567
f 3572/3572 3567/3567 3570/3570
f 3573/3573 3572/3572 3570/3570
f 3566/3566 3569/3569 3565/3565
f 3557/3557 3572/3572 3574/3574
f 3575/3575 3551/3551 3546/3546
f 3553/3553 3576/3576 3575/3575
f 3571/3571 3551/3551 3575/3575
f 3553/3553 3552/3552 3576/3576
f 3571/3571 3575/3575 3577/3577
f 3573/3573 3570/3570 3571/3571
f 3575/3575 3576/3576 3577/3577
f 3578/3578 3558/3558 3568/3568
f 3578/3578 3555/3555 3558/3558
f 3578/3578 3560/3560 3555/3555
f 3579/3579 3561/3561 3560/3560
f 3568/3568 3580/3580 3578/3578
f 3568/3568 3569/3569 3581/3581
f 3581/3581 3580/3580 3568/3568
f 3580/3580 3560/3560 3578/3578
f 3582/3582 3560/3560 3580/3580
f 3560/3560 3582/3582 3579/3579
f 3563/3563 3561/3561 3579/3579
f 3563/3563 3583/3583 3564/3564
f 3584/3584 3585/3585 3563/3563
f 3583/3583 3563/3563 3585/3585
f 1922/1922 3586/3586 1923/1923
f 3586/3586 1922/1922 3588/3588
f 1929/1929 3588/3588 1922/1922
f 3589/3589 1929/1929 1930/1930
f 1930/1930 1932/1932 3590/3590
f 3589/3589 1930/1930 3590/3590
f 3591/3591 3589/3589 3590/3590
f 3586/3586 3588/3588 3592/3592
f 3588/3588 1929/1929 3589/3589
f 3589/3589 3591/3591 3588/3588
f 3592/3592 3588/3588 3594/3594
f 3595/3595 3593/3593 3596/3596
f 3597/3597 3592/3592 3594/3594
f 3176/3176 1939/1939 1941/1941
f 1939/1939 3176/3176 1944/1944
f 3176/3176 3175/3175 1944/1944
f 2353/2353 1944/1944 3175/3175
f 1946/1946 3535/3535 1948/1948
f 1948/1948 3598/3598 1947/1947
f 1945/1945 3535/3535 1946/1946
f 1948/1948 3535/3535 3598/3598
f 3599/3599 1947/1947 3598/3598
f 1950/1950 1949/1949 1947/1947
f 1926/1926 3600/3600 1931/1931
f 3601/3601 1931/1931 3600/3600
f 3600/3600 1926/1926 1950/1950
f 1931/1931 3601/3601 1932/1932
f 3591/3591 3590/3590 1932/1932
f 1947/1947 3599/3599 1950/1950
f 3591/3591 1932/1932 3602/3602
f 3601/3601 3602/3602 1932/1932
f 3603/3603 3591/3591 3602/3602
f 3604/3604 3600/3600 1950/1950
f 3601/3601 3600/3600 3604/3604
f 3604/3604 3605/3605 3601/3601
f 3602/3602 3601/3601 3606/3606
f 3605/3605 3606/3606 3601/3601
f 3599/3599 3604/3604 1950/1950
f 3591/3591 3594/3594 3588/3588
f 3594/3594 3591/3591 3603/3603
f 3603/3603 3602/3602 3607/3607
f 3607/3607 3602/3602 3606/3606
f 3594/3594 3608/3608 3597/3597
f 3608/3608 3594/3594 3609/3609
f 3594/3594 3603/3603 3609/3609
f 3610/3610 3603/3603 3607/3607
f 3610/3610 3609/3609 3603/3603
f 3535/3535 3611/3611 3598/3598
f 3535/3535 3542/3542 3611/3611
f 3612/3612 3599/3599 3598/3598
f 3544/3544 3611/3611 3542/3542
f 3598/3598 3611/3611 3612/3612
f 3544/3544 3613/3613 3611/3611
f 3614/3614 3612/3612 3611/3611
f 3599/3599 3615/3615 3604/3604
f 3605/3605 3604/3604 3615/3615
f 3615/3615 3599/3599 3612/3612
f 3615/3615 3616/3616 3605/3605
f 3617/3617 3605/3605 3616/3616
f 3618/3618 3605/3605 3617/3617
f 3605/3605 3618/3618 3606/3606
f 3607/3607 3606/3606 3618/3618
f 3619/3619 3615/3615 3612/3612
f 3619/3619 3616/3616 3615/3615
f 3608/3608 3621/3621 3623/3623
f 3624/3624 3608/3608 3609/3609
f 3621/3621 3608/3608 3624/3624
f 3624/3624 3609/3609 3610/3610
f 3625/3625 3627/3627 3620/3620
f 3624/3624 3626/3626 3621/3621
f 3628/3628 3627/3627 3625/3625
f 3626/3626 3624/3624 3630/3630
f 3544/3544 3631/3631 3613/3613
f 3564/3564 3631/3631 3544/3544
f 3631/3631 3632/3632 3613/3613
f 3614/3614 3611/3611 3613/3613
f 3632/3632 3614/3614 3613/3613
f 3633/3633 3614/3614 3632/3632
f 3634/3634 3618/3618 3617/3617
f 3610/3610 3607/3607 3635/3635
f 3607/3607 3618/3618 3634/3634
f 3607/3607 3634/3634 3635/3635
f 3619/3619 3636/3636 3616/3616
f 3636/3636 3617/3617 3616/3616
f 3612/3612 3614/3614 3619/3619
f 3619/3619 3614/3614 3633/3633
f 3634/3634 3617/3617 3637/3637
f 3637/3637 3617/3617 3636/3636
f 3624/3624 3610/3610 3635/3635
f 3635/3635 3634/3634 3638/3638
f 3639/3639 3619/3619 3633/3633
f 3636/3636 3619/3619 3639/3639
f 3640/3640 3634/3634 3637/3637
f 3640/3640 3638/3638 3634/3634
f 3628/3628 3641/3641 3627/3627
f 3628/3628 3642/3642 3641/3641
f 3629/3629 3626/3626 3630/3630
f 3643/3643 3629/3629 3644/3644
f 3645/3645 3630/3630 3624/3624
f 3629/3629 3630/3630 3644/3644
f 3645/3645 3624/3624 3635/3635
f 3645/3645 3635/3635 3638/3638
f 3646/3646 3645/3645 3638/3638
f 3645/3645 3647/3647 3630/3630
f 3645/3645 3646/3646 3647/3647
f 3640/3640 3648/3648 3638/3638
f 3646/3646 3638/3638 3648/3648
f 3649/3649 3646/3646 3648/3648
f 3650/3650 3648/3648 3640/3640
f 3644/3644 3630/3630 3647/3647
f 3652/3652 3644/3644 3647/3647
f 3649/3649 3648/3648 3650/3650
f 3653/3653 3647/3647 3646/3646
f 3649/3649 3653/3653 3646/3646
f 3585/3585 3654/3654 3583/3583
f 3655/3655 3632/3632 3631/3631
f 3656/3656 3633/3633 3632/3632
f 3639/3639 3637/3637 3636/3636
f 3657/3657 3637/3637 3639/3639
f 3631/3631 3564/3564 3583/3583
f 3583/3583 3655/3655 3631/3631
f 3583/3583 3658/3658 3655/3655
f 3655/3655 3658/3658 3659/3659
f 3655/3655 3659/3659 3632/3632
f 3583/3583 3654/3654 3658/3658
f 3585/3585 3658/3658 3654/3654
f 3585/3585 3660/3660 3658/3658
f 3658/3658 3661/3661 3659/3659
f 3633/3633 3656/3656 3639/3639
f 3659/3659 3656/3656 3632/3632
f 3659/3659 3662/3662 3656/3656
f 3663/3663 3639/3639 3656/3656
f 3640/3640 3637/3637 3664/3664
f 3664/3664 3637/3637 3657/3657
f 3663/3663 3657/3657 3639/3639
f 3664/3664 3657/3657 3663/3663
f 3656/3656 3665/3665 3663/3663
f 3665/3665 3656/3656 3662/3662
f 3661/3661 3662/3662 3659/3659
f 3650/3650 3640/3640 3664/3664
f 3666/3666 3650/3650 3664/3664
f 3566/3566 3557/3557 3574/3574
f 3667/3667 3569/3569 3566/3566
f 3574/3574 3668/3668 3566/3566
f 3668/3668 3667/3667 3566/3566
f 3668/3668 3574/3574 3572/3572
f 3669/3669 3668/3668 3572/3572
f 3667/3667 3668/3668 3669/3669
f 3670/3670 3572/3572 3573/3573
f 3671/3671 3572/3572 3670/3670
f 3671/3671 3669/3669 3572/3572
f 3672/3672 3670/3670 3573/3573
f 3673/3673 3580/3580 3581/3581
f 3673/3673 3674/3674 3580/3580
f 3673/3673 3581/3581 3569/3569
f 3580/3580 3674/3674 3582/3582
f 3584/3584 3579/3579 3582/3582
f 3675/3675 3673/3673 3569/3569
f 3675/3675 3676/3676 3673/3673
f 3569/3569 3667/3667 3677/3677
f 3678/3678 3677/3677 3667/3667
f 3677/3677 3675/3675 3569/3569
f 3673/3673 3676/3676 3674/3674
f 3679/3679 3582/3582 3674/3674
f 3582/3582 3679/3679 3584/3584
f 3674/3674 3676/3676 3680/3680
f 3674/3674 3680/3680 3679/3679
f 3584/3584 3563/3563 3579/3579
f 3681/3681 3671/3671 3670/3670
f 3671/3671 3681/3681 3682/3682
f 3671/3671 3682/3682 3669/3669
f 3682/3682 3683/3683 3669/3669
f 3684/3684 3683/3683 3682/3682
f 3685/3685 3683/3683 3684/3684
f 3681/3681 3670/3670 3686/3686
f 3686/3686 3670/3670 3687/3687
f 3681/3681 3686/3686 3688/3688
f 3681/3681 3684/3684 3682/3682
f 3688/3688 3684/3684 3681/3681
f 3688/3688 3686/3686 3689/3689
f 3669/3669 3678/3678 3667/3667
f 3683/3683 3678/3678 3669/3669
f 3690/3690 3677/3677 3678/3678
f 3690/3690 3675/3675 3677/3677
f 3691/3691 3679/3679 3680/3680
f 3692/3692 3676/3676 3675/3675
f 3692/3692 3680/3680 3676/3676
f 3675/3675 3690/3690 3693/3693
f 3694/3694 3678/3678 3683/3683
f 3694/3694 3690/3690 3678/3678
f 3691/3691 3692/3692 3695/3695
f 3691/3691 3680/3680 3692/3692
f 3693/3693 3692/3692 3675/3675
f 3692/3692 3693/3693 3696/3696
f 3696/3696 3695/3695 3692/3692
f 3679/3679 3697/3697 3584/3584
f 3698/3698 3685/3685 3684/3684
f 3684/3684 3688/3688 3698/3698
f 3698/3698 3688/3688 3689/3689
f 3685/3685 3698/3698 3699/3699
f 3685/3685 3699/3699 3700/3700
f 3698/3698 3689/3689 3701/3701
f 3698/3698 3702/3702 3699/3699
f 3703/3703 3698/3698 3701/3701
f 3700/3700 3699/3699 3702/3702
f 3704/3704 3700/3700 3702/3702
f 3702/3702 3698/3698 3703/3703
f 3703/3703 3701/3701 3705/3705
f 3705/3705 3701/3701 3706/3706
f 3707/3707 3694/3694 3683/3683
f 3707/3707 3683/3683 3685/3685
f 3694/3694 3693/3693 3690/3690
f 3700/3700 3707/3707 3685/3685
f 3708/3708 3694/3694 3707/3707
f 3694/3694 3708/3708 3693/3693
f 3704/3704 3707/3707 3700/3700
f 3696/3696 3693/3693 3709/3709
f 3709/3709 3693/3693 3708/3708
f 3710/3710 3709/3709 3708/3708
f 3711/3711 3695/3695 3696/3696
f 3711/3711 3712/3712 3695/3695
f 3707/3707 3704/3704 3708/3708
f 3709/3709 3711/3711 3696/3696
f 3713/3713 3711/3711 3709/3709
f 3713/3713 3714/3714 3711/3711
f 3715/3715 3714/3714 3713/3713
f 3716/3716 3717/3717 3718/3718
f 3718/3718 3717/3717 3705/3705
f 3719/3719 3702/3702 3703/3703
f 3719/3719 3703/3703 3705/3705
f 3702/3702 3719/3719 3704/3704
f 3717/3717 3720/3720 3705/3705
f 3721/3721 3717/3717 3716/3716
f 3722/3722 3717/3717 3721/3721
f 3722/3722 3720/3720 3717/3717
f 3704/3704 3719/3719 3720/3720
f 3723/3723 3704/3704 3724/3724
f 3704/3704 3720/3720 3725/3725
f 3704/3704 3725/3725 3724/3724
f 3726/3726 3723/3723 3724/3724
f 3720/3720 3719/3719 3705/3705
f 3727/3727 3709/3709 3710/3710
f 3708/3708 3723/3723 3710/3710
f 3708/3708 3704/3704 3723/3723
f 3727/3727 3713/3713 3709/3709
f 3728/3728 3713/3713 3727/3727
f 3728/3728 3715/3715 3713/3713
f 3728/3728 3729/3729 3715/3715
f 3710/3710 3723/3723 3730/3730
f 3730/3730 3727/3727 3710/3710
f 3731/3731 3728/3728 3727/3727
f 3730/3730 3731/3731 3727/3727
f 3726/3726 3730/3730 3723/3723
f 3731/3731 3730/3730 3732/3732
f 3731/3731 3729/3729 3728/3728
f 3733/3733 3729/3729 3731/3731
f 3734/3734 3733/3733 3731/3731
f 3652/3652 3647/3647 3735/3735
f 3647/3647 3653/3653 3735/3735
f 3736/3736 3649/3649 3650/3650
f 3653/3653 3649/3649 3737/3737
f 3737/3737 3649/3649 3736/3736
f 3738/3738 3653/3653 3737/3737
f 3739/3739 3737/3737 3736/3736
f 3738/3738 3737/3737 3739/3739
f 3740/3740 3738/3738 3739/3739
f 3740/3740 3739/3739 3741/3741
f 3740/3740 3741/3741 3742/3742
f 3743/3743 3742/3742 3741/3741
f 3439/3439 3744/3744 3438/3438
f 3440/3440 3438/3438 3744/3744
f 3440/3440 3744/3744 3745/3745
f 3746/3746 3747/3747 3744/3744
f 3746/3746 3439/3439 3748/3748
f 3439/3439 3746/3746 3744/3744
f 3746/3746 3749/3749 3747/3747
f 3750/3750 3747/3747 3749/3749
f 3751/3751 3476/3476 3475/3475
f 3752/3752 3477/3477 3476/3476
f 3751/3751 3752/3752 3476/3476
f 3753/3753 3484/3484 3483/3483
f 3753/3753 3483/3483 3754/3754
f 3755/3755 3753/3753 3754/3754
f 3484/3484 3753/3753 3756/3756
f 3756/3756 3753/3753 3755/3755
f 3745/3745 3441/3441 3440/3440
f 3441/3441 3745/3745 3496/3496
f 3496/3496 3495/3495 3441/3441
f 3496/3496 3751/3751 3475/3475
f 3496/3496 3745/3745 3757/3757
f 3751/3751 3496/3496 3757/3757
f 3745/3745 3744/3744 3747/3747
f 3747/3747 3757/3757 3745/3745
f 3758/3758 3752/3752 3751/3751
f 3758/3758 3751/3751 3757/3757
f 3759/3759 3755/3755 3760/3760
f 3756/3756 3755/3755 3759/3759
f 3484/3484 3756/3756 3761/3761
f 3762/3762 3759/3759 3760/3760
f 3759/3759 3762/3762 3763/3763
f 3763/3763 3756/3756 3759/3759
f 3761/3761 3756/3756 3763/3763
f 3761/3761 3763/3763 3764/3764
f 3762/3762 3765/3765 3763/3763
f 3764/3764 3763/3763 3765/3765
f 3766/3766 3767/3767 3501/3501
f 3768/3768 3769/3769 3766/3766
f 3767/3767 3766/3766 3769/3769
f 3770/3770 3761/3761 3764/3764
f 3771/3771 3769/3769 3772/3772
f 3772/3772 3770/3770 3773/3773
f 3765/3765 3774/3774 3775/3775
f 3774/3774 3765/3765 3776/3776
f 3765/3765 3775/3775 3764/3764
f 3764/3764 3775/3775 3778/3778
f 3770/3770 3764/3764 3778/3778
f 3775/3775 3774/3774 3779/3779
f 3779/3779 3778/3778 3775/3775
f 3778/3778 3773/3773 3770/3770
f 3780/3780 3781/3781 3782/3782
f 3782/3782 3783/3783 3774/3774
f 3783/3783 3779/3779 3774/3774
f 3778/3778 3779/3779 3783/3783
f 3783/3783 3782/3782 3781/3781
f 3781/3781 3778/3778 3783/3783
f 3778/3778 3781/3781 3784/3784
f 3785/3785 3715/3715 3729/3729
f 3785/3785 3729/3729 3733/3733
f 3733/3733 3786/3786 3785/3785
f 3787/3787 3785/3785 3786/3786
f 3788/3788 3789/3789 3790/3790
f 3791/3791 3792/3792 3743/3743
f 3793/3793 3792/3792 3791/3791
f 3794/3794 3793/3793 3791/3791
f 3795/3795 3793/3793 3794/3794
f 3796/3796 3797/3797 3798/3798
f 3796/3796 3798/3798 3799/3799
f 3780/3780 3800/3800 3781/3781
f 3800/3800 3796/3796 3784/3784
f 3784/3784 3796/3796 3801/3801
f 3784/3784 3781/3781 3800/3800
f 3778/3778 3784/3784 3802/3802
f 3773/3773 3778/3778 3802/3802
f 3802/3802 3784/3784 3801/3801
f 3801/3801 3796/3796 3799/3799
f 3801/3801 3803/3803 3804/3804
f 3804/3804 3802/3802 3801/3801
f 3802/3802 3804/3804 3805/3805
f 3805/3805 3804/3804 3806/3806
f 3798/3798 3807/3807 3808/3808
f 3795/3795 3809/3809 3793/3793
f 3808/3808 3809/3809 3795/3795
f 3794/3794 3810/3810 3803/3803
f 3789/3789 3811/3811 3812/3812
f 3812/3812 3811/3811 3813/3813
f 3814/3814 3810/3810 3815/3815
f 3815/3815 3813/3813 3816/3816
f 3816/3816 3814/3814 3815/3815
f 3816/3816 3813/3813 3811/3811
f 3799/3799 3798/3798 3808/3808
f 3799/3799 3808/3808 3795/3795
f 3803/3803 3799/3799 3795/3795
f 3803/3803 3795/3795 3794/3794
f 3810/3810 3814/3814 3803/3803
f 3799/3799 3803/3803 3801/3801
f 3803/3803 3814/3814 3817/3817
f 3817/3817 3804/3804 3803/3803
f 3806/3806 3804/3804 3817/3817
f 3818/3818 3817/3817 3814/3814
f 3818/3818 3814/3814 3816/3816
f 3819/3819 3584/3584 3820/3820
f 3819/3819 3585/3585 3584/3584
f 3584/3584 3697/3697 3820/3820
f 3691/3691 3697/3697 3679/3679
f 3691/3691 3695/3695 3697/3697
f 3820/3820 3821/3821 3822/3822
f 3697/3697 3821/3821 3820/3820
f 3695/3695 3712/3712 3697/3697
f 3821/3821 3697/3697 3823/3823
f 3712/3712 3823/3823 3697/3697
f 3823/3823 3712/3712 3824/3824
f 3824/3824 3825/3825 3823/3823
f 3714/3714 3712/3712 3711/3711
f 3714/3714 3824/3824 3712/3712
f 3714/3714 3715/3715 3824/3824
f 3658/3658 3660/3660 3661/3661
f 3660/3660 3826/3826 3661/3661
f 3585/3585 3819/3819 3660/3660
f 3827/3827 3660/3660 3819/3819
f 3827/3827 3826/3826 3660/3660
f 3828/3828 3650/3650 3666/3666
f 3666/3666 3664/3664 3663/3663
f 3736/3736 3650/3650 3828/3828
f 3828/3828 3666/3666 3829/3829
f 3666/3666 3663/3663 3830/3830
f 3826/3826 3662/3662 3661/3661
f 3831/3831 3662/3662 3826/3826
f 3665/3665 3662/3662 3831/3831
f 3830/3830 3663/3663 3665/3665
f 3832/3832 3830/3830 3665/3665
f 3829/3829 3666/3666 3833/3833
f 3834/3834 3832/3832 3831/3831
f 3834/3834 3831/3831 3826/3826
f 3665/3665 3831/3831 3832/3832
f 3833/3833 3666/3666 3830/3830
f 3830/3830 3832/3832 3833/3833
f 3822/3822 3819/3819 3820/3820
f 3822/3822 3827/3827 3819/3819
f 3835/3835 3826/3826 3827/3827
f 3827/3827 3822/3822 3835/3835
f 3821/3821 3836/3836 3822/3822
f 3835/3835 3822/3822 3837/3837
f 3836/3836 3837/3837 3822/3822
f 3835/3835 3834/3834 3826/3826
f 3835/3835 3838/3838 3834/3834
f 3834/3834 3838/3838 3839/3839
f 3839/3839 3832/3832 3834/3834
f 3832/3832 3839/3839 3833/3833
f 3840/3840 3833/3833 3839/3839
f 3841/3841 3840/3840 3839/3839
f 3837/3837 3838/3838 3835/3835
f 3838/3838 3837/3837 3842/3842
f 3841/3841 3839/3839 3838/3838
f 3841/3841 3838/3838 3842/3842
f 3842/3842 3843/3843 3841/3841
f 3843/3843 3844/3844 3841/3841
f 3845/3845 3739/3739 3736/3736
f 3828/3828 3845/3845 3736/3736
f 3828/3828 3846/3846 3845/3845
f 3828/3828 3829/3829 3846/3846
f 3741/3741 3739/3739 3845/3845
f 3741/3741 3845/3845 3743/3743
f 3743/3743 3845/3845 3846/3846
f 3833/3833 3840/3840 3829/3829
f 3847/3847 3846/3846 3829/3829
f 3847/3847 3829/3829 3840/3840
f 3841/3841 3844/3844 3840/3840
f 3844/3844 3847/3847 3840/3840
f 3825/3825 3821/3821 3823/3823
f 3825/3825 3836/3836 3821/3821
f 3837/3837 3836/3836 3848/3848
f 3825/3825 3824/3824 3849/3849
f 3836/3836 3825/3825 3848/3848
f 3850/3850 3848/3848 3825/3825
f 3848/3848 3842/3842 3837/3837
f 3843/3843 3842/3842 3851/3851
f 3852/3852 3851/3851 3842/3842
f 3851/3851 3853/3853 3843/3843
f 3854/3854 3852/3852 3848/3848
f 3855/3855 3852/3852 3854/3854
f 3851/3851 3855/3855 3856/3856
f 3842/3842 3848/3848 3852/3852
f 3855/3855 3851/3851 3852/3852
f 3849/3849 3824/3824 3715/3715
f 3850/3850 3825/3825 3849/3849
f 3785/3785 3849/3849 3715/3715
f 3785/3785 3850/3850 3849/3849
f 3850/3850 3854/3854 3848/3848
f 3785/3785 3857/3857 3850/3850
f 3785/3785 3787/3787 3857/3857
f 3787/3787 3858/3858 3857/3857
f 3854/3854 3857/3857 3858/3858
f 3854/3854 3858/3858 3790/3790
f 3850/3850 3857/3857 3854/3854
f 3855/3855 3854/3854 3790/3790
f 3859/3859 3856/3856 3855/3855
f 3790/3790 3859/3859 3855/3855
f 3787/3787 3788/3788 3858/3858
f 3790/3790 3812/3812 3859/3859
f 3790/3790 3789/3789 3812/3812
f 3788/3788 3790/3790 3858/3858
f 3791/3791 3743/3743 3846/3846
f 3846/3846 3847/3847 3791/3791
f 3860/3860 3847/3847 3844/3844
f 3794/3794 3847/3847 3860/3860
f 3861/3861 3860/3860 3844/3844
f 3861/3861 3844/3844 3853/3853
f 3847/3847 3794/3794 3791/3791
f 3844/3844 3843/3843 3853/3853
f 3856/3856 3853/3853 3851/3851
f 3856/3856 3861/3861 3853/3853
f 3810/3810 3794/3794 3860/3860
f 3861/3861 3810/3810 3860/3860
f 3862/3862 3861/3861 3856/3856
f 3862/3862 3856/3856 3859/3859
f 3862/3862 3859/3859 3812/3812
f 3815/3815 3810/3810 3861/3861
f 3815/3815 3861/3861 3862/3862
f 3813/3813 3815/3815 3862/3862
f 3813/3813 3862/3862 3812/3812
f 2683/2683 2809/2809 3214/3214
f 2770/2770 3217/3217 2810/2810
f 3863/3863 3204/3204 3215/3215
f 3864/3864 3214/3214 2809/2809
f 3864/3864 2809/2809 2820/2820
f 2821/2821 3864/3864 2820/2820
f 2822/2822 3865/3865 2823/2823
f 2823/2823 3865/3865 2824/2824
f 3866/3866 3864/3864 2821/2821
f 3866/3866 3867/3867 3864/3864
f 2821/2821 2819/2819 3868/3868
f 3868/3868 2819/2819 2824/2824
f 2821/2821 3868/3868 3866/3866
f 3868/3868 3869/3869 3866/3866
f 3215/3215 3214/3214 3864/3864
f 3867/3867 3215/3215 3864/3864
f 3867/3867 3863/3863 3215/3215
f 3870/3870 3217/3217 3216/3216
f 3216/3216 3221/3221 3870/3870
f 2810/2810 3217/3217 3870/3870
f 3871/3871 3870/3870 3221/3221
f 3872/3872 3870/3870 3871/3871
f 3221/3221 3222/3222 3871/3871
f 3871/3871 3222/3222 3873/3873
f 2810/2810 3870/3870 3872/3872
f 2822/2822 2810/2810 3872/3872
f 3872/3872 3874/3874 2822/2822
f 3865/3865 2822/2822 3874/3874
f 3871/3871 3875/3875 3872/3872
f 3874/3874 3872/3872 3875/3875
f 3868/3868 2824/2824 3876/3876
f 3874/3874 3876/3876 3865/3865
f 2824/2824 3865/3865 3876/3876
f 3869/3869 3868/3868 3876/3876
f 3877/3877 3874/3874 3875/3875
f 3878/3878 3875/3875 3871/3871
f 3867/3867 3866/3866 3863/3863
f 3878/3878 3871/3871 3873/3873
f 3879/3879 3875/3875 3878/3878
f 3879/3879 3878/3878 3880/3880
f 3877/3877 3876/3876 3874/3874
f 3877/3877 3869/3869 3876/3876
f 3881/3881 3869/3869 3877/3877
f 3869/3869 3882/3882 3866/3866
f 3882/3882 3869/3869 3881/3881
f 3877/3877 3875/3875 3879/3879
f 3863/3863 3866/3866 3883/3883
f 3881/3881 3877/3877 3879/3879
f 3878/3878 3873/3873 3884/3884
f 3880/3880 3878/3878 3884/3884
f 3204/3204 3885/3885 3223/3223
f 3204/3204 3863/3863 3885/3885
f 3886/3886 3205/3205 3223/3223
f 3885/3885 3886/3886 3223/3223
f 3231/3231 3222/3222 3220/3220
f 3887/3887 3222/3222 3231/3231
f 3231/3231 3230/3230 3887/3887
f 3888/3888 3230/3230 3234/3234
f 3887/3887 3873/3873 3222/3222
f 3887/3887 3230/3230 3888/3888
f 3242/3242 3240/3240 3205/3205
f 3886/3886 3242/3242 3205/3205
f 3863/3863 3883/3883 3885/3885
f 3889/3889 3885/3885 3883/3883
f 3889/3889 3886/3886 3885/3885
f 3883/3883 3866/3866 3882/3882
f 3882/3882 3889/3889 3883/3883
f 3884/3884 3873/3873 3887/3887
f 3884/3884 3890/3890 3880/3880
f 3879/3879 3880/3880 3890/3890
f 3884/3884 3887/3887 3888/3888
f 3884/3884 3888/3888 3891/3891
f 3890/3890 3884/3884 3891/3891
f 3892/3892 3879/3879 3890/3890
f 3881/3881 3879/3879 3892/3892
f 3889/3889 3882/3882 3893/3893
f 3882/3882 3881/3881 3893/3893
f 3881/3881 3892/3892 3893/3893
f 3894/3894 3892/3892 3890/3890
f 3889/3889 3895/3895 3886/3886
f 3895/3895 3242/3242 3886/3886
f 3895/3895 3896/3896 3242/3242
f 3896/3896 3897/3897 3242/3242
f 3898/3898 3896/3896 3895/3895
f 3889/3889 3893/3893 3899/3899
f 3892/3892 3900/3900 3893/3893
f 3900/3900 3899/3899 3893/3893
f 3889/3889 3899/3899 3895/3895
f 3900/3900 3892/3892 3894/3894
f 3899/3899 3898/3898 3895/3895
f 3900/3900 3898/3898 3899/3899
f 3232/3232 3901/3901 3234/3234
f 3232/3232 3358/3358 3901/3901
f 3901/3901 3902/3902 3234/3234
f 3888/3888 3234/3234 3902/3902
f 3902/3902 3901/3901 3903/3903
f 3903/3903 3901/3901 3358/3358
f 3902/3902 3891/3891 3888/3888
f 3894/3894 3890/3890 3891/3891
f 3894/3894 3891/3891 3904/3904
f 3891/3891 3902/3902 3904/3904
f 3905/3905 3897/3897 3896/3896
f 3906/3906 3896/3896 3898/3898
f 3894/3894 3904/3904 3907/3907
f 3894/3894 3908/3908 3909/3909
f 3894/3894 3907/3907 3908/3908
f 3898/3898 3900/3900 3909/3909
f 3909/3909 3900/3900 3894/3894
f 3902/3902 3903/3903 3904/3904
f 3910/3910 3904/3904 3903/3903
f 3907/3907 3904/3904 3910/3910
f 3897/3897 3241/3241 3242/3242
f 3905/3905 3241/3241 3897/3897
f 3905/3905 3359/3359 3241/3241
f 3911/3911 3359/3359 3905/3905
f 3361/3361 3903/3903 3358/3358
f 3912/3912 3903/3903 3361/3361
f 3912/3912 3361/3361 3387/3387
f 3903/3903 3912/3912 3910/3910
f 3910/3910 3912/3912 3913/3913
f 3911/3911 3362/3362 3359/3359
f 3911/3911 3382/3382 3362/3362
f 3914/3914 3381/3381 3382/3382
f 3911/3911 3915/3915 3382/3382
f 3905/3905 3896/3896 3906/3906
f 3906/3906 3898/3898 3916/3916
f 3916/3916 3898/3898 3909/3909
f 3906/3906 3911/3911 3905/3905
f 3907/3907 3910/3910 3913/3913
f 3908/3908 3907/3907 3913/3913
f 3908/3908 3913/3913 3917/3917
f 3917/3917 3909/3909 3908/3908
f 3911/3911 3906/3906 3918/3918
f 3916/3916 3918/3918 3906/3906
f 3919/3919 3916/3916 3909/3909
f 3916/3916 3919/3919 3918/3918
f 3915/3915 3911/3911 3918/3918
f 3920/3920 3915/3915 3918/3918
f 3918/3918 3919/3919 3920/3920
f 3921/3921 3909/3909 3917/3917
f 3921/3921 3919/3919 3909/3909
f 3920/3920 3919/3919 3921/3921
f 3361/3361 3360/3360 3387/3387
f 3912/3912 3387/3387 3922/3922
f 3923/3923 3912/3912 3922/3922
f 3922/3922 3387/3387 3388/3388
f 3381/3381 3914/3914 3491/3491
f 3382/3382 3915/3915 3914/3914
f 3924/3924 3915/3915 3920/3920
f 3922/3922 3388/3388 3925/3925
f 3926/3926 3923/3923 3927/3927
f 3924/3924 3914/3914 3915/3915
f 3925/3925 3388/3388 3392/3392
f 3928/3928 3929/3929 3393/3393
f 3925/3925 3392/3392 3393/3393
f 3925/3925 3393/3393 3930/3930
f 3930/3930 3393/3393 3929/3929
f 3931/3931 3932/3932 3933/3933
f 3927/3927 3922/3922 3925/3925
f 3923/3923 3922/3922 3927/3927
f 3934/3934 3935/3935 3936/3936
f 3937/3937 3935/3935 3934/3934
f 3927/3927 3925/3925 3930/3930
f 3927/3927 3930/3930 3926/3926
f 3930/3930 3929/3929 3938/3938
f 3930/3930 3938/3938 3926/3926
f 3926/3926 3937/3937 3934/3934
f 3931/3931 3491/3491 3914/3914
f 3924/3924 3931/3931 3914/3914
f 3924/3924 3936/3936 3935/3935
f 3924/3924 3935/3935 3931/3931
f 3939/3939 3926/3926 3938/3938
f 3931/3931 3935/3935 3932/3932
f 3937/3937 3926/3926 3939/3939
f 3935/3935 3937/3937 3932/3932
f 3923/3923 3913/3913 3912/3912
f 3940/3940 3917/3917 3913/3913
f 3921/3921 3940/3940 3941/3941
f 3940/3940 3921/3921 3917/3917
f 3913/3913 3923/3923 3940/3940
f 3921/3921 3936/3936 3920/3920
f 3936/3936 3921/3921 3941/3941
f 3940/3940 3923/3923 3926/3926
f 3926/3926 3941/3941 3940/3940
f 3936/3936 3924/3924 3920/3920
f 3941/3941 3926/3926 3934/3934
f 3936/3936 3941/3941 3934/3934
f 3423/3423 3422/3422 3942/3942
f 3943/3943 3416/3416 3421/3421
f 3422/3422 3416/3416 3943/3943
f 3942/3942 3422/3422 3943/3943
f 3943/3943 3421/3421 3944/3944
f 3943/3943 3944/3944 3945/3945
f 3944/3944 3421/3421 3427/3427
f 3944/3944 3427/3427 3429/3429
f 3429/3429 3946/3946 3944/3944
f 3423/3423 3435/3435 3418/3418
f 3942/3942 3947/3947 3423/3423
f 3943/3943 3947/3947 3942/3942
f 3948/3948 3943/3943 3945/3945
f 3949/3949 3436/3436 3950/3950
f 3951/3951 3949/3949 3950/3950
f 3435/3435 3436/3436 3434/3434
f 3950/3950 3435/3435 3423/3423
f 3435/3435 3950/3950 3436/3436
f 3951/3951 3950/3950 3423/3423
f 3947/3947 3951/3951 3423/3423
f 3943/3943 3948/3948 3947/3947
f 3947/3947 3952/3952 3951/3951
f 3953/3953 3952/3952 3947/3947
f 3954/3954 3948/3948 3945/3945
f 3948/3948 3955/3955 3947/3947
f 3953/3953 3947/3947 3955/3955
f 3955/3955 3948/3948 3954/3954
f 3956/3956 3946/3946 3429/3429
f 3945/3945 3944/3944 3957/3957
f 3957/3957 3944/3944 3946/3946
f 3956/3956 3958/3958 3946/3946
f 3945/3945 3957/3957 3954/3954
f 3957/3957 3959/3959 3954/3954
f 3960/3960 3954/3954 3959/3959
f 3957/3957 3961/3961 3959/3959
f 3961/3961 3946/3946 3958/3958
f 3946/3946 3961/3961 3957/3957
f 3962/3962 3961/3961 3958/3958
f 3430/3430 3956/3956 3429/3429
f 3931/3931 3494/3494 3491/3491
f 3494/3494 3931/3931 3933/3933
f 3430/3430 3958/3958 3956/3956
f 3963/3963 3958/3958 3430/3430
f 3430/3430 3493/3493 3497/3497
f 3430/3430 3497/3497 3964/3964
f 3964/3964 3963/3963 3430/3430
f 3962/3962 3958/3958 3963/3963
f 3964/3964 3497/3497 3965/3965
f 3497/3497 3500/3500 3965/3965
f 3966/3966 3964/3964 3965/3965
f 3963/3963 3964/3964 3966/3966
f 3502/3502 3965/3965 3500/3500
f 3722/3722 3721/3721 3967/3967
f 3968/3968 3722/3722 3967/3967
f 3967/3967 3969/3969 3968/3968
f 3970/3970 3968/3968 3969/3969
f 3971/3971 3968/3968 3970/3970
f 3972/3972 3968/3968 3971/3971
f 3970/3970 3973/3973 3971/3971
f 3974/3974 3971/3971 3973/3973
f 3975/3975 3976/3976 3971/3971
f 3975/3975 3971/3971 3974/3974
f 3975/3975 3974/3974 3977/3977
f 3720/3720 3722/3722 3972/3972
f 3972/3972 3725/3725 3720/3720
f 3724/3724 3725/3725 3972/3972
f 3968/3968 3972/3972 3722/3722
f 3976/3976 3724/3724 3972/3972
f 3724/3724 3978/3978 3726/3726
f 3732/3732 3730/3730 3726/3726
f 3976/3976 3978/3978 3724/3724
f 3726/3726 3978/3978 3979/3979
f 3979/3979 3732/3732 3726/3726
f 3732/3732 3979/3979 3980/3980
f 3976/3976 3972/3972 3971/3971
f 3981/3981 3976/3976 3975/3975
f 3976/3976 3981/3981 3978/3978
f 3982/3982 3978/3978 3981/3981
f 3982/3982 3979/3979 3978/3978
f 3977/3977 3981/3981 3975/3975
f 3982/3982 3980/3980 3979/3979
f 3731/3731 3732/3732 3734/3734
f 3980/3980 3734/3734 3732/3732
f 3436/3436 3949/3949 3983/3983
f 3983/3983 3949/3949 3984/3984
f 3985/3985 3986/3986 3983/3983
f 3952/3952 3949/3949 3951/3951
f 3949/3949 3952/3952 3987/3987
f 3949/3949 3987/3987 3984/3984
f 3953/3953 3987/3987 3952/3952
f 3988/3988 3987/3987 3953/3953
f 3988/3988 3953/3953 3989/3989
f 3953/3953 3955/3955 3989/3989
f 3984/3984 3985/3985 3983/3983
f 3987/3987 3985/3985 3984/3984
f 3973/3973 3985/3985 3987/3987
f 3973/3973 3990/3990 3985/3985
f 3991/3991 3990/3990 3973/3973
f 3990/3990 3986/3986 3985/3985
f 3961/3961 3992/3992 3959/3959
f 3992/3992 3961/3961 3962/3962
f 3991/3991 3970/3970 3969/3969
f 3991/3991 3969/3969 3990/3990
f 3969/3969 3986/3986 3990/3990
f 3973/3973 3970/3970 3991/3991
f 3987/3987 3974/3974 3973/3973
f 3974/3974 3987/3987 3993/3993
f 3954/3954 3994/3994 3955/3955
f 3960/3960 3994/3994 3954/3954
f 3955/3955 3994/3994 3995/3995
f 3955/3955 3995/3995 3989/3989
f 3989/3989 3993/3993 3988/3988
f 3988/3988 3993/3993 3987/3987
f 3993/3993 3995/3995 3996/3996
f 3993/3993 3989/3989 3995/3995
f 3994/3994 3997/3997 3995/3995
f 3997/3997 3994/3994 3998/3998
f 3997/3997 3998/3998 3999/3999
f 3996/3996 3995/3995 3997/3997
f 3998/3998 3960/3960 4000/4000
f 4000/4000 3960/3960 3959/3959
f 4000/4000 3959/3959 3992/3992
f 3994/3994 3960/3960 3998/3998
f 3999/3999 3998/3998 4000/4000
f 3992/3992 3999/3999 4000/4000
f 4001/4001 3999/3999 3992/3992
f 3993/3993 3996/3996 3977/3977
f 3977/3977 3996/3996 4002/4002
f 3996/3996 4003/4003 4002/4002
f 3977/3977 3974/3974 3993/3993
f 3997/3997 4003/4003 3996/3996
f 4003/4003 4004/4004 4002/4002
f 3997/3997 4005/4005 4003/4003
f 4004/4004 4003/4003 4005/4005
f 4004/4004 4006/4006 4002/4002
f 3977/3977 4002/4002 4007/4007
f 4006/4006 4007/4007 4002/4002
f 4006/4006 4004/4004 4008/4008
f 4006/4006 4008/4008 4009/4009
f 4004/4004 4005/4005 4008/4008
f 4005/4005 3997/3997 3999/3999
f 3999/3999 4010/4010 4005/4005
f 4011/4011 3999/3999 4001/4001
f 4011/4011 4012/4012 4010/4010
f 4010/4010 3999/3999 4011/4011
f 4010/4010 4013/4013 4005/4005
f 4014/4014 4008/4008 4013/4013
f 4013/4013 4008/4008 4005/4005
f 4013/4013 4010/4010 4012/4012
f 3992/3992 3962/3962 4015/4015
f 3963/3963 4016/4016 4015/4015
f 4015/4015 3962/3962 3963/3963
f 4016/4016 4017/4017 4015/4015
f 4015/4015 4017/4017 4018/4018
f 4016/4016 3966/3966 4019/4019
f 3965/3965 4019/4019 3966/3966
f 4019/4019 3965/3965 4020/4020
f 3965/3965 3502/3502 4020/4020
f 3502/3502 3501/3501 3767/3767
f 4020/4020 3502/3502 3767/3767
f 3771/3771 3767/3767 3769/3769
f 4021/4021 4020/4020 3767/3767
f 4021/4021 4022/4022 4020/4020
f 3771/3771 4021/4021 3767/3767
f 3966/3966 4016/4016 3963/3963
f 4016/4016 4019/4019 4017/4017
f 4019/4019 4020/4020 4022/4022
f 4018/4018 4017/4017 4023/4023
f 4024/4024 4023/4023 4025/4025
f 3772/3772 3773/3773 4026/4026
f 3772/3772 4026/4026 3771/3771
f 4026/4026 4027/4027 3771/3771
f 4022/4022 4021/4021 4028/4028
f 4028/4028 4021/4021 3771/3771
f 4027/4027 4028/4028 3771/3771
f 4028/4028 4027/4027 4029/4029
f 4029/4029 4030/4030 4028/4028
f 4027/4027 4026/4026 4031/4031
f 4029/4029 4027/4027 4031/4031
f 4022/4022 4032/4032 4017/4017
f 4022/4022 4017/4017 4019/4019
f 4022/4022 4028/4028 4030/4030
f 4032/4032 4022/4022 4030/4030
f 4023/4023 4017/4017 4032/4032
f 4025/4025 4023/4023 4032/4032
f 4025/4025 4032/4032 4030/4030
f 4033/4033 4025/4025 4030/4030
f 4018/4018 3992/3992 4015/4015
f 4001/4001 3992/3992 4018/4018
f 4011/4011 4001/4001 4034/4034
f 4034/4034 4001/4001 4018/4018
f 4012/4012 4011/4011 4034/4034
f 4034/4034 4018/4018 4023/4023
f 4034/4034 4023/4023 4024/4024
f 4034/4034 4024/4024 4012/4012
f 4007/4007 3981/3981 3977/3977
f 3981/3981 4007/4007 3982/3982
f 4007/4007 4035/4035 3982/3982
f 4035/4035 4036/4036 4037/4037
f 4037/4037 3980/3980 3982/3982
f 4037/4037 3982/3982 4035/4035
f 3980/3980 4038/4038 4039/4039
f 4036/4036 4038/4038 4037/4037
f 4036/4036 4040/4040 4038/4038
f 4037/4037 4038/4038 3980/3980
f 4041/4041 4038/4038 4040/4040
f 4042/4042 4043/4043 4044/4044
f 4041/4041 4040/4040 4042/4042
f 4039/4039 3734/3734 3980/3980
f 4039/4039 3786/3786 3734/3734
f 4039/4039 4045/4045 3786/3786
f 3786/3786 3733/3733 3734/3734
f 4046/4046 3787/3787 3786/3786
f 4046/4046 3786/3786 4045/4045
f 4038/4038 4041/4041 4039/4039
f 3788/3788 4047/4047 4048/4048
f 4041/4041 4048/4048 4047/4047
f 3788/3788 4046/4046 4047/4047
f 3787/3787 4046/4046 3788/3788
f 4047/4047 4046/4046 4045/4045
f 4048/4048 3789/3789 3788/3788
f 4045/4045 4039/4039 4041/4041
f 4042/4042 4049/4049 4041/4041
f 4047/4047 4045/4045 4041/4041
f 4049/4049 4048/4048 4041/4041
f 4035/4035 4006/4006 4009/4009
f 4035/4035 4007/4007 4006/4006
f 4009/4009 4036/4036 4035/4035
f 4009/4009 4008/4008 4014/4014
f 4036/4036 4009/4009 4014/4014
f 4013/4013 4050/4050 4014/4014
f 4050/4050 4013/4013 4012/4012
f 4043/4043 4014/4014 4050/4050
f 4040/4040 4036/4036 4014/4014
f 4014/4014 4042/4042 4040/4040
f 4042/4042 4014/4014 4043/4043
f 4051/4051 4024/4024 4052/4052
f 4052/4052 4033/4033 4053/4053
f 4052/4052 4024/4024 4025/4025
f 4053/4053 4054/4054 4052/4052
f 4051/4051 4052/4052 4054/4054
f 4043/4043 4054/4054 4044/4044
f 4054/4054 4055/4055 4044/4044
f 4042/4042 4044/4044 4049/4049
f 4056/4056 4044/4044 4055/4055
f 4054/4054 4053/4053 4055/4055
f 4053/4053 4057/4057 4055/4055
f 4058/4058 4055/4055 4057/4057
f 4029/4029 4059/4059 4060/4060
f 3805/3805 3773/3773 3802/3802
f 4026/4026 3773/3773 3805/3805
f 3805/3805 4031/4031 4026/4026
f 4059/4059 4031/4031 3805/3805
f 4029/4029 4031/4031 4059/4059
f 3805/3805 4061/4061 4059/4059
f 4061/4061 3805/3805 3806/3806
f 4061/4061 3806/3806 4057/4057
f 4060/4060 4059/4059 4061/4061
f 4060/4060 4061/4061 4057/4057
f 4029/4029 4060/4060 4033/4033
f 4030/4030 4029/4029 4033/4033
f 4060/4060 4053/4053 4033/4033
f 4025/4025 4033/4033 4052/4052
f 4057/4057 4053/4053 4060/4060
f 4049/4049 4062/4062 4048/4048
f 4049/4049 4056/4056 4062/4062
f 4063/4063 3816/3816 3811/3811
f 3818/3818 3816/3816 4063/4063
f 4057/4057 3818/3818 4058/4058
f 4058/4058 4063/4063 4062/4062
f 4058/4058 4062/4062 4056/4056
f 3818/3818 4063/4063 4058/4058
f 3789/3789 4048/4048 4062/4062
f 3789/3789 4062/4062 3811/3811
f 4062/4062 4063/4063 3811/3811
f 4049/4049 4044/4044 4056/4056
f 4055/4055 4058/4058 4056/4056
f 3817/3817 3818/3818 3806/3806
f 4057/4057 3806/3806 3818/3818
f 4051/4051 4050/4050 4012/4012
f 4050/4050 4054/4054 4043/4043
f 4051/4051 4054/4054 4050/4050
f 4051/4051 4012/4012 4024/4024
f 1952/1952 2834/2834 812/812
f 2834/2834 1952/1952 1954/1954
f 4064/4064 2666/2666 2834/2834
f 4064/4064 2834/2834 1954/1954
f 4065/4065 1954/1954 1957/1957
f 4066/4066 4064/4064 4065/4065
f 1954/1954 4065/4065 4064/4064
f 4067/4067 2666/2666 4064/4064
f 4067/4067 4064/4064 4068/4068
f 4068/4068 2836/2836 4067/4067
f 4068/4068 4064/4064 4066/4066
f 4065/4065 1957/1957 4069/4069
f 4069/4069 1957/1957 1959/1959
f 4069/4069 1959/1959 1960/1960
f 4069/4069 4070/4070 4065/4065
f 4070/4070 4066/4066 4065/4065
f 4071/4071 4070/4070 4069/4069
f 2836/2836 2666/2666 4067/4067
f 2667/2667 2836/2836 2840/2840
f 2840/2840 2836/2836 4068/4068
f 2840/2840 4068/4068 4072/4072
f 4073/4073 2840/2840 4072/4072
f 4072/4072 4068/4068 4066/4066
f 4072/4072 4066/4066 4074/4074
f 4074/4074 4066/4066 4070/4070
f 2842/2842 2840/2840 4073/4073
f 4075/4075 4069/4069 1960/1960
f 4075/4075 1960/1960 1717/1717
f 4075/4075 1717/1717 4076/4076
f 4076/4076 1717/1717 4077/4077
f 4069/4069 4075/4075 4078/4078
f 4076/4076 4078/4078 4075/4075
f 4079/4079 4078/4078 4076/4076
f 4078/4078 4071/4071 4069/4069
f 4071/4071 4078/4078 4080/4080
f 4081/4081 4072/4072 4074/4074
f 2842/2842 2839/2839 2840/2840
f 4073/4073 4072/4072 4081/4081
f 3189/3189 2842/2842 4073/4073
f 3200/3200 3190/3190 4081/4081
f 3200/3200 4074/4074 4070/4070
f 4070/4070 4071/4071 3200/3200
f 3200/3200 4071/4071 4080/4080
f 4081/4081 4074/4074 3200/3200
f 3200/3200 4080/4080 4082/4082
f 4080/4080 4078/4078 4079/4079
f 4083/4083 4080/4080 4079/4079
f 4080/4080 4083/4083 4082/4082
f 3199/3199 3200/3200 4082/4082
f 4082/4082 4083/4083 4084/4084
f 4084/4084 4083/4083 4085/4085
f 4086/4086 3199/3199 4082/4082
f 4086/4086 4082/4082 4084/4084
f 3199/3199 4086/4086 3201/3201
f 4084/4084 4085/4085 4086/4086
f 4077/4077 1717/1717 1775/1775
f 4077/4077 1775/1775 4087/4087
f 4087/4087 4088/4088 4077/4077
f 4077/4077 4088/4088 4076/4076
f 4087/4087 1775/1775 1962/1962
f 4087/4087 1962/1962 4089/4089
f 4089/4089 4088/4088 4087/4087
f 1780/1780 1962/1962 1775/1775
f 1961/1961 1967/1967 1962/1962
f 4090/4090 4089/4089 1962/1962
f 4076/4076 4088/4088 4079/4079
f 4089/4089 4079/4079 4088/4088
f 4091/4091 1962/1962 1967/1967
f 4090/4090 1962/1962 4091/4091
f 4092/4092 4091/4091 1967/1967
f 4090/4090 4091/4091 4093/4093
f 4091/4091 4092/4092 4093/4093
f 4094/4094 4093/4093 4092/4092
f 4094/4094 4092/4092 4095/4095
f 4093/4093 4094/4094 4096/4096
f 4097/4097 4094/4094 4095/4095
f 4097/4097 4096/4096 4094/4094
f 4097/4097 4098/4098 4096/4096
f 1967/1967 1966/1966 4092/4092
f 4092/4092 1966/1966 1972/1972
f 4095/4095 4092/4092 1972/1972
f 3124/3124 3116/3116 3117/3117
f 3124/3124 3117/3117 4099/4099
f 3135/3135 3125/3125 3124/3124
f 3149/3149 4100/4100 3136/3136
f 3150/3150 3124/3124 4099/4099
f 4102/4102 4100/4100 3149/3149
f 4105/4105 4100/4100 4102/4102
f 3152/3152 4106/4106 3151/3151
f 3145/3145 3136/3136 4100/4100
f 3152/3152 3140/3140 4106/4106
f 4099/4099 3117/3117 3114/3114
f 4099/4099 3114/3114 3153/3153
f 3164/3164 4099/4099 3153/3153
f 4107/4107 4097/4097 4095/4095
f 3164/3164 4101/4101 4099/4099
f 4101/4101 3150/3150 4099/4099
f 4079/4079 4085/4085 4083/4083
f 3159/3159 4085/4085 4079/4079
f 3159/3159 4079/4079 4089/4089
f 3159/3159 4089/4089 4090/4090
f 3159/3159 4090/4090 3160/3160
f 4090/4090 4093/4093 4098/4098
f 3160/3160 4090/4090 4098/4098
f 4096/4096 4098/4098 4093/4093
f 4108/4108 4098/4098 4097/4097
f 4097/4097 4107/4107 4108/4108
f 3161/3161 3160/3160 4098/4098
f 3161/3161 4098/4098 4108/4108
f 4109/4109 4101/4101 3164/3164
f 3165/3165 4109/4109 3164/3164
f 3165/3165 3168/3168 4109/4109
f 3168/3168 3166/3166 4111/4111
f 3166/3166 4109/4109 4111/4111
f 4109/4109 3168/3168 4111/4111
f 1974/1974 1987/1987 4112/4112
f 4095/4095 1972/1972 1974/1974
f 4095/4095 1974/1974 4112/4112
f 4112/4112 1987/1987 4113/4113
f 4113/4113 1987/1987 4114/4114
f 4115/4115 4112/4112 4113/4113
f 4113/4113 4114/4114 4116/4116
f 4117/4117 3171/3171 4119/4119
f 3146/3146 3145/3145 4120/4120
f 3140/3140 3171/3171 4117/4117
f 4118/4118 3170/3170 3146/3146
f 4122/4122 4123/4123 3147/3147
f 3146/3146 4124/4124 4118/4118
f 4122/4122 3147/3147 4121/4121
f 4121/4121 2009/2009 4122/4122
f 2008/2008 4122/4122 2009/2009
f 3145/3145 4100/4100 4120/4120
f 4105/4105 4120/4120 4100/4100
f 4114/4114 1987/1987 1989/1989
f 4104/4104 2009/2009 4121/4121
f 4104/4104 3174/3174 2009/2009
f 4095/4095 4112/4112 4115/4115
f 4107/4107 4095/4095 4115/4115
f 4113/4113 4116/4116 4125/4125
f 4125/4125 4115/4115 4113/4113
f 4126/4126 4127/4127 4125/4125
f 2009/2009 3174/3174 3173/3173
f 4116/4116 4114/4114 1996/1996
f 1996/1996 4114/4114 1989/1989
f 1996/1996 1997/1997 4128/4128
f 4128/4128 1997/1997 4129/4129
f 1996/1996 4128/4128 4116/4116
f 4126/4126 4125/4125 4116/4116
f 4116/4116 4128/4128 4130/4130
f 4130/4130 4126/4126 4116/4116
f 4131/4131 4128/4128 4129/4129
f 4131/4131 4130/4130 4128/4128
f 3244/3244 4108/4108 4132/4132
f 3244/3244 4132/4132 3264/3264
f 3264/3264 4127/4127 3188/3188
f 4107/4107 4115/4115 4132/4132
f 4108/4108 4107/4107 4132/4132
f 4132/4132 4115/4115 4125/4125
f 4125/4125 4127/4127 4132/4132
f 4110/4110 3180/3180 4103/4103
f 3180/3180 4104/4104 4103/4103
f 3182/3182 4104/4104 3180/3180
f 3182/3182 3174/3174 4104/4104
f 4110/4110 3167/3167 3180/3180
f 3264/3264 4132/4132 4127/4127
f 4133/4133 4126/4126 4130/4130
f 4127/4127 4126/4126 4133/4133
f 4131/4131 3186/3186 4133/4133
f 4131/4131 4134/4134 3267/3267
f 4133/4133 4130/4130 4131/4131
f 4135/4135 3174/3174 3182/3182
f 3172/3172 3174/3174 4135/4135
f 3172/3172 3178/3178 3177/3177
f 3172/3172 4135/4135 3178/3178
f 3185/3185 3178/3178 4135/4135
f 4133/4133 3188/3188 4127/4127
f 3186/3186 3188/3188 4133/4133
f 3267/3267 3186/3186 4131/4131
f 4135/4135 3182/3182 3183/3183
f 3183/3183 3315/3315 4135/4135
f 3315/3315 3185/3185 4135/4135
f 3189/3189 3193/3193 2842/2842
f 3193/3193 2755/2755 2842/2842
f 4081/4081 3189/3189 4073/4073
f 3189/3189 4081/4081 3190/3190
f 3201/3201 4086/4086 4085/4085
f 3201/3201 4085/4085 3210/3210
f 3211/3211 3210/3210 4085/4085
f 3159/3159 3211/3211 4085/4085
f 3211/3211 3159/3159 3158/3158
f 3213/3213 3211/3211 3158/3158
f 3213/3213 3158/3158 3237/3237
f 3237/3237 3158/3158 3161/3161
f 3237/3237 3161/3161 4136/4136
f 3250/3250 3238/3238 3237/3237
f 3213/3213 3237/3237 3227/3227
f 3250/3250 3237/3237 4136/4136
f 3250/3250 4136/4136 3246/3246
f 4136/4136 3161/3161 4108/4108
f 4136/4136 4108/4108 3246/3246
f 3246/3246 4108/4108 3244/3244
f 3244/3244 3264/3264 3245/3245
f 4137/4137 3238/3238 3250/3250
f 4137/4137 3250/3250 3248/3248
f 3248/3248 3238/3238 4137/4137
f 3339/3339 3253/3253 3169/3169
f 3274/3274 3166/3166 3169/3169
f 3294/3294 3297/3297 3293/3293
f 3397/3397 3312/3312 3310/3310
f 4138/4138 3183/3183 3283/3283
f 4138/4138 3283/3283 3288/3288
f 4138/4138 3315/3315 3183/3183
f 4138/4138 3288/3288 4139/4139
f 3316/3316 3315/3315 4138/4138
f 4138/4138 3321/3321 3316/3316
f 3289/3289 4140/4140 3287/3287
f 3288/3288 3313/3313 4139/4139
f 4139/4139 3313/3313 3328/3328
f 4138/4138 4139/4139 3321/3321
f 4139/4139 3328/3328 3321/3321
f 3313/3313 3314/3314 3329/3329
f 4140/4140 3314/3314 3287/3287
f 4141/4141 3314/3314 4140/4140
f 3329/3329 3328/3328 3313/3313
f 3329/3329 3314/3314 4141/4141
f 3320/3320 3185/3185 3315/3315
f 3320/3320 3315/3315 3317/3317
f 3185/3185 3320/3320 4142/4142
f 3320/3320 3319/3319 4142/4142
f 3321/3321 3328/3328 3322/3322
f 3289/3289 3311/3311 4140/4140
f 4140/4140 3311/3311 4141/4141
f 3330/3330 4141/4141 3311/3311
f 4143/4143 3329/3329 4141/4141
f 4143/4143 4141/4141 3330/3330
f 3330/3330 4144/4144 4143/4143
f 3312/3312 4144/4144 3330/3330
f 3468/3468 4144/4144 3312/3312
f 4144/4144 3480/3480 4143/4143
f 3324/3324 3329/3329 3333/3333
f 4145/4145 3333/3333 3329/3329
f 3329/3329 4143/4143 4145/4145
f 3480/3480 4145/4145 4143/4143
f 3333/3333 4145/4145 3480/3480
f 3239/3239 3339/3339 3169/3169
f 3467/3467 3396/3396 3406/3406
f 3468/3468 3312/3312 3397/3397
f 3406/3406 3469/3469 3467/3467
f 3469/3469 3406/3406 3409/3409
f 3469/3469 3409/3409 3411/3411
f 3417/3417 3431/3431 3407/3407
f 3431/3431 3432/3432 3433/3433
f 3432/3432 4146/4146 3433/3433
f 4146/4146 3439/3439 3433/3433
f 3432/3432 3434/3434 3437/3437
f 4146/4146 3432/3432 3437/3437
f 3748/3748 4146/4146 3437/3437
f 4146/4146 3748/3748 3439/3439
f 3468/3468 3472/3472 4144/4144
f 3466/3466 3472/3472 3468/3468
f 3472/3472 3480/3480 4144/4144
f 4147/4147 3480/3480 3472/3472
f 3471/3471 4147/4147 3472/3472
f 4149/4149 4147/4147 3471/3471
f 3470/3470 3477/3477 4150/4150
f 3479/3479 3480/3480 4147/4147
f 4149/4149 3479/3479 4147/4147
f 4106/4106 3510/3510 3151/3151
f 4106/4106 3140/3140 4151/4151
f 3140/3140 4117/4117 4151/4151
f 3510/3510 4106/4106 4151/4151
f 4151/4151 3522/3522 3510/3510
f 3521/3521 3510/3510 3522/3522
f 3521/3521 3509/3509 3510/3510
f 3522/3522 4152/4152 3523/3523
f 4153/4153 3523/3523 4152/4152
f 3546/3546 3529/3529 3532/3532
f 4153/4153 4154/4154 3523/3523
f 4154/4154 3552/3552 3523/3523
f 3546/3546 3553/3553 3575/3575
f 3552/3552 4155/4155 3576/3576
f 3576/3576 4155/4155 4156/4156
f 4156/4156 4155/4155 3552/3552
f 3571/3571 3672/3672 3573/3573
f 3672/3672 3571/3571 3577/3577
f 3577/3577 4157/4157 3672/3672
f 4157/4157 3577/3577 3641/3641
f 4158/4158 4117/4117 4119/4119
f 4159/4159 4117/4117 4158/4158
f 4124/4124 2001/2001 4118/4118
f 4158/4158 4119/4119 2000/2000
f 2002/2002 4123/4123 2008/2008
f 4122/4122 2008/2008 4123/4123
f 1999/1999 4158/4158 2000/2000
f 4158/4158 1999/1999 4160/4160
f 4160/4160 1999/1999 1924/1924
f 4159/4159 4158/4158 4160/4160
f 4160/4160 1924/1924 4161/4161
f 3587/3587 4161/4161 1924/1924
f 4117/4117 4159/4159 4151/4151
f 4151/4151 4159/4159 3522/3522
f 4159/4159 4160/4160 4161/4161
f 4162/4162 4159/4159 4161/4161
f 4159/4159 4162/4162 4152/4152
f 4161/4161 3587/3587 4162/4162
f 1920/1920 2008/2008 2009/2009
f 1924/1924 1999/1999 2004/2004
f 1940/1940 2009/2009 3173/3173
f 4163/4163 4162/4162 3587/3587
f 4152/4152 3522/3522 4159/4159
f 3595/3595 4152/4152 4163/4163
f 4152/4152 4162/4162 4163/4163
f 3587/3587 3593/3593 4163/4163
f 4163/4163 3593/3593 3595/3595
f 3595/3595 4153/4153 4152/4152
f 4153/4153 3595/3595 4164/4164
f 4164/4164 3595/3595 3596/3596
f 1941/1941 1937/1937 1940/1940
f 1940/1940 3173/3173 1941/1941
f 1941/1941 3173/3173 3176/3176
f 3172/3172 3176/3176 3173/3173
f 3176/3176 3172/3172 3177/3177
f 3597/3597 3608/3608 3623/3623
f 4154/4154 4153/4153 4164/4164
f 3622/3622 4164/4164 3596/3596
f 4154/4154 4164/4164 4165/4165
f 4164/4164 3622/3622 4165/4165
f 3552/3552 4154/4154 4156/4156
f 4156/4156 4154/4154 4165/4165
f 4165/4165 3622/3622 3627/3627
f 3627/3627 3622/3622 3620/3620
f 3641/3641 4156/4156 3627/3627
f 3576/3576 4156/4156 3577/3577
f 3641/3641 3577/3577 4156/4156
f 4165/4165 3627/3627 4156/4156
f 4166/4166 3641/3641 3642/3642
f 3643/3643 3644/3644 3652/3652
f 4157/4157 3641/3641 4167/4167
f 4157/4157 4167/4167 4168/4168
f 4168/4168 3672/3672 4157/4157
f 4168/4168 3670/3670 3672/3672
f 4169/4169 4168/4168 4167/4167
f 4168/4168 3687/3687 3670/3670
f 3687/3687 4168/4168 4169/4169
f 3687/3687 4170/4170 3686/3686
f 4170/4170 3687/3687 4169/4169
f 3689/3689 3686/3686 4170/4170
f 4171/4171 3689/3689 4170/4170
f 4171/4171 4170/4170 4172/4172
f 4170/4170 4169/4169 4172/4172
f 4173/4173 3701/3701 3689/3689
f 4173/4173 3689/3689 4171/4171
f 3706/3706 4173/4173 4174/4174
f 4173/4173 3706/3706 3701/3701
f 3718/3718 3705/3705 3706/3706
f 3718/3718 3706/3706 4175/4175
f 3641/3641 4166/4166 4167/4167
f 4169/4169 4167/4167 4166/4166
f 3642/3642 4176/4176 4166/4166
f 4177/4177 4169/4169 4166/4166
f 4166/4166 4176/4176 4177/4177
f 4176/4176 3642/3642 3651/3651
f 4178/4178 4176/4176 3651/3651
f 4177/4177 4176/4176 4178/4178
f 4179/4179 3652/3652 3735/3735
f 3735/3735 4180/4180 4179/4179
f 4179/4179 4180/4180 4181/4181
f 4180/4180 3735/3735 3653/3653
f 4180/4180 3653/3653 3738/3738
f 4183/4183 4171/4171 4172/4172
f 4172/4172 4184/4184 4185/4185
f 4183/4183 4172/4172 4185/4185
f 4183/4183 4185/4185 4186/4186
f 4181/4181 4180/4180 4187/4187
f 4187/4187 4180/4180 3738/3738
f 3740/3740 4187/4187 3738/3738
f 4188/4188 4185/4185 4182/4182
f 4186/4186 4185/4185 4188/4188
f 4189/4189 4181/4181 4187/4187
f 4190/4190 4189/4189 3740/3740
f 4189/4189 4187/4187 3740/3740
f 3740/3740 3742/3742 4192/4192
f 4190/4190 3740/3740 4192/4192
f 4193/4193 3748/3748 3437/3437
f 4194/4194 4195/4195 3748/3748
f 4196/4196 4195/4195 4197/4197
f 4197/4197 4198/4198 4196/4196
f 4195/4195 3746/3746 3748/3748
f 3749/3749 3746/3746 4195/4195
f 4196/4196 3749/3749 4195/4195
f 3749/3749 4196/4196 3750/3750
f 4199/4199 3750/3750 4196/4196
f 4200/4200 4196/4196 4198/4198
f 4200/4200 4201/4201 4202/4202
f 4203/4203 4204/4204 4201/4201
f 4205/4205 4204/4204 4203/4203
f 4206/4206 4207/4207 4204/4204
f 4202/4202 4201/4201 4204/4204
f 4204/4204 4207/4207 4202/4202
f 4208/4208 4209/4209 4210/4210
f 4200/4200 4211/4211 4199/4199
f 4199/4199 4196/4196 4200/4200
f 4211/4211 4212/4212 4199/4199
f 4211/4211 4202/4202 4208/4208
f 4209/4209 4202/4202 4207/4207
f 4202/4202 4209/4209 4208/4208
f 4202/4202 4211/4211 4200/4200
f 4208/4208 4212/4212 4211/4211
f 4210/4210 4212/4212 4208/4208
f 4213/4213 4150/4150 3477/3477
f 4213/4213 3477/3477 3752/3752
f 3758/3758 4213/4213 3752/3752
f 3478/3478 4214/4214 3483/3483
f 4214/4214 3478/3478 4148/4148
f 3754/3754 3483/3483 4214/4214
f 4215/4215 4214/4214 4148/4148
f 4214/4214 3755/3755 3754/3754
f 4214/4214 4215/4215 3755/3755
f 4150/4150 4213/4213 4216/4216
f 3758/3758 4216/4216 4213/4213
f 4217/4217 4216/4216 3758/3758
f 3760/3760 3755/3755 4215/4215
f 3747/3747 4219/4219 3757/3757
f 3750/3750 4219/4219 3747/3747
f 4220/4220 3758/3758 3757/3757
f 4219/4219 4220/4220 3757/3757
f 4220/4220 4217/4217 3758/3758
f 4221/4221 4220/4220 4219/4219
f 4215/4215 4218/4218 3760/3760
f 4218/4218 3762/3762 3760/3760
f 4217/4217 4220/4220 3777/3777
f 4218/4218 3776/3776 3762/3762
f 4222/4222 4219/4219 3750/3750
f 4221/4221 4219/4219 4222/4222
f 4222/4222 4223/4223 4221/4221
f 4221/4221 4223/4223 4225/4225
f 4226/4226 4212/4212 4210/4210
f 4228/4228 4227/4227 4230/4230
f 4230/4230 4224/4224 4228/4228
f 4224/4224 4230/4230 4231/4231
f 3750/3750 4199/4199 4222/4222
f 4229/4229 4222/4222 4199/4199
f 4223/4223 4222/4222 4229/4229
f 4212/4212 4229/4229 4199/4199
f 4229/4229 4212/4212 4226/4226
f 4229/4229 4225/4225 4223/4223
f 3777/3777 4220/4220 4221/4221
f 4225/4225 3777/3777 4221/4221
f 4232/4232 3776/3776 4224/4224
f 3762/3762 3776/3776 3765/3765
f 3776/3776 4232/4232 3774/3774
f 4224/4224 4231/4231 4232/4232
f 3782/3782 3774/3774 4232/4232
f 3782/3782 4232/4232 4231/4231
f 4233/4233 3780/3780 4231/4231
f 4231/4231 3780/3780 3782/3782
f 4173/4173 4171/4171 4234/4234
f 4234/4234 4171/4171 4183/4183
f 4234/4234 4174/4174 4173/4173
f 4234/4234 4183/4183 4235/4235
f 4236/4236 4234/4234 4237/4237
f 4235/4235 4237/4237 4234/4234
f 4239/4239 4235/4235 4186/4186
f 4237/4237 4235/4235 4239/4239
f 4237/4237 4240/4240 4236/4236
f 4237/4237 4239/4239 4240/4240
f 4239/4239 4241/4241 4240/4240
f 4243/4243 4240/4240 4244/4244
f 4235/4235 4183/4183 4186/4186
f 4246/4246 4238/4238 4190/4190
f 4175/4175 4247/4247 3716/3716
f 3718/3718 4175/4175 3716/3716
f 4236/4236 4248/4248 4247/4247
f 4248/4248 4236/4236 4249/4249
f 4206/4206 4247/4247 4248/4248
f 4174/4174 4175/4175 3706/3706
f 4175/4175 4174/4174 4234/4234
f 4234/4234 4247/4247 4175/4175
f 4247/4247 4234/4234 4236/4236
f 4247/4247 4205/4205 3716/3716
f 4247/4247 4206/4206 4205/4205
f 4206/4206 4204/4204 4205/4205
f 3716/3716 4205/4205 3721/3721
f 3721/3721 4205/4205 4203/4203
f 4248/4248 4207/4207 4206/4206
f 4236/4236 4250/4250 4249/4249
f 4249/4249 4209/4209 4248/4248
f 4250/4250 4209/4209 4249/4249
f 4209/4209 4250/4250 4210/4210
f 4240/4240 4250/4250 4236/4236
f 4250/4250 4240/4240 4243/4243
f 4248/4248 4209/4209 4207/4207
f 4244/4244 4240/4240 4241/4241
f 4190/4190 4251/4251 4252/4252
f 4252/4252 4246/4246 4190/4190
f 4242/4242 4246/4246 4252/4252
f 4252/4252 4251/4251 4253/4253
f 4251/4251 4190/4190 4192/4192
f 3742/3742 4251/4251 4192/4192
f 4253/4253 4251/4251 3742/3742
f 3792/3792 3742/3742 3743/3743
f 3792/3792 4253/4253 3742/3742
f 4246/4246 4242/4242 4238/4238
f 4254/4254 4242/4242 4252/4252
f 4252/4252 4253/4253 4255/4255
f 4255/4255 4254/4254 4252/4252
f 3807/3807 4254/4254 4255/4255
f 3807/3807 4255/4255 3809/3809
f 4255/4255 4253/4253 3792/3792
f 3793/3793 3809/3809 3792/3792
f 4255/4255 3792/3792 3809/3809
f 4250/4250 4243/4243 4256/4256
f 4210/4210 4250/4250 4256/4256
f 4256/4256 4226/4226 4210/4210
f 4257/4257 4227/4227 4259/4259
f 4258/4258 4226/4226 4256/4256
f 4257/4257 4230/4230 4227/4227
f 4233/4233 4230/4230 4257/4257
f 4233/4233 4231/4231 4230/4230
f 4233/4233 4257/4257 3797/3797
f 4260/4260 4257/4257 4259/4259
f 4244/4244 4256/4256 4243/4243
f 4244/4244 4258/4258 4256/4256
f 4242/4242 4254/4254 4245/4245
f 4254/4254 4260/4260 4245/4245
f 3807/3807 4260/4260 4254/4254
f 4245/4245 4260/4260 4259/4259
f 3797/3797 4257/4257 4260/4260
f 4260/4260 3798/3798 3797/3797
f 3798/3798 4260/4260 3807/3807
f 3800/3800 3780/3780 4233/4233
f 4233/4233 3797/3797 3800/3800
f 3796/3796 3800/3800 3797/3797
f 3807/3807 3809/3809 3808/3808
f 3437/3437 3436/3436 4193/4193
f 3721/3721 4203/4203 3967/3967
f 3748/3748 4193/4193 4194/4194
f 3983/3983 4194/4194 4193/4193
f 4193/4193 3436/3436 3983/3983
f 4194/4194 3983/3983 4261/4261
f 3986/3986 4261/4261 3983/3983
f 3986/3986 3969/3969 4198/4198
f 4261/4261 4197/4197 4194/4194
f 4197/4197 4261/4261 4198/4198
f 4194/4194 4197/4197 4195/4195
f 3986/3986 4198/4198 4261/4261
f 4262/4262 4201/4201 4263/4263
f 4263/4263 4198/4198 3969/3969
f 3967/3967 4262/4262 3969/3969
f 3969/3969 4262/4262 4263/4263
f 4263/4263 4200/4200 4198/4198
f 4201/4201 4200/4200 4263/4263
f 4203/4203 4201/4201 4262/4262
f 3967/3967 4203/4203 4262/4262
f 4169/4169 4177/4177 4172/4172
f 4172/4172 4177/4177 4178/4178
f 4182/4182 4184/4184 4178/4178
f 4172/4172 4178/4178 4184/4184
f 4182/4182 4185/4185 4184/4184
f 4188/4188 4191/4191 4186/4186
f 4191/4191 4239/4239 4186/4186
f 2292/2292 2393/2393 2293/2293
f 2292/2292 2395/2395 2393/2393
f 4264/4264 2395/2395 2292/2292
f 2399/2399 2395/2395 4264/4264
f 4265/4265 4266/4266 4264/4264
f 2294/2294 2341/2341 2296/2296
f 4267/4267 4268/4268 4269/4269
f 4266/4266 4269/4269 2399/2399
f 4266/4266 2399/2399 4264/4264
f 4268/4268 4267/4267 4270/4270
f 4270/4270 2447/2447 4268/4268
f 2296/2296 2341/2341 4271/4271
f 4272/4272 4266/4266 4265/4265
f 4272/4272 4269/4269 4266/4266
f 4272/4272 4267/4267 4269/4269
f 4267/4267 4272/4272 4273/4273
f 4273/4273 4272/4272 4274/4274
f 4273/4273 4275/4275 4267/4267
f 4276/4276 4275/4275 4273/4273
f 4275/4275 4270/4270 4267/4267
f 4277/4277 4270/4270 4275/4275
f 4270/4270 4278/4278 2447/2447
f 4279/4279 2447/2447 4278/4278
f 4270/4270 4277/4277 4278/4278
f 4275/4275 4276/4276 4280/4280
f 4277/4277 4279/4279 4278/4278
f 4276/4276 4273/4273 4274/4274
f 4274/4274 4281/4281 4276/4276
f 4282/4282 4276/4276 4281/4281
f 4282/4282 4281/4281 4283/4283
f 4280/4280 4277/4277 4275/4275
f 4284/4284 4277/4277 4280/4280
f 4277/4277 4284/4284 4285/4285
f 4284/4284 4280/4280 4286/4286
f 4280/4280 4276/4276 4282/4282
f 4282/4282 4286/4286 4280/4280
f 4283/4283 4286/4286 4282/4282
f 4287/4287 4288/4288 4289/4289
f 4290/4290 2353/2353 3175/3175
f 4290/4290 4291/4291 2353/2353
f 4291/4291 2320/2320 2353/2353
f 4292/4292 2320/2320 4291/4291
f 2319/2319 2320/2320 4292/4292
f 2319/2319 4292/4292 2324/2324
f 4293/4293 2324/2324 4292/4292
f 4291/4291 4293/4293 4292/4292
f 2325/2325 2324/2324 4294/4294
f 4295/4295 4297/4297 4298/4298
f 4295/4295 4298/4298 4300/4300
f 4301/4301 4303/4303 4296/4296
f 4304/4304 4303/4303 4305/4305
f 4306/4306 4307/4307 4295/4295
f 4308/4308 4306/4306 4295/4295
f 4310/4310 4302/4302 4307/4307
f 4311/4311 4307/4307 4306/4306
f 4310/4310 4307/4307 4311/4311
f 4290/4290 3175/3175 3184/3184
f 3184/3184 4312/4312 4290/4290
f 4313/4313 3267/3267 4134/4134
f 3184/3184 4314/4314 4312/4312
f 3185/3185 4314/4314 3184/3184
f 4312/4312 4315/4315 4290/4290
f 4291/4291 4290/4290 4315/4315
f 4315/4315 4312/4312 4316/4316
f 2325/2325 4294/4294 4317/4317
f 4294/4294 2324/2324 4293/4293
f 4318/4318 4317/4317 4294/4294
f 4318/4318 4294/4294 4319/4319
f 4319/4319 4293/4293 4291/4291
f 4319/4319 4294/4294 4293/4293
f 4319/4319 4291/4291 4315/4315
f 4320/4320 4321/4321 4322/4322
f 4321/4321 4320/4320 4323/4323
f 4322/4322 2447/2447 4279/4279
f 4300/4300 2425/2425 4321/4321
f 4321/4321 4323/4323 4300/4300
f 2343/2343 4324/4324 2340/2340
f 2339/2339 4325/4325 2342/2342
f 2339/2339 2340/2340 4325/4325
f 4288/4288 2341/2341 2342/2342
f 4271/4271 2341/2341 4288/4288
f 2326/2326 2343/2343 2323/2323
f 4326/4326 4308/4308 4323/4323
f 4322/4322 4279/4279 4320/4320
f 4326/4326 4320/4320 4279/4279
f 4326/4326 4323/4323 4320/4320
f 4300/4300 4323/4323 4308/4308
f 4308/4308 4295/4295 4300/4300
f 4324/4324 2343/2343 4327/4327
f 4328/4328 4308/4308 4326/4326
f 4326/4326 4329/4329 4328/4328
f 4279/4279 4285/4285 4326/4326
f 4326/4326 4285/4285 4329/4329
f 4284/4284 4329/4329 4285/4285
f 4306/4306 4308/4308 4328/4328
f 4327/4327 4330/4330 4324/4324
f 4277/4277 4285/4285 4279/4279
f 2342/2342 4325/4325 4288/4288
f 4331/4331 4288/4288 4325/4325
f 4325/4325 4332/4332 4331/4331
f 4332/4332 4325/4325 2340/2340
f 4324/4324 4332/4332 2340/2340
f 4289/4289 4288/4288 4331/4331
f 4331/4331 4332/4332 4333/4333
f 4330/4330 4332/4332 4324/4324
f 4334/4334 4332/4332 4330/4330
f 4332/4332 4334/4334 4333/4333
f 4317/4317 2326/2326 2325/2325
f 4327/4327 2343/2343 2326/2326
f 4335/4335 4327/4327 2326/2326
f 4335/4335 2326/2326 4317/4317
f 4327/4327 4335/4335 4330/4330
f 4284/4284 4286/4286 4336/4336
f 4337/4337 4284/4284 4336/4336
f 4338/4338 4337/4337 4336/4336
f 4283/4283 4339/4339 4286/4286
f 4286/4286 4339/4339 4336/4336
f 4339/4339 4283/4283 4340/4340
f 4341/4341 4339/4339 4340/4340
f 4336/4336 4339/4339 4341/4341
f 4341/4341 4340/4340 4342/4342
f 4343/4343 4341/4341 4342/4342
f 4343/4343 4344/4344 4341/4341
f 4341/4341 4344/4344 4336/4336
f 4344/4344 4338/4338 4336/4336
f 4345/4345 4338/4338 4344/4344
f 4346/4346 4347/4347 4348/4348
f 4347/4347 4346/4346 4349/4349
f 4344/4344 4350/4350 4345/4345
f 4344/4344 4351/4351 4350/4350
f 4352/4352 4350/4350 4351/4351
f 4351/4351 4344/4344 4343/4343
f 4351/4351 4343/4343 4353/4353
f 4351/4351 4353/4353 4352/4352
f 4313/4313 3266/3266 3267/3267
f 3266/3266 4313/4313 4354/4354
f 4304/4304 4354/4354 4313/4313
f 4355/4355 4304/4304 4305/4305
f 4354/4354 4304/4304 4355/4355
f 4355/4355 4356/4356 4354/4354
f 3269/3269 3266/3266 4357/4357
f 4357/4357 3270/3270 3269/3269
f 4358/4358 3270/3270 4357/4357
f 3266/3266 4359/4359 4357/4357
f 4357/4357 4359/4359 4360/4360
f 4359/4359 4354/4354 4356/4356
f 4354/4354 4359/4359 3266/3266
f 4360/4360 4359/4359 4356/4356
f 4305/4305 4361/4361 4355/4355
f 4305/4305 4309/4309 4363/4363
f 4361/4361 4305/4305 4363/4363
f 4306/4306 4364/4364 4311/4311
f 4311/4311 4365/4365 4362/4362
f 4364/4364 4365/4365 4311/4311
f 4310/4310 4311/4311 4362/4362
f 4356/4356 4355/4355 4361/4361
f 4356/4356 4361/4361 4366/4366
f 4361/4361 4367/4367 4366/4366
f 4363/4363 4367/4367 4361/4361
f 4369/4369 4362/4362 4365/4365
f 4362/4362 4369/4369 4368/4368
f 4369/4369 4370/4370 4368/4368
f 4314/4314 3185/3185 4142/4142
f 3326/3326 4142/4142 3319/3319
f 4314/4314 4316/4316 4312/4312
f 4372/4372 4374/4374 4375/4375
f 4374/4374 4372/4372 4314/4314
f 4375/4375 4376/4376 4377/4377
f 4378/4378 4377/4377 4379/4379
f 4379/4379 4377/4377 4380/4380
f 4377/4377 4378/4378 4375/4375
f 4381/4381 4314/4314 4372/4372
f 4381/4381 4316/4316 4314/4314
f 3331/3331 3326/3326 3325/3325
f 3331/3331 4376/4376 3326/3326
f 4142/4142 3326/3326 4374/4374
f 4374/4374 4314/4314 4142/4142
f 4376/4376 4374/4374 3326/3326
f 4382/4382 4376/4376 3331/3331
f 4376/4376 4375/4375 4374/4374
f 4382/4382 3331/3331 4383/4383
f 4377/4377 4376/4376 4382/4382
f 4383/4383 3331/3331 3332/3332
f 4384/4384 4380/4380 4383/4383
f 4380/4380 4377/4377 4382/4382
f 4382/4382 4383/4383 4380/4380
f 4385/4385 4383/4383 3332/3332
f 4387/4387 4315/4315 4316/4316
f 4315/4315 4387/4387 4319/4319
f 4381/4381 4387/4387 4316/4316
f 4388/4388 4318/4318 4319/4319
f 4319/4319 4387/4387 4388/4388
f 4357/4357 4360/4360 4358/4358
f 4389/4389 4358/4358 4360/4360
f 3386/3386 3270/3270 4358/4358
f 4390/4390 3386/3386 4358/4358
f 4389/4389 4360/4360 4391/4391
f 4366/4366 4360/4360 4356/4356
f 4391/4391 4360/4360 4366/4366
f 4390/4390 4358/4358 4389/4389
f 4390/4390 4389/4389 4392/4392
f 3386/3386 3928/3928 3393/3393
f 3386/3386 4390/4390 3928/3928
f 4390/4390 4392/4392 4393/4393
f 4394/4394 4390/4390 4393/4393
f 4393/4393 4395/4395 4394/4394
f 4396/4396 4389/4389 4391/4391
f 4392/4392 4389/4389 4396/4396
f 4392/4392 4397/4397 4393/4393
f 4396/4396 4397/4397 4392/4392
f 4396/4396 4398/4398 4397/4397
f 4399/4399 4397/4397 4398/4398
f 4371/4371 4366/4366 4367/4367
f 4371/4371 4391/4391 4366/4366
f 4400/4400 4370/4370 4401/4401
f 4401/4401 4370/4370 4369/4369
f 4402/4402 4370/4370 4400/4400
f 4391/4391 4403/4403 4396/4396
f 4403/4403 4391/4391 4371/4371
f 4402/4402 4404/4404 4370/4370
f 4398/4398 4396/4396 4403/4403
f 4405/4405 4399/4399 4398/4398
f 4405/4405 4407/4407 4399/4399
f 4410/4410 4398/4398 4403/4403
f 4411/4411 4409/4409 4404/4404
f 4406/4406 4409/4409 4411/4411
f 4405/4405 4398/4398 4410/4410
f 4412/4412 4413/4413 4408/4408
f 4406/4406 4412/4412 4408/4408
f 4411/4411 4404/4404 4402/4402
f 4411/4411 4402/4402 4414/4414
f 4414/4414 4402/4402 4400/4400
f 4411/4411 4414/4414 4415/4415
f 4414/4414 4416/4416 4415/4415
f 4413/4413 4415/4415 4417/4417
f 4417/4417 4418/4418 4413/4413
f 4406/4406 4411/4411 4419/4419
f 4412/4412 4406/4406 4419/4419
f 4413/4413 4412/4412 4419/4419
f 4419/4419 4411/4411 4415/4415
f 4419/4419 4415/4415 4413/4413
f 4378/4378 3459/3459 4420/4420
f 3459/3459 4378/4378 3462/3462
f 4420/4420 4375/4375 4378/4378
f 3462/3462 4378/4378 4379/4379
f 4375/4375 4420/4420 4372/4372
f 3458/3458 4421/4421 3460/3460
f 3449/3449 3458/3458 3448/3448
f 4421/4421 3458/3458 4373/4373
f 4373/4373 3458/3458 3449/3449
f 4373/4373 3449/3449 4422/4422
f 4379/4379 4380/4380 4384/4384
f 3462/3462 4379/4379 4384/4384
f 4424/4424 4384/4384 4383/4383
f 4424/4424 4383/4383 4385/4385
f 4426/4426 3462/3462 4384/4384
f 3464/3464 3463/3463 4425/4425
f 4428/4428 4426/4426 4384/4384
f 4424/4424 4428/4428 4384/4384
f 3481/3481 4385/4385 3332/3332
f 4429/4429 4423/4423 4386/4386
f 4386/4386 3484/3484 4430/4430
f 3484/3484 4386/4386 3482/3482
f 4425/4425 4427/4427 4431/4431
f 4427/4427 4429/4429 4431/4431
f 4429/4429 4427/4427 4423/4423
f 3486/3486 3464/3464 4425/4425
f 3486/3486 4425/4425 4431/4431
f 3486/3486 4431/4431 4432/4432
f 4430/4430 4429/4429 4386/4386
f 4429/4429 4433/4433 4431/4431
f 4429/4429 4430/4430 4433/4433
f 4432/4432 4431/4431 4433/4433
f 3484/3484 3761/3761 4430/4430
f 4422/4422 3449/3449 3494/3494
f 4422/4422 3494/3494 3933/3933
f 4422/4422 4435/4435 4373/4373
f 4372/4372 4434/4434 4381/4381
f 4436/4436 4435/4435 4438/4438
f 4439/4439 4434/4434 4437/4437
f 3486/3486 4432/4432 3499/3499
f 4433/4433 4430/4430 4440/4440
f 4432/4432 4433/4433 4440/4440
f 4441/4441 4440/4440 4430/4430
f 3766/3766 3499/3499 4432/4432
f 3766/3766 4432/4432 4440/4440
f 4439/4439 4387/4387 4381/4381
f 4439/4439 4381/4381 4434/4434
f 4442/4442 4443/4443 4439/4439
f 4437/4437 4442/4442 4439/4439
f 4445/4445 4442/4442 4437/4437
f 4442/4442 4445/4445 4446/4446
f 4445/4445 4408/4408 4413/4413
f 4445/4445 4413/4413 4446/4446
f 4443/4443 4387/4387 4439/4439
f 4418/4418 4443/4443 4446/4446
f 4443/4443 4388/4388 4387/4387
f 4447/4447 4388/4388 4443/4443
f 4447/4447 4443/4443 4418/4418
f 4442/4442 4446/4446 4443/4443
f 4413/4413 4418/4418 4446/4446
f 4448/4448 4364/4364 4328/4328
f 4284/4284 4449/4449 4329/4329
f 4448/4448 4328/4328 4329/4329
f 4329/4329 4450/4450 4448/4448
f 4450/4450 4329/4329 4449/4449
f 4451/4451 4450/4450 4449/4449
f 4364/4364 4306/4306 4328/4328
f 4452/4452 4364/4364 4448/4448
f 4335/4335 4453/4453 4330/4330
f 4452/4452 4448/4448 4454/4454
f 4455/4455 4451/4451 4449/4449
f 4450/4450 4454/4454 4448/4448
f 4450/4450 4451/4451 4454/4454
f 4456/4456 4454/4454 4451/4451
f 4457/4457 4456/4456 4451/4451
f 4457/4457 4451/4451 4455/4455
f 4458/4458 4457/4457 4455/4455
f 4365/4365 4364/4364 4452/4452
f 4452/4452 4459/4459 4365/4365
f 4459/4459 4452/4452 4454/4454
f 4369/4369 4365/4365 4459/4459
f 4335/4335 4318/4318 4460/4460
f 4460/4460 4453/4453 4335/4335
f 4461/4461 4453/4453 4460/4460
f 4284/4284 4337/4337 4449/4449
f 4331/4331 4462/4462 4289/4289
f 4462/4462 4331/4331 4333/4333
f 4348/4348 4289/4289 4462/4462
f 4463/4463 4449/4449 4337/4337
f 4455/4455 4449/4449 4463/4463
f 4463/4463 4337/4337 4338/4338
f 4463/4463 4458/4458 4455/4455
f 4463/4463 4338/4338 4345/4345
f 4458/4458 4463/4463 4345/4345
f 4464/4464 4465/4465 4466/4466
f 4334/4334 4462/4462 4333/4333
f 4346/4346 4462/4462 4334/4334
f 4462/4462 4346/4346 4348/4348
f 4346/4346 4334/4334 4464/4464
f 4467/4467 4350/4350 4352/4352
f 4467/4467 4352/4352 4468/4468
f 4464/4464 4469/4469 4346/4346
f 4469/4469 4468/4468 4352/4352
f 4464/4464 4468/4468 4469/4469
f 4469/4469 4349/4349 4346/4346
f 4352/4352 4349/4349 4469/4469
f 4464/4464 4334/4334 4465/4465
f 4330/4330 4453/4453 4461/4461
f 4461/4461 4334/4334 4330/4330
f 4334/4334 4461/4461 4465/4465
f 4335/4335 4317/4317 4318/4318
f 4454/4454 4456/4456 4470/4470
f 4456/4456 4457/4457 4471/4471
f 4471/4471 4457/4457 4472/4472
f 4473/4473 4471/4471 4474/4474
f 4401/4401 4369/4369 4459/4459
f 4401/4401 4459/4459 4475/4475
f 4470/4470 4459/4459 4454/4454
f 4459/4459 4470/4470 4475/4475
f 4476/4476 4460/4460 4318/4318
f 4477/4477 4401/4401 4475/4475
f 4477/4477 4400/4400 4401/4401
f 4477/4477 4475/4475 4470/4470
f 4477/4477 4470/4470 4478/4478
f 4478/4478 4479/4479 4477/4477
f 4477/4477 4479/4479 4480/4480
f 4480/4480 4479/4479 4481/4481
f 4476/4476 4318/4318 4388/4388
f 4447/4447 4476/4476 4388/4388
f 4447/4447 4482/4482 4476/4476
f 4478/4478 4470/4470 4456/4456
f 4483/4483 4460/4460 4476/4476
f 4461/4461 4460/4460 4483/4483
f 4478/4478 4456/4456 4471/4471
f 4471/4471 4479/4479 4478/4478
f 4471/4471 4473/4473 4479/4479
f 4473/4473 4484/4484 4479/4479
f 4484/4484 4473/4473 4485/4485
f 4484/4484 4485/4485 4486/4486
f 4486/4486 4487/4487 4483/4483
f 4485/4485 4487/4487 4486/4486
f 4484/4484 4481/4481 4479/4479
f 4481/4481 4484/4484 4486/4486
f 4483/4483 4476/4476 4486/4486
f 4486/4486 4476/4476 4482/4482
f 4414/4414 4400/4400 4477/4477
f 4481/4481 4416/4416 4480/4480
f 4480/4480 4414/4414 4477/4477
f 4480/4480 4416/4416 4414/4414
f 4488/4488 4447/4447 4418/4418
f 4415/4415 4416/4416 4417/4417
f 4418/4418 4417/4417 4488/4488
f 4488/4488 4417/4417 4489/4489
f 4416/4416 4489/4489 4417/4417
f 4416/4416 4481/4481 4489/4489
f 4486/4486 4489/4489 4481/4481
f 4482/4482 4489/4489 4486/4486
f 4489/4489 4482/4482 4488/4488
f 4447/4447 4488/4488 4482/4482
f 4472/4472 4458/4458 4345/4345
f 4345/4345 4350/4350 4472/4472
f 4350/4350 4467/4467 4472/4472
f 4458/4458 4472/4472 4457/4457
f 4471/4471 4472/4472 4474/4474
f 4473/4473 4474/4474 4490/4490
f 4485/4485 4466/4466 4487/4487
f 4485/4485 4473/4473 4490/4490
f 4474/4474 4472/4472 4467/4467
f 4490/4490 4474/4474 4467/4467
f 4490/4490 4467/4467 4468/4468
f 4466/4466 4468/4468 4464/4464
f 4466/4466 4490/4490 4468/4468
f 4466/4466 4485/4485 4490/4490
f 4465/4465 4461/4461 4487/4487
f 4483/4483 4487/4487 4461/4461
f 4465/4465 4487/4487 4466/4466
f 2291/2291 2293/2293 1295/1295
f 2291/2291 1295/1295 3034/3034
f 4491/4491 2291/2291 3034/3034
f 4491/4491 2292/2292 2291/2291
f 1297/1297 2346/2346 3036/3036
f 2347/2347 3036/3036 2346/2346
f 2348/2348 3036/3036 2347/2347
f 4492/4492 4491/4491 3034/3034
f 4492/4492 3034/3034 3039/3039
f 4264/4264 4491/4491 4492/4492
f 3035/3035 3036/3036 4493/4493
f 4494/4494 4493/4493 3036/3036
f 4491/4491 4264/4264 2292/2292
f 3036/3036 2348/2348 4494/4494
f 4494/4494 2348/2348 4495/4495
f 4495/4495 2348/2348 4496/4496
f 2348/2348 2349/2349 4496/4496
f 2349/2349 2296/2296 4496/4496
f 2349/2349 2295/2295 2296/2296
f 4497/4497 4496/4496 2296/2296
f 2296/2296 4271/4271 4497/4497
f 3065/3065 4492/4492 3039/3039
f 3065/3065 3039/3039 3060/3060
f 4498/4498 4264/4264 4492/4492
f 4498/4498 4265/4265 4264/4264
f 3065/3065 4498/4498 4492/4492
f 4499/4499 4498/4498 3065/3065
f 4499/4499 4265/4265 4498/4498
f 4500/4500 4265/4265 4499/4499
f 4272/4272 4265/4265 4274/4274
f 4500/4500 4274/4274 4265/4265
f 4501/4501 4499/4499 3065/3065
f 4501/4501 3065/3065 3061/3061
f 4502/4502 3066/3066 3067/3067
f 4503/4503 4501/4501 3061/3061
f 3066/3066 4503/4503 3061/3061
f 4504/4504 4499/4499 4501/4501
f 4503/4503 4504/4504 4501/4501
f 4505/4505 4506/4506 4507/4507
f 4508/4508 4500/4500 4499/4499
f 4504/4504 4508/4508 4499/4499
f 4507/4507 4494/4494 4495/4495
f 4495/4495 4509/4509 4507/4507
f 3076/3076 3035/3035 4493/4493
f 4494/4494 3076/3076 4493/4493
f 3078/3078 3075/3075 3076/3076
f 4502/4502 3079/3079 3078/3078
f 4502/4502 3067/3067 3079/3079
f 3078/3078 3076/3076 4506/4506
f 4494/4494 4507/4507 3076/3076
f 4506/4506 3076/3076 4507/4507
f 4502/4502 3078/3078 4510/4510
f 3078/3078 4506/4506 4510/4510
f 4511/4511 4496/4496 4497/4497
f 4495/4495 4496/4496 4509/4509
f 4496/4496 4511/4511 4509/4509
f 4512/4512 4497/4497 4271/4271
f 4512/4512 4511/4511 4497/4497
f 4500/4500 4281/4281 4274/4274
f 4281/4281 4500/4500 4508/4508
f 4283/4283 4281/4281 4513/4513
f 4514/4514 4509/4509 4511/4511
f 4512/4512 4515/4515 4511/4511
f 4271/4271 4287/4287 4512/4512
f 4271/4271 4288/4288 4287/4287
f 4516/4516 4503/4503 3066/3066
f 4516/4516 3066/3066 4502/4502
f 4517/4517 4516/4516 4502/4502
f 4517/4517 4502/4502 4510/4510
f 4505/4505 4510/4510 4506/4506
f 4513/4513 4281/4281 4508/4508
f 4518/4518 4513/4513 4508/4508
f 4519/4519 4513/4513 4518/4518
f 4516/4516 4504/4504 4503/4503
f 4518/4518 4504/4504 4516/4516
f 4508/4508 4504/4504 4518/4518
f 4520/4520 4518/4518 4516/4516
f 4516/4516 4517/4517 4520/4520
f 4521/4521 4505/4505 4507/4507
f 4505/4505 4517/4517 4510/4510
f 4521/4521 4507/4507 4509/4509
f 4514/4514 4521/4521 4509/4509
f 4514/4514 4505/4505 4521/4521
f 4505/4505 4514/4514 4522/4522
f 4505/4505 4523/4523 4517/4517
f 4519/4519 4518/4518 4520/4520
f 4340/4340 4283/4283 4513/4513
f 4512/4512 4287/4287 4515/4515
f 4524/4524 4513/4513 4519/4519
f 4524/4524 4519/4519 4520/4520
f 4517/4517 4525/4525 4520/4520
f 4525/4525 4517/4517 4523/4523
f 4342/4342 4513/4513 4524/4524
f 4342/4342 4340/4340 4513/4513
f 4526/4526 4515/4515 4287/4287
f 4525/4525 4524/4524 4520/4520
f 4522/4522 4527/4527 4523/4523
f 4526/4526 4527/4527 4522/4522
f 4515/4515 4514/4514 4511/4511
f 4523/4523 4505/4505 4522/4522
f 4522/4522 4514/4514 4515/4515
f 4522/4522 4515/4515 4526/4526
f 4289/4289 4528/4528 4287/4287
f 4528/4528 4526/4526 4287/4287
f 4525/4525 4353/4353 4342/4342
f 4524/4524 4525/4525 4342/4342
f 4353/4353 4525/4525 4529/4529
f 4529/4529 4525/4525 4523/4523
f 4529/4529 4523/4523 4527/4527
f 4342/4342 4353/4353 4343/4343
f 4526/4526 4528/4528 4347/4347
f 4527/4527 4526/4526 4347/4347
f 4529/4529 4527/4527 4347/4347
f 4529/4529 4352/4352 4353/4353
f 4528/4528 4289/4289 4348/4348
f 4347/4347 4528/4528 4348/4348
f 4529/4529 4349/4349 4352/4352
f 4349/4349 4529/4529 4347/4347
f 1944/1944 2353/2353 1942/1942
f 2353/2353 2320/2320 2352/2352
f 4441/4441 4430/4430 3761/3761
f 3768/3768 4440/4440 4441/4441
f 4530/4530 4441/4441 3761/3761
f 3766/3766 4440/4440 3768/3768
f 3501/3501 3499/3499 3766/3766
f 4441/4441 4530/4530 3768/3768
f 4530/4530 3761/3761 3770/3770
f 3772/3772 4530/4530 3770/3770
f 3768/3768 4530/4530 3769/3769
f 3772/3772 3769/3769 4530/4530
f 4390/4390 4395/4395 3928/3928
f 3928/3928 4395/4395 3929/3929
f 4394/4394 4395/4395 4390/4390
f 4531/4531 4395/4395 4393/4393
f 4531/4531 3929/3929 4395/4395
f 3929/3929 4531/4531 3938/3938
f 4531/4531 4393/4393 4397/4397
f 3938/3938 4531/4531 4532/4532
f 3938/3938 4532/4532 4533/4533
f 4532/4532 4531/4531 4399/4399
f 4533/4533 4534/4534 4535/4535
f 4535/4535 3933/3933 3932/3932
f 4536/4536 4535/4535 3932/3932
f 4536/4536 3932/3932 3937/3937
f 4536/4536 3937/3937 3939/3939
f 4536/4536 3939/3939 4533/4533
f 4533/4533 3939/3939 3938/3938
f 4536/4536 4533/4533 4535/4535
f 4531/4531 4397/4397 4399/4399
f 4532/4532 4399/4399 4407/4407
f 4533/4533 4532/4532 4407/4407
f 4537/4537 4422/4422 3933/3933
f 4535/4535 4537/4537 3933/3933
f 4422/4422 4537/4537 4438/4438
f 4435/4435 4422/4422 4438/4438
f 4535/4535 4438/4438 4537/4537
f 4438/4438 4535/4535 4534/4534
f 4534/4534 4436/4436 4438/4438
f 4436/4436 4534/4534 4444/4444
f 4444/4444 4534/4534 4533/4533
f 4407/4407 4444/4444 4533/4533
f 2399/2399 2396/2396 2395/2395
f 2400/2400 2399/2399 4269/4269
f 2400/2400 2447/2447 2401/2401
f 2400/2400 4268/4268 2447/2447
f 2400/2400 4269/4269 4268/4268
f 4300/4300 4298/4298 2426/2426
f 4129/4129 1997/1997 4538/4538
f 4539/4539 2433/2433 2434/2434
f 4538/4538 2433/2433 4539/4539
f 2434/2434 2433/2433 2432/2432
f 4540/4540 4538/4538 4539/4539
f 4539/4539 2434/2434 4541/4541
f 2429/2429 2433/2433 1998/1998
f 2433/2433 4538/4538 1998/1998
f 1998/1998 4538/4538 1997/1997
f 4538/4538 4540/4540 4129/4129
f 4129/4129 4540/4540 4134/4134
f 4296/4296 4539/4539 4541/4541
f 4299/4299 4541/4541 2435/2435
f 2434/2434 2435/2435 4541/4541
f 4299/4299 2435/2435 2427/2427
f 4539/4539 4296/4296 4542/4542
f 4296/4296 4541/4541 4299/4299
f 4307/4307 4297/4297 4295/4295
f 4302/4302 4297/4297 4307/4307
f 4131/4131 4129/4129 4134/4134
f 4134/4134 4540/4540 4304/4304
f 4539/4539 4542/4542 4540/4540
f 4304/4304 4540/4540 4303/4303
f 4303/4303 4540/4540 4542/4542
f 4313/4313 4134/4134 4304/4304
f 4296/4296 4303/4303 4542/4542
f 4321/4321 2448/2448 4322/4322
f 4322/4322 2445/2445 2447/2447
f 4322/4322 2448/2448 2445/2445
f 2448/2448 2425/2425 2446/2446
f 4321/4321 2425/2425 2448/2448
f 4300/4300 2426/2426 2425/2425
f 4305/4305 4303/4303 4301/4301
f 4301/4301 4309/4309 4305/4305

