# https://github.com/mikedh/trimesh
v -0.64099544 -0.23978874 0.41208050
v 0.38960385 0.14364694 -0.08070519
v 0.18300299 -0.31029463 -0.30046421
v 0.67005122 0.18074417 0.26278338
v -0.25665501 0.52009702 0.41670200
v -0.58749169 0.37122822 0.38207063
v 0.04395950 -0.47604308 0.42160514
v -0.67342818 0.13783307 0.41026887
v 0.68837070 0.19064942 0.11555994
v -0.28373682 -0.41424543 -0.21737373
v -0.60975230 -0.26988700 0.41059017
v 0.34607223 0.00026720 -0.25050279
v -0.52833468 -0.40328994 0.41007382
v 0.43480101 -0.03075128 0.32187214
v -0.12486573 0.51495337 0.41621280
v 0.51601982 0.18345590 0.30811343
v 0.14100540 0.24027640 -0.26332122
v 0.31128356 0.16230103 0.41606843
v -0.13795753 0.28069696 -0.30450469
v 0.26396739 -0.30024642 0.42135090
v -0.59887606 -0.21046883 0.05112022
v -0.56547922 -0.35152474 0.41206041
v -0.58415997 0.00368737 -0.24342628
v -0.53874123 -0.41351369 0.38405719
v 0.02774019 0.49413693 0.41599286
v 0.29397506 0.21106344 0.41450351
v -0.62767780 0.30043265 0.40842530
v -0.65034825 0.00061262 0.25575089
v -0.04333546 -0.26350895 -0.41648012
v 0.40820760 0.12457852 -0.09930470
v 0.18703525 -0.42607662 0.39409599
v -0.10172690 -0.27677178 -0.41511005
v 0.43760279 -0.02502186 -0.11114221
v 0.06962932 0.48273644 0.41072720
v 0.22360867 0.37379774 0.40685174
v 0.34398684 0.11775885 0.42241004
v 0.64309096 0.17899120 -0.01168321
v -0.49655458 0.32231268 0.10202583
v 0.40726298 -0.00948384 -0.11343542
v 0.39946991 0.08045723 0.33462512
v 0.38780263 -0.04842072 -0.12955143
v 0.35862964 -0.01485890 0.42063633
v -0.68784165 0.19941877 0.39993843
v -0.08102208 0.49991468 0.41800016
v 0.08790758 -0.46145988 0.42029825
v 0.06554351 -0.45581186 0.41802740
v 0.50233692 -0.04418030 0.29088894
v -0.49113894 -0.43146822 0.40839201
v 0.07402213 0.20638084 -0.40793061
v 0.01339817 0.45579240 0.41270024
v 0.68449956 0.18970138 0.09470555
v 0.62994558 -0.02972095 -0.02318937
v -0.66833496 0.19640563 0.40979552
v -0.28648651 0.52867377 0.41421518
v -0.11051032 -0.50275528 0.40814269
v 0.25981224 0.19710022 0.21949868
v 0.17054670 -0.36131912 0.41096324
v -0.70346403 -0.12473450 0.40719208
v -0.45294014 -0.46519259 0.40121633
v -0.68608952 0.16931251 0.41107059
v 0.57128280 -0.03703920 -0.05136387
v -0.08531630 0.42520744 -0.33024731
v -0.42614731 0.42468390 0.38809687
v 0.32934231 -0.19164059 0.41982281
v 0.21122077 0.16036148 -0.24354859
v 0.58584154 0.18924025 -0.03682028
v 0.41007397 -0.03181019 0.31562895
v -0.64574820 -0.19767593 0.40161175
v -0.67380661 -0.13903080 0.41130254
v 0.54356974 -0.03693625 -0.06068540
v 0.39402232 0.15405421 -0.10001574
v -0.53377640 -0.23050998 -0.22424114
v -0.27881575 -0.53696209 0.40031549
v 0.36807731 0.13105865 0.40602991
v 0.70814317 0.05966247 0.26778316
v -0.56902921 0.36367938 0.41244850
v 0.39629999 0.11261475 0.33411193
v 0.39565623 -0.04252712 0.32984427
v 0.37937564 0.05154110 0.41254884
v 0.25601339 0.27889353 0.42082214
v 0.21501641 0.25777620 0.31180277
v -0.70331752 0.17511806 0.38150707
v 0.05529826 0.50685024 0.26393184
v -0.46315205 0.37201267 0.12341757
v 0.23392777 0.07856753 -0.22989053
v 0.09592699 -0.17927808 -0.40905565
v 0.59983408 0.19198665 -0.01678012
v 0.58576024 0.14821123 0.24138226
v 0.34400088 -0.16205168 0.41900036
v -0.12497315 0.49482906 0.39925310
v 0.63240224 -0.03221796 -0.00352936
v 0.37828538 -0.06606077 0.41479826
v -0.61904269 0.00437290 -0.18462002
v -0.41845664 0.48049554 0.41236687
v 0.15347850 0.36589718 0.40839383
v -0.56369507 0.19442327 -0.21181598
v -0.64821845 0.19234368 0.40133470
v 0.61643422 0.03602836 0.10582224
v -0.68851447 0.18375005 0.40735525
v -0.19003519 -0.49697480 0.40276420
v 0.70742840 0.13575195 0.07946431
v -0.09553134 -0.54332393 0.41188002
v -0.50258934 -0.19067287 -0.27349296
v -0.15407251 0.55885512 0.16426504
v 0.39148277 0.15331297 0.32525277
v -0.39804468 -0.02132785 -0.39666045
v -0.34267345 0.46922886 0.39967698
v 0.27548721 -0.23762167 0.39437696
v 0.58938587 0.17659491 0.03161297
v -0.64921063 -0.25322565 0.40740675
v 0.56332350 0.02077897 0.01921326
v 0.27073100 0.27105299 0.42168501
v 0.42796624 -0.04931369 0.30296078
v 0.35964811 0.15418279 0.40982771
v 0.33971065 -0.02976028 0.41298476
v -0.56303734 0.33557415 0.41111436
v 0.41017184 -0.03712130 -0.13948093
v 0.44575629 0.17687613 0.30187303
v -0.63113797 0.22484310 0.39958555
v 0.16296032 -0.39504951 -0.23949589
v 0.33392718 -0.21257390 0.41672373
v -0.41777453 -0.45816368 0.41414103
v 0.40120712 0.13273127 0.32337990
v -0.66897219 -0.22650135 0.40029821
v 0.38670567 -0.04358165 0.40001932
v 0.60188472 0.15887527 0.22749445
v -0.45270562 -0.38085639 0.07267798
v 0.37684539 0.06615017 0.41310290
v 0.51871163 0.12479474 0.24840756
v -0.00574069 0.51347679 0.41210237
v 0.35396656 -0.04684007 0.41822395
v -0.63474798 -0.06887368 -0.05151109
v -0.31570935 0.52294409 0.41014650
v -0.55651081 0.40798968 0.30391705
v -0.36665145 -0.51079333 0.39961457
v 0.24301597 0.18779488 -0.17725423
v 0.06583703 -0.48171350 0.41875297
v -0.01254572 -0.50096101 0.42221466
v -0.46755725 -0.40230432 0.39541644
v -0.34443247 -0.48772073 0.41505024
v -0.68437958 0.00731848 0.39581448
v 0.40358001 0.09525800 0.33105600
v -0.55240870 -0.39102465 0.40041733
v 0.21213201 0.35895100 0.42075101
v 0.38038644 0.17158453 0.33291304
v 0.03633710 0.47614801 0.42099601
v 0.09895258 0.16011037 -0.41184103
v 0.36561933 0.15961958 -0.22155042
v 0.27799943 -0.31764454 0.41333261
v -0.34558383 -0.51304907 0.41091561
v -0.58068490 -0.21292722 -0.11214692
v 0.14578444 -0.41740167 0.41950029
v -0.49941808 -0.26462102 -0.22143959
v -0.51358491 0.41992569 0.41035295
v -0.54304618 0.38984996 0.41187191
v 0.63801730 0.13983710 0.32838809
v 0.19284350 -0.33943924 0.41099820
v 0.50334090 0.17720889 -0.07192294
v -0.03799176 0.35708785 -0.26980484
v -0.53327721 0.36459726 0.41128638
v 0.28368530 0.05243956 -0.13820246
v 0.12087400 -0.26033121 -0.36022401
v 0.38543493 -0.06246202 -0.17538002
v 0.19748300 -0.38817900 0.41943300
v 0.20179962 0.24798141 -0.31912079
v -0.32992333 0.51116663 0.41458437
v -0.58333731 0.35100478 0.41154385
v 0.02760555 0.42742017 0.36183736
v -0.30902103 -0.48050180 0.39312786
v -0.11020209 0.49783212 0.41011247
v -0.68203306 -0.16814303 0.41093504
v -0.60622281 -0.25444624 0.40144619
v 0.08055257 0.46666768 0.41784826
v -0.66639996 0.16388187 0.40946355
v -0.71588135 0.08111241 0.40712467
v -0.49783421 -0.36865729 0.39565521
v -0.21967596 -0.46475670 0.29833695
v -0.47743374 -0.43103895 0.40878105
v -0.15386680 0.54238313 0.41039971
v 0.67514199 -0.03174705 0.23094758
v 0.67992872 0.11135740 0.29937041
v 0.57036507 -0.02782364 -0.10128970
v -0.11642855 -0.23301329 -0.32221439
v -0.46058300 -0.43333501 0.40789601
v -0.68149567 0.10246777 0.41012150
v -0.17607413 0.54293430 0.41077992
v -0.41097564 0.22270568 -0.30413029
v -0.72618324 0.02883587 0.39620867
v -0.33895794 0.40048605 -0.21624893
v -0.47486401 -0.02048888 -0.31225568
v 0.41682631 -0.07063917 0.23447500
v -0.10126672 -0.48507503 0.38109452
v -0.51774025 -0.35508412 0.40202194
v 0.56370580 0.18743658 -0.05802977
v -0.62377441 -0.28556490 0.41153404
v -0.47588819 -0.31428763 -0.18996336
v -0.48921275 -0.41613957 0.41128564
v -0.57621223 0.35904697 -0.16338475
v 0.41675603 -0.07055984 0.26328811
v 0.30490071 0.11539978 0.39860559
v -0.43228295 0.44001088 0.41056544
v -0.22868088 0.55419558 0.25806600
v -0.31072819 -0.53868425 0.29065549
v -0.61639261 0.19158275 0.30729136
v 0.15353400 0.40290001 0.41949800
v 0.17282234 0.26066691 -0.20915274
v 0.37339252 -0.11674121 0.40975016
v -0.45190117 -0.37823638 0.16864555
v 0.39511296 -0.00736219 0.34297222
v 0.38239783 -0.07334146 -0.09899759
v -0.48982179 -0.19666533 -0.37000018
v 0.31468001 -0.22703400 0.41874599
v -0.04441959 -0.50534678 0.42085728
v 0.64571738 0.19301778 0.01978498
v 0.32598743 -0.15949270 0.41807422
v 0.32978222 -0.17934361 -0.21164455
v -0.43447459 0.14633602 -0.41926339
v 0.40141234 0.15541996 -0.11089954
v -0.31490114 -0.49842501 0.41355753
v 0.47418660 0.17800024 -0.10065968
v -0.39672351 0.51346773 0.19437167
v -0.51573664 -0.33893496 0.38124347
v 0.37933192 -0.07989261 0.41260681
v 0.30555078 0.29362059 -0.05364206
v -0.69897789 0.11965797 0.41090983
v 0.42882589 0.16732454 0.30746821
v 0.31270564 0.26001486 0.40651041
v -0.29711822 0.32387820 -0.30246291
v 0.59566104 0.04493183 0.22792806
v 0.70315439 0.01401021 0.05074038
v -0.70188099 0.09883896 0.41124448
v 0.51528853 0.18285869 -0.09018854
v -0.63145357 -0.20673069 0.38588062
v -0.21266578 0.48283514 0.38263479
v -0.63577062 -0.22135995 0.40171543
v -0.73115957 0.06001007 0.08547719
v -0.56363994 0.40259594 0.21874182
v 0.47939658 0.17678545 0.31948906
v -0.32993945 -0.50915152 0.41484383
v 0.13589606 0.46256426 0.26713213
v -0.39563137 -0.43848884 0.38481757
v -0.31229439 -0.45558745 -0.04228117
v -0.72968507 0.05591736 0.37257904
v -0.20929845 -0.55797416 0.11475506
v -0.66071522 -0.26334459 0.38098416
v -0.52862424 0.40548709 0.41123590
v 0.54897881 0.18577962 -0.05855911
v -0.60539848 0.18601091 0.04955165
v 0.05085259 -0.45706844 0.41633064
v -0.35930011 -0.49533081 0.41552845
v -0.47601223 0.46629882 0.37778950
v 0.37740684 0.03670893 0.41490713
v -0.70460278 -0.00723075 0.41000873
v 0.25393504 0.34770548 0.39476395
v 0.57843232 0.18635771 -0.05775467
v 0.24910790 -0.31486455 0.42136323
v -0.36062720 -0.47156271 0.41095081
v -0.56866044 -0.38572183 0.38364780
v -0.33663124 -0.46769324 0.38881049
v 0.43639708 0.00488254 0.33574212
v -0.22750300 0.53916591 0.41061583
v -0.40282539 -0.45863575 0.41267610
v 0.11729740 -0.44678190 0.41750944
v -0.48659495 0.14593342 -0.30141079
v 0.09481787 -0.44210055 0.41667792
v -0.70532137 -0.16550168 0.37762347
v 0.60418725 0.02338346 0.35217354
v -0.42337781 -0.06652918 -0.41534457
v -0.58548379 -0.36824194 0.38383120
v 0.31468001 0.21245500 0.41985101
v 0.39545229 0.09521779 0.33985031
v -0.24206252 0.52696985 0.41661495
v 0.25615931 0.30749243 0.42145851
v -0.44971690 -0.43508214 0.40882602
v -0.12455221 -0.15507035 -0.38564861
v -0.45650592 -0.47166991 0.38449028
v -0.10235050 -0.52002555 0.41758752
v -0.18353903 -0.54525566 0.41278037
v 0.24949373 -0.26679456 0.39572015
v -0.66333228 0.26460180 0.38396350
v 0.38756663 0.02925343 0.39769849
v -0.26252681 -0.43134040 -0.32397455
v 0.26628518 0.17420375 -0.12960038
v 0.62754428 -0.00789515 0.33154607
v 0.42069426 0.17417316 0.29441765
v 0.56878859 -0.03919401 0.29498464
v -0.09823702 -0.55337512 0.26740226
v -0.38165268 -0.18796466 -0.42183656
v 0.62116718 -0.03045947 0.23470688
v -0.42776448 0.46474329 0.41483235
v 0.28538099 -0.27098200 0.41961199
v 0.22612469 -0.39177752 0.39174131
v 0.10996537 -0.42788309 0.41141480
v -0.61302841 0.32005367 0.40947998
v 0.67265016 0.19134940 0.23490727
v -0.39057302 0.41552055 -0.04390884
v -0.11844408 0.52122319 -0.22234771
v -0.44818664 0.39511129 0.32974380
v 0.59753889 0.14211327 0.08200628
v -0.27138531 0.52626985 0.41551408
v -0.35051304 0.48837802 0.41564083
v 0.40849558 0.07592676 0.13755482
v -0.14743118 0.48698488 0.37913013
v -0.38838726 -0.46183512 0.41134518
v -0.16873525 0.51459509 0.41721860
v 0.67830628 0.19542873 0.14220339
v 0.35862836 0.04404334 0.42183948
v 0.65482587 0.19520651 0.05668193
v -0.71874136 -0.02419644 0.40612912
v 0.02584545 -0.33533031 -0.36169028
v 0.59497017 -0.01318415 0.25277612
v 0.17489479 -0.41880265 0.41712955
v -0.37267351 -0.51518768 0.35883933
v -0.70920312 0.11790494 0.40331769
v -0.69897670 0.02906646 0.40997714
v -0.71447331 0.05136634 0.40840816
v 0.69032538 0.15923019 0.25161162
v 0.45292488 0.01059356 -0.20654678
v -0.06610523 -0.11940708 -0.39429393
v 0.40619794 0.08047385 -0.08953400
v 0.18283300 -0.40282899 0.41955501
v 0.28210980 -0.14547986 0.30002856
v 0.57681131 0.06030141 0.23429689
v 0.39991871 0.17132433 0.29715407
v -0.41945115 -0.49336386 0.37685665
v -0.55775422 -0.14214373 -0.23197395
v 0.63810736 0.18428487 0.14038907
v -0.17580587 0.55299950 0.35009867
v 0.43962437 -0.05269198 -0.16196479
v 0.11557800 -0.48190546 0.28050306
v -0.00088487 0.49083102 0.42143038
v -0.55820620 -0.29996082 0.39556915
v 0.48615718 0.16357622 0.26873788
v 0.18547484 0.22043583 -0.23506732
v -0.13163169 -0.51577723 0.41456592
v 0.35863003 -0.07399974 0.41849366
v -0.49870494 -0.40227604 0.41139269
v 0.49622658 0.07401706 0.24669307
v -0.11345455 0.48318759 0.37599704
v 0.13771893 -0.44926807 0.41431355
v -0.61156374 -0.30097711 0.41188705
v 0.38756445 0.13623545 0.07168575
v -0.53334862 0.33776978 0.39793530
v 0.29668733 -0.24158601 0.41590101
v 0.18283300 0.35895100 0.41851300
v 0.11362743 0.39828718 0.39204681
v -0.44880840 -0.44685623 0.41116044
v -0.65615267 -0.09914500 0.38572833
v 0.21972221 0.27802584 0.39565885
v -0.37897956 -0.30730993 -0.28236705
v 0.58603805 -0.02899786 -0.08254264
v 0.46667984 0.17443019 -0.14799671
v 0.61590123 -0.03583297 0.28548577
v -0.65774262 0.15583827 -0.24547844
v 0.54319406 0.14166085 -0.13490839
v 0.12984511 0.40081722 0.41209996
v 0.63296551 -0.01695835 0.08700901
v 0.09129143 -0.42544097 0.39632472
v 0.62417102 -0.02521031 -0.04183650
v 0.62105936 0.07314525 0.12825458
v 0.29577357 0.29901063 0.38018191
v 0.30657256 0.29002070 0.29143032
v 0.65615368 -0.03059230 0.28205046
v -0.33196783 0.52796042 0.39651477
v -0.46269977 0.42928219 0.41122049
v 0.29196739 0.27076131 0.41839576
v 0.31468001 0.19780500 0.41931301
v -0.02956061 0.46940425 0.41071177
v -0.69003290 -0.20587334 0.37925729
v 0.55868822 0.18247767 0.32928711
v 0.24288245 -0.35112393 0.41629913
v 0.40767249 0.13609800 -0.10515992
v -0.05776291 0.53780019 0.37646464
v -0.18864848 0.51629764 0.41771960
v 0.16744240 0.38304964 -0.24810818
v -0.18315110 -0.42749798 -0.21990816
v -0.22277518 -0.55031836 0.37124315
v -0.43613052 -0.46437731 0.41284409
v -0.54094547 -0.35781589 0.41209024
v -0.31523353 0.50082850 0.41445234
v 0.66058266 -0.03097397 0.05104413
v -0.65932864 -0.12246017 0.40019739
v 0.65975302 -0.02821226 0.02188759
v 0.24975669 -0.00714325 -0.22925331
v 0.39253083 -0.05786649 0.36904263
v -0.61130422 -0.33003527 0.39636236
v 0.34699765 -0.18914165 0.41484982
v -0.27142724 -0.52629030 0.41553527
v 0.02951529 -0.45628759 0.41174001
v 0.43497187 0.13271362 -0.08791914
v -0.16876809 -0.54309082 0.41415027
v 0.12559894 -0.46464345 0.40714380
v -0.52141386 -0.42804807 0.38263613
v 0.22678199 0.31500199 0.42063800
v 0.63785833 0.19142206 0.27844188
v 0.66048491 -0.03023147 0.03631227
v -0.52344799 0.43226695 0.38187340
v 0.35537100 -0.11563585 0.41959330
v 0.48085806 0.05132946 0.23933205
v 0.62759644 0.17235054 0.14593288
v 0.06766447 0.34233028 -0.24137835
v 0.37530306 -0.13877118 -0.03668005
v -0.37375516 -0.47339937 0.41414976
v 0.21862403 -0.32843950 0.41746506
v 0.19880882 -0.40824813 0.41010231
v 0.57163823 -0.03738298 -0.06613009
v 0.64904511 0.19236636 0.13082288
v -0.25710216 -0.29587334 -0.41755992
v 0.11806499 0.36356172 0.24631698
v 0.58855391 -0.03587218 0.31898546
v 0.35195377 0.20358685 -0.05261558
v 0.15171580 0.30089530 -0.19036518
v 0.12256147 -0.27796760 -0.25158033
v 0.32932901 0.18315600 0.42167199
v 0.49916255 0.15008274 0.26113242
v -0.25612831 0.42583403 -0.21184418
v -0.20466161 -0.51751715 0.41701999
v 0.64824003 0.17759979 0.29471585
v -0.65474832 -0.21040666 0.40794662
v 0.65760857 0.19678964 0.19446909
v -0.12512283 -0.47035718 0.26370835
v -0.13927695 -0.54227829 0.41412008
v -0.45921922 0.36533383 -0.09431930
v -0.64008796 -0.13441369 0.36235985
v 0.71735942 -0.01086862 0.15889783
v -0.02926333 0.52572608 0.39992377
v 0.39901346 0.05316255 -0.07576238
v -0.60366940 -0.28469464 0.41176736
v 0.50510782 -0.04347355 0.32352686
v -0.46349406 0.20447178 -0.29414707
v 0.70232970 -0.02245756 0.13089281
v 0.05295414 -0.49779066 0.41357833
v 0.18283300 0.38824999 0.42013499
v 0.63890481 0.18653280 0.11575776
v 0.63696605 0.19508046 0.04368265
v -0.47810933 0.43310881 0.41087267
v 0.62555814 0.19157815 0.21476685
v 0.47919673 -0.03086923 0.25616479
v 0.29468161 -0.06463844 -0.14901596
v 0.34761539 0.20909755 0.35803658
v 0.40621659 0.06599598 -0.08993242
v 0.08581294 -0.48084107 0.41385832
v -0.40018985 -0.49796084 0.39664087
v 0.11352376 -0.08175973 -0.41315374
v -0.65219498 0.21245500 0.40467501
v 0.30542547 -0.25639504 0.41689274
v -0.71192580 -0.06609320 0.40897432
v 0.44029102 0.17172700 -0.16032209
v -0.65843916 -0.24279292 0.40361613
v 0.41847387 0.17193736 0.22661702
v 0.64546990 0.19569677 0.23539038
v 0.48336807 -0.03306644 -0.17299806
v -0.60196733 0.25501737 0.39736113
v 0.35037017 0.08061647 0.42276210
v -0.09551083 0.52465957 0.41752803
v 0.02164773 -0.48368555 0.42224577
v -0.30883449 -0.45871252 0.31426725
v 0.43592605 -0.00931797 0.17498194
v 0.36648199 -0.14007005 0.41470042
v 0.10769203 0.22763824 -0.27728140
v -0.13941902 0.51531070 0.41642004
v 0.37705433 -0.05129384 0.41500539
v -0.34500122 0.51293945 0.41389352
v -0.41784650 -0.34071258 -0.22079040
v -0.54995179 -0.26971167 0.27893183
v -0.46802679 0.45323902 0.41074061
v -0.68319511 0.05511310 -0.23976246
v 0.46914786 -0.04666932 -0.11811440
v 0.26902893 -0.33341071 0.40909171
v 0.67354226 -0.02705719 0.13109636
v -0.58686942 -0.29904914 0.41163996
v -0.66431010 0.08766346 0.39452407
v 0.61364734 -0.01413636 0.06153859
v 0.49087760 -0.03706049 0.27431771
v -0.46058300 -0.44572499 0.40695801
v -0.50476116 -0.42035329 0.41073385
v -0.08039125 -0.53994656 0.41183931
v 0.00720607 0.50642133 0.41263893
v -0.64269167 0.27103499 0.40904191
v 0.53452361 0.17634884 -0.04452868
v -0.55266190 -0.40242177 0.37851763
v -0.26427054 0.50114489 0.41453198
v -0.21074873 0.41983706 -0.22890162
v 0.39619267 0.08371952 0.11154906
v -0.70461023 -0.03633489 0.41319686
v 0.29559657 -0.31679276 0.00369212
v -0.53764069 -0.31459925 0.38261002
v 0.13148409 0.18539086 -0.28659570
v 0.36140186 -0.13644488 -0.15825891
v -0.52158928 -0.41573840 0.40524805
v 0.04955585 -0.18171304 -0.30917174
v 0.15353400 0.41755000 0.41744700
v 0.24419618 -0.23904143 0.27354541
v 0.47704703 0.07321284 0.23345351
v -0.03376252 0.41280901 -0.18963431
v 0.42923400 0.16676551 -0.11855207
v 0.34431890 0.18530202 -0.21224470
v 0.08615574 -0.29548237 -0.25864682
v 0.34601644 0.18331432 0.41350186
v 0.46185717 0.17868286 0.27592599
v -0.65548557 0.00113528 0.29206437
v 0.36421067 0.11002749 0.41636506
v 0.63470548 -0.03156505 0.03037775
v 0.10534381 0.37999129 0.15278465
v 0.52150857 -0.02063590 -0.05249695
v 0.18910499 0.32706898 0.41089913
v 0.65930700 0.19091778 0.03578186
v 0.07136778 0.42430088 0.39737788
v -0.20599465 0.49813721 0.41043082
v 0.48296395 -0.04692143 0.30519012
v -0.20677815 -0.55677658 0.24429366
v -0.27129489 -0.50321436 0.41272375
v 0.43730620 0.00364625 -0.09226921
v -0.50776082 0.05868202 -0.30226550
v 0.41243905 -0.05550852 -0.17681724
v -0.68721443 0.08049022 0.41066438
v -0.49279863 0.42186472 0.41159260
v -0.06014965 -0.46260968 -0.29276484
v -0.11065259 -0.55632627 0.02313367
v 0.60005558 -0.03447690 -0.03678037
v 0.48590070 0.13273579 0.25066510
v 0.20421751 0.30937880 0.41063082
v -0.60347414 0.19105056 -0.04398688
v -0.24713701 0.46124244 -0.30360469
v -0.44158974 0.48236915 0.39940661
v 0.01625775 0.47612977 0.42100185
v 0.30002999 0.22710501 0.42050400
v -0.70431358 0.00843221 0.40946880
v -0.63066715 -0.27204186 0.41195992
v 0.05057878 -0.18713653 -0.41386828
v 0.50211036 0.17331389 0.27849516
v -0.61597627 0.23946695 0.39817789
v -0.25605467 -0.54296631 0.39704135
v 0.64808100 0.19464250 0.09963952
v 0.59914094 0.06379601 0.22166608
v -0.07331640 -0.48250422 0.39988890
v 0.67492813 0.18232802 0.04866565
v 0.40910360 -0.05040424 0.31180605
v 0.32250530 -0.25970784 0.39954573
v 0.11489297 0.46560499 0.39512920
v -0.55240381 -0.37334016 0.41124445
v 0.25707603 0.23017086 0.38438794
v 0.00716852 0.25355804 -0.41494474
v -0.56829739 -0.37136033 0.40424868
v -0.49671397 0.44015756 0.40287936
v -0.25677034 -0.52749318 0.41626531
v 0.27665451 0.32540861 0.38073188
v 0.12423500 -0.43212801 0.41691101
v -0.71069962 0.16352585 0.27341935
v 0.48862639 0.17782022 -0.08691111
v -0.40274999 -0.28571466 -0.28220370
v 0.09555078 0.46725217 0.41274410
v -0.43327010 -0.44147411 0.41125545
v 0.46125349 -0.04993814 -0.14699459
v -0.08047128 0.42704692 -0.20684829
v -0.67787588 -0.09119341 0.40796486
v 0.23280393 -0.39086539 -0.04027665
v 0.14193480 0.00915132 -0.41287568
v 0.64937544 -0.01577975 0.11650415
v 0.39806888 0.02927781 -0.07775495
v -0.06357332 -0.05215068 -0.38571751
v -0.70325458 0.15540567 0.40194327
v 0.45192125 -0.01507460 0.20247766
v 0.53963274 0.17519881 0.33792725
v -0.12379652 0.44356531 -0.20136577
v -0.57233679 -0.31408101 0.41130918
v -0.66708785 -0.16835442 0.41084477
v -0.05887780 0.48660678 0.41514814
v 0.34546882 0.19974422 -0.13235195
v -0.03065824 0.51701188 0.41365701
v 0.62849772 -0.01640444 0.18635395
v -0.67369533 -0.11253761 0.40937889
v -0.15406765 -0.51601475 0.41541710
v 0.61789531 0.17483729 0.31984091
v 0.08776500 -0.11638406 -0.40876052
v -0.65209717 -0.14708857 0.39664823
v -0.15265068 0.30504709 -0.41710135
v -0.57880998 -0.33643472 0.41204664
v 0.56824136 0.15809798 -0.10724583
v 0.65128005 0.09726721 0.33026844
v -0.31275842 -0.54027349 0.20415688
v -0.24227639 -0.53850108 0.41183993
v 0.18283300 0.37360099 0.42090401
v 0.68641484 -0.01601430 0.04411080
v 0.09894826 -0.48439595 0.39661345
v -0.44733664 0.46533874 0.41215089
v -0.68800950 -0.06889496 0.41060975
v 0.48762032 0.15866438 -0.06520355
v 0.24988230 -0.28374609 0.41352192
v 0.46288726 -0.04402570 -0.17524177
v 0.63122523 -0.03551866 0.27528614
v -0.06337281 -0.53708142 0.40860224
v 0.37755895 -0.15694003 0.09118709
v -0.00053840 -0.52345634 0.40771192
v -0.36131364 0.33161035 -0.26023725
v -0.10100584 0.36091134 -0.27853087
v -0.63874811 -0.25653258 0.41150886
v 0.57720727 -0.03113952 -0.02984119
v 0.43860713 0.17612512 0.25212806
v 0.46649212 -0.01999030 -0.19199231
v 0.12423500 0.43219900 0.41675699
v 0.23442791 -0.29765463 0.41287333
v -0.41070768 -0.18738240 -0.42082188
v 0.02250418 0.41452515 0.28789404
v -0.41738275 0.44370058 0.40825287
v 0.09493550 0.44684899 0.41916299
v 0.32325763 -0.13054749 0.41286081
v 0.24966350 -0.32972303 0.41995069
v 0.34396762 -0.13192955 0.41978663
v 0.19748300 0.34430200 0.41931000
v 0.57200897 0.18844295 0.29094359
v -0.67606711 -0.23594050 0.37920067
v -0.70275527 -0.10905164 0.41091573
v 0.40850732 0.02210631 0.33095062
v -0.61516827 -0.21930909 0.36658967
v -0.11014536 0.54429317 0.39428797
v -0.02290818 -0.52682549 0.41182092
v 0.52755803 -0.04451942 0.30631602
v -0.42129713 -0.49949008 0.14861628
v -0.54712725 0.32199779 0.39862052
v 0.47691423 0.02928779 0.23410915
v 0.27550018 0.19768259 0.35152376
v -0.49879521 0.11682750 -0.29757434
v -0.30010113 -0.49951258 0.41156206
v -0.19828202 -0.54486185 0.41239938
v 0.55601054 -0.03278428 0.33819911
v -0.57240456 0.21277340 -0.01258677
v -0.05654832 0.52897549 0.40955859
v -0.59308404 -0.07431960 -0.21036468
v 0.46416140 0.16309090 -0.08611216
v 0.39323378 -0.04013936 -0.06774846
v 0.02712935 -0.51453567 0.40803853
v -0.37395638 0.49598134 0.41476691
v -0.33542451 -0.47815728 0.40505847
v -0.59614778 0.33737558 0.41126990
v 0.62729913 0.00840249 0.15633415
v 0.19760342 0.39206651 0.41346937
v -0.13896352 0.54297453 0.40876502
v -0.05824131 -0.37685415 -0.25752777
v 0.42301169 0.11606819 0.32856154
v 0.49642751 0.02822041 0.24750805
v 0.53435957 0.18473089 -0.07357620
v 0.64098233 0.19492982 0.07642780
v 0.35150072 0.09528431 0.42218363
v 0.23023973 -0.37553573 0.41118556
v -0.13164534 -0.27839714 -0.41367093
v 0.40706778 0.00760542 0.32978371
v -0.36350593 0.37473670 -0.22837132
v 0.60171741 0.19091116 0.00636650
v 0.18274233 -0.38117906 0.42031479
v 0.38592324 0.17258182 -0.10450172
v 0.40942049 0.06580741 0.32943365
v -0.55506414 0.33531421 -0.24917012
v -0.45531362 -0.47994778 0.05171107
v 0.11102340 -0.46735698 0.41277641
v -0.42496720 0.00131176 -0.30757651
v -0.56925941 0.39693126 0.12811768
v 0.42173564 0.04480914 0.33338016
v 0.47262871 0.00310218 0.23077074
v 0.35503229 0.17339541 0.40606812
v -0.64317888 -0.28231889 0.39732587
v -0.64852238 -0.29022634 0.36109868
v 0.30350775 0.20340532 -0.24075690
v 0.08021761 0.44384035 0.41877323
v -0.65117103 0.13531554 0.38878325
v 0.69453663 0.18797654 0.16382572
v -0.48905489 -0.36279425 0.36658409
v -0.42508912 -0.15451339 -0.42387629
v 0.43420169 -0.05702280 0.27880400
v 0.61600214 -0.03276590 0.25328234
v -0.56056994 -0.28023395 0.36459699
v 0.64011091 -0.03273100 0.21756297
v 0.40191594 0.15185416 -0.19974652
v 0.54114288 0.18479784 0.29116991
v -0.68179792 0.15386090 0.41179687
v -0.63754499 0.24175400 0.40694201
v -0.67199326 0.21276022 0.40562242
v 0.04456321 0.50090969 0.39921826
v -0.70461774 -0.09536299 0.41060549
v 0.40777203 -0.06884958 0.31124380
v 0.61484569 0.16236892 0.17479329
v -0.59819204 -0.21099949 0.25542176
v -0.27306661 -0.47364441 0.36277974
v 0.51909518 0.17820589 0.28166726
v -0.50361699 -0.16183314 -0.27844587
v 0.22689141 -0.35238606 0.42043421
v -0.08922324 -0.38778695 -0.25807196
v 0.19456188 0.19062805 -0.25026673
v -0.65219498 0.22710501 0.40692699
v 0.30931166 -0.17496815 0.41241077
v 0.60708052 -0.01857167 0.24189167
v 0.37942639 -0.05997253 -0.15063910
v 0.32930347 0.08824950 0.41799065
v 0.39812887 -0.01360782 -0.09387117
v -0.73109484 -0.06114029 0.28843406
v 0.70559102 -0.01933685 0.10942436
v -0.38850200 -0.47607699 0.41478401
v 0.64544690 -0.03043072 0.19058849
v 0.00489035 -0.45295289 0.39380944
v -0.57764757 0.29352555 0.40259624
v -0.36537769 0.28551480 -0.29643640
v 0.37359586 -0.02679316 -0.23614167
v 0.34803498 0.06114698 0.42267013
v 0.55910933 -0.02518799 -0.03394777
v 0.35323924 0.20706511 0.15456745
v -0.29172796 0.54037869 0.37304434
v -0.61454779 0.22151099 0.36780560
v -0.56770885 0.28361014 0.38035074
v -0.54647177 0.26372394 -0.31184337
v -0.07594400 0.52317119 0.41664711
v -0.00580359 0.45024049 0.39405778
v -0.46017095 0.41563466 0.39716211
v -0.60824603 0.27105299 0.40665299
v 0.40551800 0.10990800 -0.09234640
v 0.15553136 0.34645268 0.38507900
v 0.08672928 0.40766385 0.36769009
v 0.66923118 0.19498886 0.08547862
v 0.52208471 0.10705169 -0.02565539
v 0.05735387 -0.07976811 -0.39202413
v -0.12466568 0.53746706 0.40877903
v -0.57439190 0.15085503 -0.22057754
v -0.62289602 0.25640401 0.40683100
v 0.33475971 -0.22805555 0.41238230
v 0.65910196 -0.01346975 0.30403224
v -0.49498308 -0.44511485 0.39211890
v -0.08841003 0.53844696 0.39918968
v -0.67098898 0.01734475 0.37130263
v 0.13892822 0.43528330 0.41407099
v -0.66589969 -0.19800580 0.41155753
v -0.41064537 0.49815577 0.39941525
v 0.29006439 -0.28579199 0.41738811
v 0.66627109 0.19637084 0.11663719
v -0.10975084 -0.54442668 0.41256687
v 0.57657677 0.17244633 0.01269113
v -0.42520839 -0.26296526 -0.28311855
v 0.22416133 0.29611883 0.41507229
v 0.48225722 0.10759341 0.35423550
v -0.39646423 0.48470268 -0.18991198
v 0.09466204 0.02382716 -0.40649521
v -0.70461780 -0.08065075 0.41074079
v -0.57794291 0.32175040 0.41099963
v 0.32469431 -0.27254879 0.28904313
v 0.41405484 0.00988166 0.13604771
v 0.55553585 0.18083698 -0.03483039
v 0.10958500 0.43219900 0.41626701
v 0.51473498 0.16224609 -0.04776457
v -0.30821887 -0.53403461 0.38146240
v -0.66869241 -0.01961692 0.36827585
v -0.71659911 -0.12372566 0.37870347
v 0.57176793 0.17644626 -0.00831942
v 0.67023760 0.19206636 0.06609595
v 0.39434999 -0.09268713 0.34810290
v 0.24189629 -0.05939005 -0.24890052
v -0.23536660 -0.48912498 0.39569679
v -0.69991654 -0.02178892 0.41012907
v 0.49682215 0.00852220 0.25084025
v 0.17633133 0.42654189 0.37528282
v 0.33513790 0.16857311 0.42162997
v 0.30813032 -0.28843057 0.39405736
v 0.05028027 -0.28182414 -0.28416082
v -0.16783349 -0.31207368 -0.41489375
v 0.27047649 0.25041845 0.41810375
v 0.47165963 -0.04875023 0.28487691
v -0.45467249 -0.38758749 0.31374371
v -0.21867763 -0.50201392 0.41012564
v 0.63365239 0.18763959 0.16223058
v 0.13883439 0.07999001 -0.28779361
v -0.19324747 0.25413215 -0.41887751
v 0.04874267 -0.43731049 0.39302078
v 0.41761541 -0.04505379 -0.20403312
v 0.60170352 -0.03632482 0.30014154
v -0.30136570 0.52654725 0.41201857
v -0.53404397 -0.33865997 0.40344343
v -0.01879941 -0.43825144 0.31058270
v -0.51459110 0.03029732 -0.30170658
v 0.59666151 0.08560137 0.22475426
v 0.38418564 -0.00020738 0.40999204
v 0.24334587 -0.23267527 0.08074736
v -0.63398004 0.31347129 0.37446973
v 0.61169344 -0.01629120 -0.06811495
v -0.62389606 -0.25136021 0.41020182
v 0.28538099 0.24175400 0.42028499
v -0.56544358 -0.21220067 -0.17058586
v -0.15367162 -0.55307978 0.37132573
v 0.05869903 -0.07342982 -0.32005212
v -0.32977676 -0.48966536 0.41284794
v 0.22452605 -0.13486554 -0.23752181
v -0.43383300 0.06713819 -0.42302120
v 0.33506766 -0.04817581 0.40080610
v 0.27723792 0.22598456 0.41180551
v 0.53000444 -0.04266588 -0.08506190
v 0.71104056 -0.00306050 0.08911537
v 0.40830013 -0.00850637 0.32720238
v 0.37704694 -0.09584386 0.41207105
v 0.40908363 0.00235674 -0.22531845
v 0.38308647 0.17589270 -0.13259353
v 0.14223313 0.44863692 0.39439407
v 0.19748300 0.35895100 0.42133701
v -0.36676982 -0.38283610 -0.21733326
v -0.45715860 0.17458284 -0.30412054
v -0.71327907 -0.05140534 0.40962353
v -0.24943408 -0.50391835 0.41224095
v -0.54813683 0.34990910 0.41119009
v 0.43794465 0.15337703 -0.18645971
v -0.67415708 -0.04265898 0.39569026
v 0.32292095 -0.05980593 0.35921842
v 0.59947646 0.13180666 0.22483525
v -0.46453717 -0.39042789 0.36419219
v 0.32324997 0.24268883 0.40292531
v 0.58423311 0.17638892 0.33260873
v 0.18531956 -0.43587792 0.21777062
v -0.48215750 0.33100531 -0.00858585
v 0.28334907 0.30605105 0.40661943
v 0.39556149 -0.05325605 -0.20465550
v -0.30104387 -0.52676898 0.41104567
v 0.42820367 0.07322979 -0.08426251
v -0.32482505 0.46944764 0.38067958
v 0.21971771 -0.31238151 0.41257483
v 0.58512658 0.18652496 0.31494340
v -0.38142511 -0.22105758 -0.41989285
v -0.15402825 -0.54285735 0.41428956
v -0.69277203 -0.15890767 0.40749544
v -0.24108441 0.54516858 0.40096736
v 0.61739033 0.13275088 0.11680114
v 0.50007576 -0.02457770 0.34234655
v 0.29038060 0.25643778 0.42078999
v 0.15713492 0.42935255 0.40916401
v 0.55456984 -0.04183781 0.31059295
v -0.71908224 0.09997697 0.39767569
v 0.38755533 0.17282543 0.31500116
v -0.62894821 0.00259480 -0.14540818
v 0.26190406 0.19688685 0.15401179
v 0.30591789 -0.27263099 0.41385099
v 0.35911605 0.13267331 0.41559875
v 0.53277355 0.00251710 -0.15383503
v 0.48325789 -0.03860185 0.32578751
v -0.39019665 0.51357144 -0.01113167
v 0.42073494 0.08771592 0.33120695
v 0.46570647 -0.04785839 0.26408705
v -0.66965795 -0.21248348 0.40690580
v -0.26421106 -0.48779625 0.39785123
v 0.67588639 0.19382748 0.20875487
v 0.30764976 0.27742654 0.39270785
v -0.59316027 -0.24442047 0.36900675
v 0.34094453 -0.07310250 0.41162679
v 0.16837744 0.41873971 0.41172341
v 0.31825560 0.22730045 0.41756216
v -0.31779030 -0.25930950 -0.42295933
v -0.69012916 0.06000335 0.41035384
v -0.54720622 -0.31723064 0.39924428
v 0.62746930 0.19371538 0.25234202
v -0.21997479 0.52009547 0.41781402
v -0.49006757 0.39461595 -0.25164506
v -0.03637739 -0.52672690 0.41508263
v -0.50794077 -0.43169504 0.39856923
v 0.12385694 -0.41357037 0.40984887
v 0.37442058 0.09823508 0.40749004
v -0.59283787 0.30784047 0.41076034
v -0.50360996 0.08742923 -0.30019990
v -0.58946276 -0.37254077 0.18475887
v -0.42591801 -0.42436799 0.38377038
v 0.48420781 -0.00845542 0.24843709
v 0.45933425 0.17828453 0.30533814
v 0.23880358 0.25452942 0.39248323
v -0.67534572 0.23248978 0.39725196
v 0.59625298 0.16850135 0.24522847
v -0.60732651 0.18549429 -0.01502699
v -0.48383614 0.46579456 0.25686646
v 0.12045472 -0.11949633 -0.41247895
v 0.26668608 -0.26940665 0.41434163
v -0.60222799 0.29038206 0.41025510
v 0.40745211 0.15644799 0.30939281
v -0.59108454 -0.27699140 0.40481198
v -0.58239865 0.23306067 0.26672465
v 0.13500771 0.36966190 0.38286048
v -0.26412442 0.54091573 0.40040016
v -0.10298473 -0.30789340 -0.41321602
v -0.60345846 -0.34789410 0.38021064
v 0.67767310 0.06236227 0.31068191
v 0.61472225 0.16023824 0.10206325
v 0.04205760 0.17390071 -0.30987373
v -0.38926533 0.51706445 0.09613559
v -0.40322316 0.48123246 0.41471222
v 0.11175358 -0.31235325 -0.23889890
v -0.66068554 0.11325143 0.39706862
v -0.48374406 0.37882194 0.35727665
v -0.12561439 -0.49913821 0.39845693
v 0.58617139 -0.03287646 0.28090265
v 0.59152389 0.16550148 0.05479687
v 0.12446061 0.44626310 0.41076833
v -0.12400288 0.46684399 0.20518705
v -0.50047052 0.40027702 0.41141635
v -0.68876386 -0.05161704 0.40934277
v 0.33828628 -0.23904447 0.37514219
v -0.28794411 -0.48498845 0.39707908
v 0.15379614 -0.43603265 0.41660061
v 0.29173878 -0.30202082 0.41185722
v 0.41406325 0.00627449 -0.10477757
v 0.45090765 0.16059038 0.23350465
v -0.72986948 -0.03459483 0.37958476
v 0.63565201 -0.01192582 0.16090982
v -0.05952511 0.47259468 0.39920002
v 0.16809410 0.36819100 0.41633055
v 0.65346193 0.19144678 0.26289773
v -0.55502880 0.40299556 0.38846725
v 0.34998605 0.00729975 0.42067599
v 0.39932308 0.03660948 0.33625993
v 0.44093645 0.17557313 -0.13517036
v -0.24996598 -0.42025307 -0.21670817
v 0.60106164 0.10534836 0.21809553
v 0.08106518 0.48806095 0.37878737
v -0.29370040 0.50086296 0.41520715
v 0.09492910 0.42938298 0.41351333
v 0.13888399 0.41755000 0.41849801
v 0.43962029 -0.04670806 -0.18833341
v 0.55281305 0.16123576 -0.01752449
v 0.51556408 -0.03873321 -0.13436107
v -0.59946150 0.03933936 -0.22173223
v 0.62281138 0.15034203 0.13698792
v -0.21293311 -0.54275852 0.41264918
v 0.12260410 0.41599685 0.41412669
v -0.56124616 0.30618030 0.39911470
v -0.35848132 0.51871151 -0.10869349
v 0.20556377 -0.37363297 0.42074719
v 0.28150278 0.20147949 0.38141215
v 0.49967834 -0.01993518 0.26034904
v -0.67347336 -0.15368207 0.41169816
v -0.00123550 -0.47064921 0.41385162
v 0.36491120 -0.06453479 -0.22394909
v -0.67277199 -0.18491748 0.41099170
v -0.21358791 -0.31297696 -0.41273814
v -0.31141880 -0.46851781 0.36021569
v 0.30412534 0.29835606 0.20544302
v 0.27073100 0.28570300 0.42130899
v 0.33531874 0.15390253 0.42249957
v 0.69888628 0.17005634 0.21883447
v 0.52754068 -0.02609127 0.34605595
v 0.35092616 -0.20550328 0.40011561
v -0.22709149 -0.54168910 0.41142312
v 0.40921909 -0.02481572 -0.12743257
v 0.10937545 0.41834545 0.41008046
v -0.11943294 0.47556821 -0.05998490
v 0.26973236 0.19321632 0.02157299
v 0.09581222 0.13955724 -0.30955777
v -0.45368862 0.10824697 -0.41963735
v -0.05127551 -0.54135364 0.37435988
v 0.39676991 -0.06926525 0.03367003
v -0.40379512 -0.49060228 -0.15659834
v 0.02333543 -0.42303535 -0.06519987
v -0.13161930 0.33535200 -0.29288444
v 0.72156322 0.13525017 0.18605013
v 0.43092340 0.04211620 -0.08470155
v -0.73478103 0.00633524 0.19386299
v -0.36644512 -0.22094995 -0.30229443
v 0.52592266 -0.04003460 0.32724795
v -0.57265162 0.11482461 -0.23372486
v -0.02807959 0.49077272 0.42078769
v 0.27073100 -0.28563201 0.41985500
v 0.60789573 -0.02981535 0.32303160
v -0.30099961 0.15596576 -0.41996166
v 0.40037289 0.15577260 0.17482756
v 0.18252622 0.40776888 0.41131872
v 0.33638680 0.21891133 0.40058976
v -0.60773271 0.18441159 0.01427869
v -0.51557082 0.38045686 0.41101959
v -0.55847710 0.37942380 0.41139117
v -0.27887380 0.48468879 0.39889032
v 0.54969805 0.00997954 0.24644883
v -0.39799646 0.36598271 -0.22142591
v 0.34787458 0.02708062 0.42116886
v -0.34787107 -0.23999900 -0.42301261
v 0.38176596 0.17399025 -0.19251356
v -0.35986292 0.47050601 0.41017857
v 0.46335658 0.14595526 0.33746260
v -0.00777590 0.47132969 0.41725358
v 0.09813745 0.38385001 0.27287388
v -0.31043893 0.45084828 0.19693486
v 0.51003379 -0.02662007 -0.15822800
v -0.59684640 0.18463890 -0.10912910
v -0.43868312 -0.08866358 -0.30572417
v -0.39400673 -0.29882866 -0.37381509
v 0.10389020 -0.14750828 -0.41397575
v 0.20380194 -0.19810268 -0.24056174
v 0.42117086 0.02215221 -0.09570744
v 0.56698334 0.04076596 -0.13377154
v 0.70207316 -0.01410153 0.23404962
v -0.08891121 0.48302147 0.39943999
v 0.30664042 -0.04766813 0.05295851
v -0.35912743 0.51085114 0.41158512
v -0.46355134 0.37461871 -0.05170366
v 0.24336509 0.33783689 0.41778687
v -0.70129919 0.13965592 0.40855363
v -0.02923663 -0.48627153 0.41622061
v -0.21299058 0.54392266 0.40996370
v 0.25761327 -0.34514901 0.41044348
v 0.07604402 -0.44010237 0.41183907
v -0.06630716 -0.50080824 0.41652411
v -0.36876491 0.45468524 0.39588079
v -0.43226281 -0.48137280 0.39851168
v 0.55452353 -0.03027311 0.27151304
v -0.58637995 0.18492293 -0.14586186
v -0.23357491 0.49925017 0.41267455
v -0.55799019 -0.32925370 0.41100410
v 0.19748300 0.37360099 0.42055801
v -0.29542643 -0.34666353 -0.28156313
v -0.12383045 0.25327373 -0.41029522
v 0.40209624 0.05126405 0.33572483
v 0.38310200 0.17712252 0.12443241
v 0.63454634 0.16723272 -0.03246481
v -0.08869240 -0.50036353 0.41248089
v 0.20722117 -0.35392061 0.42025626
v 0.46377075 0.13085255 -0.06760444
v -0.00041364 -0.40786809 -0.17553468
v 0.01681626 0.51230127 0.39656240
v 0.23668465 0.37044489 0.38334092
v -0.23435235 -0.52002519 0.41719428
v -0.54857737 -0.34353560 0.41133627
v 0.21213201 0.34430200 0.42172399
v 0.68280655 0.01174248 0.29384333
v -0.63629186 0.20974891 0.39341819
v -0.60139561 -0.31605202 0.41224435
v -0.71151716 0.02789100 0.40751609
v 0.32934642 0.01547343 0.41017008
v 0.59097499 -0.00407293 0.04001492
v 0.60085344 0.01756455 0.22813822
v -0.68842942 0.21408178 0.37935233
v 0.61780465 0.10908382 0.14396791
v 0.59937328 -0.03276152 -0.01530511
v -0.44104147 0.20534109 -0.30349404
v 0.49577102 0.10331556 0.24878499
v 0.61321789 0.16171490 -0.06238844
v 0.69034040 -0.02802399 0.20657788
v -0.25716838 0.41271544 -0.23157734
v -0.32970855 0.48398754 0.41081285
v 0.33259711 0.20334409 0.41525668
v -0.52170008 -0.25507179 -0.20052803
v 0.21700276 -0.38743058 -0.16056694
v -0.27309215 -0.01732455 -0.39352790
v -0.48397991 -0.02068879 -0.41034281
v -0.45486644 -0.12339514 -0.41776961
v -0.41791329 0.34985521 -0.22787407
v 0.62211508 0.19044881 0.29255229
v 0.69385815 0.18640122 0.18827359
v 0.03392861 0.37446770 -0.22314034
v -0.28597549 -0.50357187 0.41328958
v 0.48324969 0.00405615 0.34999049
v -0.06606089 0.29609933 -0.41305318
v 0.68826926 -0.02918699 0.16027293
v 0.35467958 0.20137595 0.22729608
v 0.39985153 0.12120680 0.14461134
v -0.62556171 0.09226394 -0.30709347
v -0.41868818 0.00465817 -0.41425064
v 0.34044093 -0.03586393 -0.25281468
v 0.59856176 -0.03260809 -0.05692580
v 0.16194034 0.31748161 0.29972979
v -0.34884071 -0.32595092 -0.28434223
v 0.50004405 0.18085988 -0.11522613
v -0.12457331 -0.54356724 0.41268420
v 0.55439991 -0.03855960 -0.08564512
v 0.22093441 0.13144846 -0.23653148
v 0.38286847 0.18243819 0.16543619
v 0.46530139 -0.02370897 0.33473194
v 0.42065993 -0.04432799 0.18367733
v -0.65643108 -0.18264164 0.40788200
v -0.10809072 0.30408850 -0.41519198
v 0.13888399 -0.43212801 0.41924599
v 0.10977028 0.45003259 0.41432092
v 0.67835593 0.16216604 0.03177209
v -0.25304344 0.23017000 -0.30408815
v -0.14626843 0.49834388 0.40364504
v 0.31667712 0.08810771 0.40899962
v 0.69850534 -0.02006682 0.08934283
v 0.10603924 -0.38486072 0.16068438
v -0.56755000 -0.16987173 -0.21133451
v 0.16818400 0.38824999 0.42029399
v -0.39712462 0.44357851 0.39807478
v -0.68360764 -0.01259738 0.39613175
v 0.27071357 0.30673584 0.41661653
v -0.03242854 -0.46736401 0.39831054
v -0.20483838 0.55875736 0.06922593
v 0.44400191 -0.04356603 0.21938929
v 0.19704263 0.29795074 0.38230360
v 0.54479134 0.17982070 -0.10003658
v 0.02217084 0.52513659 0.04251033
v -0.61337698 -0.23402648 0.39008832
v -0.60026759 -0.20942613 0.00831140
v -0.47759187 -0.41841394 0.40904716
v -0.60248315 0.19035746 -0.07395956
v -0.30942914 -0.44297391 -0.10289579
v 0.41174945 -0.05639976 0.15900122
v 0.51223445 -0.04505689 -0.10208575
v 0.61163288 0.18456027 0.23319852
v 0.54264003 0.17514758 0.27058858
v 0.62234861 0.18992727 -0.01445389
v -0.23424724 -0.35797006 -0.28093505
v -0.50438833 -0.13158786 -0.28279859
v -0.48336336 -0.38613936 0.39688459
v 0.09426360 0.08790150 -0.31246799
v 0.64249814 -0.03432722 0.24928805
v 0.65741402 0.17887671 0.01031660
v 0.50520188 0.16151994 -0.14699121
v -0.62461931 0.27997437 0.41087499
v -0.67358100 0.12438519 0.40937877
v 0.64391321 -0.02964740 0.06612676
v -0.05859015 0.50544739 0.42011580
v 0.40566593 -0.04577312 -0.14902872
v 0.41918248 -0.00882496 -0.11205900
v 0.72124279 0.07225376 0.08752843
v -0.25723523 0.33108470 -0.30206713
v 0.57526433 0.00185439 -0.11758720
v -0.30746368 0.48436210 0.40129685
v 0.35179412 0.20463283 0.29280716
v -0.52929312 -0.37255228 0.41151670
v 0.46118605 -0.04739825 0.31118321
v 0.39615378 -0.01261640 0.10946259
v 0.54137105 -0.03517618 -0.11578857
v -0.47772905 -0.45409557 0.39688575
v -0.55796850 -0.20774230 -0.20699912
v 0.65727043 0.05141227 -0.03730269
v 0.61304915 -0.03177643 0.00777477
v -0.00119657 -0.34955168 -0.25933409
v 0.49896178 -0.02641391 -0.07195733
v 0.25469285 0.25157380 0.41082320
v -0.50142705 0.37309110 0.39420581
v 0.68630552 0.17966150 0.07177577
v 0.72253090 0.13183446 0.13454193
v -0.62640262 -0.32224461 0.36136046
v 0.19385110 -0.42632285 0.30710205
v -0.02486879 0.53894460 0.16007178
v -0.30975243 -0.42892900 -0.15809202
v -0.19815090 0.54252207 0.41062742
v -0.32849428 0.30795738 -0.29851139
v -0.62811607 -0.30716801 0.39662358
v 0.26592538 0.19516586 0.08785002
v 0.31676090 0.23956859 0.41335425
v -0.47780702 0.41363117 0.40896752
v 0.55033547 0.14491780 0.35397255
v -0.58056539 -0.12491167 -0.20667878
v 0.22905126 0.01064380 -0.24962796
v 0.39672649 0.00137839 -0.07714422
v -0.40329608 -0.47977099 0.41419542
v 0.70356011 0.17513537 0.14428946
v 0.35421839 0.20139620 0.26346248
v 0.32265919 0.06467531 0.41253141
v 0.03653207 -0.49632829 0.41864133
v -0.51730180 -0.38255456 0.41198677
v -0.03107039 0.45431560 0.38150665
v 0.20887710 0.23063231 -0.19316866
v 0.15281683 -0.18353827 -0.25965470
v -0.53428149 0.24211159 -0.20137471
v 0.71366560 -0.00991712 0.20468830
v 0.51698405 0.05123018 0.24486254
v 0.61359537 0.00681248 0.19666846
v -0.47405165 0.36969519 0.27151504
v -0.19773304 0.30531901 -0.41615862
v 0.65886670 0.19690032 0.15995356
v 0.52583826 -0.01880320 0.26085493
v 0.67535722 -0.02591487 0.26521069
v -0.39613524 0.45843822 0.41187999
v 0.09261364 0.13077112 -0.41361511
v -0.45614973 -0.25182778 -0.27381507
v 0.58493012 -0.01779675 0.00694054
v 0.30002999 0.24175400 0.42054701
v -0.44677252 -0.41946799 0.39477348
v 0.11724702 -0.01724526 -0.41365722
v 0.46627802 -0.02890248 0.23635621
v 0.55761361 0.18272056 -0.08336835
v 0.39212093 -0.05175947 -0.02017940
v 0.00912627 0.21956240 -0.41353470
v 0.11240822 0.38936555 0.36250407
v 0.32671574 -0.10180770 0.40708873
v -0.71931976 -0.12930000 0.23452547
v 0.36124295 -0.17184250 0.40732881
v 0.62921613 -0.03145062 0.30751178
v 0.49221417 -0.04655046 -0.11563357
v 0.31945744 0.21369344 -0.19984853
v 0.52250737 0.16315372 0.26421693
v -0.37998468 0.47394675 0.41506439
v -0.31583831 -0.52136171 0.40918639
v -0.41048247 0.50533062 0.30267555
v 0.29242331 0.29205903 -0.15660888
v -0.24930657 0.48624438 0.39880869
v -0.12611422 0.42158246 -0.23412517
v -0.53997505 -0.20208488 -0.23435116
v -0.41759080 -0.48219451 0.40984148
v -0.00450367 0.52371854 0.37326112
v -0.21887870 -0.01193107 -0.38995579
v 0.26588362 0.26906842 -0.24561720
v 0.16818400 0.40290001 0.41911000
v 0.32659635 0.04371114 0.41234729
v 0.28025794 -0.33257574 0.37512040
v 0.20061503 0.40199715 0.39520353
v -0.46346486 -0.05846473 -0.42267957
v -0.56656152 -0.39530039 0.28174996
v 0.39678898 -0.11157083 0.30929828
v 0.63075930 -0.00092815 0.10507934
v -0.39394936 -0.40935460 0.25310910
v 0.29256532 -0.22186102 0.40972781
v -0.34855118 0.26206326 -0.40837160
v -0.30012617 0.51735878 -0.19612652
v 0.10749123 0.07006837 -0.41187894
v 0.67857116 -0.00704193 0.01707376
v 0.42283353 0.15232246 -0.10874110
v 0.09530951 -0.03244811 -0.31756479
v 0.29381070 0.31605637 0.03058107
v -0.63014036 0.19000380 0.36034906
v 0.67485380 -0.02933804 0.07271811
v -0.44576171 0.41147754 0.37800446
v 0.26108560 -0.23927128 0.35704288
v -0.51720929 0.35458925 0.39566255
v 0.69199604 0.04464962 0.01967443
v -0.54459435 0.22114110 -0.21255933
v -0.17426510 0.55690849 -0.04068996
v 0.60266566 -0.02913409 0.26489329
v -0.01023274 -0.27593970 -0.41088474
v -0.32312322 -0.25120571 -0.29457110
v 0.06561753 0.45691106 0.42032120
v 0.40861613 0.17114609 -0.14639468
v 0.38666895 0.10580260 0.36405805
v -0.45712879 -0.13723676 -0.29488826
v 0.21541162 0.06515021 -0.25169128
v 0.16741621 0.20342998 -0.26597172
v -0.47955707 0.32718378 -0.09672681
v 0.56281698 0.14608757 0.01909517
v 0.07388458 -0.15678065 -0.41188505
v -0.10713076 0.39489102 -0.26040599
v 0.44250309 0.17899401 0.28154635
v 0.40877485 0.09513459 -0.09176341
v -0.31666452 0.23524410 -0.42040667
v 0.43331239 -0.02676204 -0.20825732
v -0.53370231 0.02739193 -0.37890598
v -0.60990006 -0.21192148 0.32914996
v 0.30847189 0.05800308 0.37904039
v 0.50192851 0.13332298 -0.16612133
v 0.41692334 -0.06445455 0.28928933
v 0.30953020 0.14066476 0.41201687
v -0.44937488 -0.34159800 -0.19909339
v 0.05193345 -0.25213555 -0.29844218
v -0.62722296 0.09168948 0.21864580
v 0.23877028 -0.02919729 -0.24861652
v -0.31642061 -0.01347036 -0.39597642
v -0.53774554 -0.38810068 0.41124830
v -0.12586570 -0.47683656 0.31389800
v 0.40238756 -0.06934756 0.07932901
v -0.39230850 -0.18777485 -0.31769764
v 0.09610692 -0.39364910 -0.00032162
v 0.26301032 0.19916613 0.29244897
v -0.69726616 -0.14012049 0.40871248
v 0.33870542 0.10443211 -0.24639568
v 0.24139999 0.30806944 0.42221737
v -0.47313106 0.06527873 -0.41640642
v -0.35849777 -0.45340118 0.37875202
v -0.32222596 -0.41207841 -0.20303282
v 0.41025966 0.05154720 -0.09195079
v 0.39657515 -0.03684024 -0.22204560
v 0.39545226 0.06421207 0.34422311
v 0.63452721 0.00727874 -0.05767214
v -0.59619975 -0.20974010 0.21232302
v 0.14941607 -0.25086105 -0.25062376
v 0.58315760 -0.02781598 0.33755451
v 0.08197217 -0.19682379 -0.28337920
v 0.36431983 -0.15361102 0.41225976
v -0.71391249 0.06609711 0.40850741
v -0.32111773 -0.19168626 -0.31704992
v 0.52812684 0.17631289 -0.11795888
v 0.07355710 -0.20585874 -0.41068274
v 0.14584444 -0.40141752 0.41605479
v 0.57685488 0.08763849 0.23409712
v 0.26244515 0.20582999 0.32371876
v -0.59019274 0.07320427 -0.22567716
v -0.50217503 0.28648320 -0.19693735
v 0.67346144 -0.03097193 0.18902607
v 0.37764367 -0.03664856 0.41557923
v 0.07850335 -0.50409299 0.17833303
v -0.46849251 -0.21714287 -0.28548488
v 0.13888250 -0.03881208 -0.41352850
v -0.34370700 -0.35596091 -0.26375282
v 0.12835261 0.08904389 -0.41269213
v 0.17476328 -0.22708443 -0.24868846
v 0.67314458 -0.02909082 0.10131793
v -0.50984883 -0.00576981 -0.30254090
v 0.57230645 0.18251601 -0.02249369
v 0.48155600 0.17917666 0.29346704
v 0.39723346 -0.02097381 0.33251712
v 0.03931339 0.18807834 -0.41242185
v -0.58848071 0.27047792 0.39682418
v -0.13356991 -0.30148390 -0.30092263
v -0.13895595 -0.43064672 -0.22378376
v 0.61537528 0.05139356 0.16225621
v 0.61105299 0.18136282 -0.04195130
v -0.41127262 -0.44218779 0.40261215
v -0.00143563 -0.07426190 -0.38927069
v 0.44724447 -0.05166057 0.24633878
v 0.29477572 -0.18833433 0.39684507
v 0.30733287 -0.04177021 -0.03665414
v -0.73188424 0.06262477 0.27667731
v -0.48163730 0.32767496 -0.05244382
v 0.17614783 0.32188228 0.38239259
v -0.28922385 -0.12372979 -0.40835115
v -0.00426227 0.31772390 -0.27428943
v -0.30190447 0.41592202 -0.22070265
v -0.23354433 -0.22007971 -0.40317482
v 0.63142246 0.01677473 0.13495240
v 0.37916985 -0.14644465 0.35366887
v 0.43800971 0.03875087 0.16912028
v -0.64935648 -0.00114091 0.02888064
v 0.60507274 0.00249115 -0.08894145
v -0.46645179 0.10958157 -0.30373687
v 0.25236201 -0.36323357 0.39471149
v 0.59096026 0.00688781 0.24494728
v -0.61195058 0.34253454 0.38299406
v -0.46138451 -0.08820315 -0.42085776
v 0.61299473 0.19180563 0.26622352
v -0.58380800 -0.26351267 0.38537028
v 0.22678199 0.34430200 0.42076999
v 0.37249443 -0.08584060 -0.19653308
v -0.28611448 -0.52515316 0.41471228
v 0.39789638 -0.02905193 -0.10702757
v 0.46818924 0.12933075 0.23278336
v -0.09573134 0.50101870 0.41623378
v -0.01636771 0.51657993 -0.18228796
v -0.42492989 -0.02840199 -0.31921470
v -0.62348717 0.33405313 0.27399832
v -0.01377180 0.42421260 0.21830553
v -0.31223440 -0.45298517 0.03605517
v 0.22258267 0.19601782 -0.21344912
v 0.41141999 0.16124357 -0.12288011
v -0.41058958 0.25131565 -0.29914799
v -0.66761607 0.25579616 -0.01779360
v 0.19189826 -0.32329291 0.38393551
v 0.51932114 0.17845885 -0.06147986
v 0.46738726 0.15546040 -0.17293659
v -0.12138645 0.46534455 -0.10962553
v 0.40124619 -0.03428612 0.14370015
v 0.40191752 -0.07092480 0.33158475
v -0.69292122 0.21396227 0.17814572
v 0.40957549 0.16710769 -0.17909051
v -0.47054935 0.35998851 0.08024801
v -0.39775202 -0.07491282 -0.32315066
v 0.57183331 0.17699589 0.26630503
v -0.00181799 -0.23677577 -0.31103259
v 0.16742061 -0.43583736 0.41004127
v -0.57103950 -0.28489804 0.39487576
v -0.58660322 0.10575440 -0.21564019
v 0.16808352 -0.39596334 0.42019027
v 0.06686080 -0.32314754 -0.25384158
v -0.61487055 0.25759134 -0.24232019
v 0.00984433 0.43701369 -0.29792470
v -0.48210493 0.17578319 -0.29666811
v 0.15779281 -0.32028684 -0.15068226
v 0.38035297 0.18346079 0.29391205
v -0.72981769 -0.07126443 0.12982240
v 0.55362159 0.14620580 0.24760123
v -0.38497138 -0.10835849 -0.41007411
v -0.62562078 0.10991906 -0.06605384
v 0.01197518 -0.21948697 -0.41345084
v -0.62037653 -0.27745998 -0.20755252
v 0.47592539 0.10203917 0.23412423
v 0.09587929 0.02892734 -0.31471699
v 0.25707170 -0.23119892 0.31529838
v 0.46412677 0.01215318 -0.07006503
v 0.71309435 0.10560027 0.24342057
v -0.07357807 -0.27528641 -0.41740021
v 0.61045498 0.17222832 0.20716290
v -0.09275822 0.55315661 0.06057281
v 0.32144785 -0.24394494 0.41393402
v -0.06468698 -0.22924832 -0.40056044
v 0.47178215 0.15971485 0.25408578
v 0.30904841 -0.03949408 0.30718535
v -0.65870947 0.24430405 0.40610105
v 0.67305756 0.01476864 -0.00634839
v 0.61455667 0.19294900 0.02798834
v -0.30799550 0.43034974 -0.16920991
v 0.57449132 0.07361457 0.05066737
v 0.09608249 0.18029760 -0.30295992
v 0.60097766 0.19153218 0.29240415
v 0.64945114 -0.00248200 -0.03221793
v 0.34121948 0.19748050 -0.16667512
v 0.27837059 -0.21247178 0.37094906
v -0.40108272 -0.13028097 -0.31964895
v 0.56412512 -0.00322314 0.35434505
v -0.37617499 0.21375777 -0.41991404
v 0.07800951 -0.03477533 -0.39919704
v -0.15405597 0.51495880 0.41706875
v 0.02786682 -0.34607270 -0.24542265
v 0.14153512 -0.27849340 -0.23570763
v -0.59805733 -0.21784021 0.29577827
v 0.62506843 0.04380289 0.13143261
v 0.23998824 0.27915019 0.41604373
v 0.39640275 0.09336068 -0.07368080
v 0.10432052 0.38387144 -0.09646765
v 0.39125240 -0.00676487 0.38514274
v -0.17590705 -0.51601136 0.41591087
v -0.45775777 -0.37921697 -0.04348369
v -0.12205014 -0.46911183 -0.08763112
v -0.56032133 -0.30397984 -0.26977903
v 0.37504527 0.18070850 0.08049433
v 0.58085048 0.11621889 0.23631690
v -0.34892070 0.14752966 -0.30409867
v 0.40075448 0.12769440 -0.21394540
v 0.32267916 0.14011224 -0.24942304
v -0.50613654 -0.44699183 0.22198224
v 0.09561396 -0.39380857 0.03421035
v -0.37753594 -0.45324215 0.39756095
v 0.11896548 0.12125847 -0.41159901
v -0.62535274 -0.18878041 0.35379457
v 0.63163990 0.19321211 0.00484295
v -0.63718444 -0.31200859 0.26255032
v 0.02194849 -0.25196984 -0.41295421
v -0.52494508 -0.31391615 0.34245151
v -0.53513694 -0.42486012 0.11821165
v -0.11491993 -0.40874952 -0.24763279
v 0.40407801 0.00863300 -0.09679370
v 0.05394378 0.43913290 0.41075018
v -0.12367688 0.46795756 0.26282954
v 0.22015287 -0.28913772 0.37470287
v 0.24600057 -0.23220193 0.17567545
v -0.11020314 0.52535427 0.41727260
v -0.67454308 0.25175673 0.27782151
v -0.11995459 0.08273742 -0.31545445
v 0.14964412 -0.38234541 0.40842438
v 0.69624162 -0.00418465 0.26324189
v -0.03073865 -0.14157782 -0.31285647
v -0.61147118 -0.18384051 0.29114881
v -0.31535923 0.45863646 0.31650701
v 0.08607019 0.30446029 -0.26044545
v 0.39604554 0.01459798 0.34362137
v -0.46830526 0.39672980 0.36833873
v -0.50758833 -0.12276855 -0.37484825
v -0.38445345 0.43378851 0.35887522
v 0.35297143 -0.09512033 0.41949582
v 0.16496709 -0.05290538 -0.28549185
v 0.61387134 -0.02782930 0.02881538
v 0.26084182 -0.20074984 0.27294752
v 0.65243953 0.02445748 0.32744208
v 0.53167450 0.02573795 -0.02326257
v 0.48393056 -0.04601706 -0.14789027
v -0.44897047 -0.37173548 -0.09919856
v 0.27920470 -0.25415602 0.41416210
v -0.17029478 0.43113178 -0.22142631
v -0.10612036 0.20762578 -0.39737254
v 0.38694060 0.18220934 0.26040012
v 0.37581959 0.17587604 -0.06777300
v -0.48758808 0.29165351 -0.21538903
v -0.48621386 0.39483264 0.39721206
v -0.38866216 -0.41766247 -0.04696213
v 0.33550528 0.13923191 0.42312217
v 0.29225203 0.07239880 -0.01871784
v 0.48012328 -0.03349391 -0.09170008
v 0.18233824 0.26592365 -0.18057151
v -0.55440140 0.16752321 -0.23940499
v -0.49609581 -0.28654721 -0.19948441
v -0.31066510 -0.45099348 0.26232421
v 0.57446027 0.12705427 0.04791824
v -0.48647672 -0.45614913 0.35988283
v -0.32051653 0.45364267 -0.03607078
v 0.71931911 -0.00487842 0.13129027
v -0.17628495 0.49450141 0.40248701
v -0.62029058 -0.11288641 0.21668047
v 0.38096431 -0.02201593 0.41523913
v 0.19684951 0.13302140 -0.25423595
v 0.02329752 -0.32641205 -0.26570198
v -0.47693098 0.37435818 0.31304505
v -0.28289801 0.54894048 0.15416147
v 0.08538955 0.27124473 -0.27370095
v 0.48450768 0.17852783 -0.13080245
v 0.58480346 0.02864389 0.23833895
v -0.46091715 -0.41652331 0.40111268
v 0.63344091 0.19209337 0.18968794
v 0.29335362 0.28754282 0.41127357
v 0.62793374 0.17220573 0.11729591
v -0.37952632 0.25945789 -0.30375415
v -0.46418637 0.37471786 0.03522658
v 0.25841534 0.16802466 -0.30775511
v -0.66675460 -0.03687173 -0.26878077
v 0.47730425 0.07368494 -0.05297342
v 0.09531848 -0.39450860 -0.03630609
v 0.09884608 -0.38247421 -0.12825689
v 0.14988224 -0.45680866 -0.08776696
v -0.59446800 -0.20477186 -0.07962903
v -0.56629473 0.20703205 -0.12016854
v -0.56657761 0.21220584 -0.07283903
v -0.24360795 0.22008136 -0.42025900
v -0.37710971 -0.39919475 -0.13080178
v -0.02836883 0.53601468 0.27073935
v 0.22726223 -0.24340016 -0.14709942
v 0.57449132 -0.01591723 0.26136661
v 0.42430273 0.10565984 -0.08838004
v 0.17513543 0.34248367 0.41013896
v -0.16957022 -0.27783671 -0.41787964
v 0.49805370 0.06063463 -0.18194591
v 0.65372443 -0.02685631 0.00565066
v 0.10443816 0.38317087 0.10908796
v 0.10377639 0.37031814 -0.14499211
v -0.45838052 0.35492781 -0.13412677
v 0.02262202 -0.52448589 0.29051799
v 0.11166604 -0.38446224 0.27308351
v -0.61492246 0.16228087 -0.05494650
v -0.38772863 -0.49662915 0.40965194
v -0.46638471 -0.30326191 -0.21600911
v -0.61723310 -0.00721609 -0.32218701
v -0.12082289 0.55371523 0.26376754
v -0.64402950 0.27277252 -0.14366983
v -0.17975685 -0.35838428 -0.28484684
v 0.21533398 0.38801575 0.39696649
v -0.63434511 -0.08485924 0.28975978
v 0.44643506 -0.04596137 0.31150424
v -0.24260068 0.29710394 -0.41611797
v 0.36516932 0.17270480 -0.01924828
v 0.43453196 0.14455758 0.20183188
v 0.33671933 -0.00907601 0.41404530
v 0.13413019 0.38221785 0.40172234
v 0.59933335 0.10635065 0.35447171
v 0.10315407 -0.39741358 0.32211179
v 0.39725155 0.03864396 0.10892967
v 0.51950711 0.17520496 0.33503842
v 0.14086629 0.04998138 -0.41118023
v 0.34682190 0.03634916 -0.24879809
v 0.54230165 0.08886044 -0.15033418
v 0.69787222 -0.01340454 0.06689348
v 0.40949076 0.03698390 -0.09454165
v 0.27759448 -0.11180624 -0.16201642
v -0.60171723 0.20216607 0.21803354
v 0.63752925 0.00225734 0.12331204
v -0.47575727 0.31987590 -0.20645270
v 0.53853422 0.07592788 -0.00509073
v -0.02808014 -0.36248511 -0.25876799
v 0.14657500 -0.08345238 -0.40371105
v 0.57134199 0.05822709 0.36269444
v 0.66077214 -0.02969112 0.16249773
v -0.44308442 0.34001204 -0.21857403
v -0.04910245 -0.44851807 -0.06507841
v 0.38181043 0.14881930 0.34989390
v 0.26360038 -0.15433225 -0.16523962
v -0.03743570 -0.54052043 -0.08008605
v -0.49155441 0.46183589 0.14537738
v -0.65002912 -0.00142067 -0.02282989
v -0.22173907 0.50814480 -0.24780756
v 0.39100561 0.05140563 -0.01639987
v -0.71665084 0.13021247 0.37834468
v 0.53874469 0.09345069 0.36397791
v -0.59363890 -0.33605489 0.40989640
v 0.45488593 0.11342338 -0.19691356
v -0.33439159 0.28028259 -0.30413091
v -0.42878541 0.29405874 -0.26218599
v 0.24120472 -0.23240836 -0.00760454
v -0.27581826 0.46039376 -0.06811015
v 0.11167878 -0.40670660 0.37294966
v 0.23319492 0.35947353 0.41162762
v 0.40505272 -0.08624069 0.12575279
v 0.08348282 0.36547220 -0.19646446
v 0.29619029 0.15912049 0.39359736
v 0.18349844 -0.30571926 0.28379908
v -0.13186947 -0.30958241 -0.41489854
v 0.14395076 0.32540509 -0.31554627
v -0.16672038 -0.48431098 0.36366624
v 0.30820480 -0.11917802 0.37457651
v 0.44483921 0.16495107 -0.10289020
v -0.21813196 -0.45871726 0.22572820
v -0.11108307 -0.55710262 0.14755777
v 0.35109755 0.21192187 0.10542309
v 0.73097003 0.03056771 0.17693345
v 0.20591682 -0.15796877 -0.24976483
v -0.10472017 0.54546142 -0.13299663
v 0.63451546 0.11917021 -0.05633984
v -0.37396261 -0.49367395 0.41417760
v -0.12572168 0.46854782 0.13872778
v -0.26416758 -0.26021236 -0.42152056
v 0.10686319 0.38987437 -0.04447615
v -0.21308796 -0.27358246 -0.42053771
v 0.10771325 0.37584522 0.19476062
v -0.50272471 -0.05313504 -0.29893419
v 0.24677949 -0.23248030 0.22692968
v -0.64391941 0.28905064 0.39615145
v -0.02383536 0.08476757 -0.39977074
v 0.73014420 0.07431749 0.20267259
v 0.27174753 0.19268380 -0.02781600
v -0.00708040 0.39299729 -0.21740183
v -0.20940547 -0.48501524 0.38108173
v -0.42115358 -0.49847367 0.26185367
v -0.69571000 0.16829200 0.40286699
v -0.47161016 0.36653256 0.21980229
v 0.04972985 -0.50215119 -0.15160877
v 0.33082598 -0.07391866 0.39652774
v 0.61521709 0.05119878 -0.08970363
v -0.32071620 -0.00664230 -0.31589821
v -0.03001126 0.50549579 0.41977808
v -0.29538867 -0.28151384 -0.41797283
v -0.07679728 0.46604031 0.36200175
v -0.71240240 -0.14499208 0.03432309
v 0.63256699 0.06406239 0.34420681
v -0.67164302 0.05554349 0.39535818
v 0.40455100 0.02200990 -0.09474920
v 0.36845005 0.18278070 0.35584292
v 0.30543116 -0.04935058 0.12197036
v 0.37527531 0.08079533 0.41119814
v -0.62198913 -0.33250481 0.09514894
v -0.40826574 0.18042991 -0.42017683
v 0.10509014 0.38804787 0.01449473
v 0.35434026 0.20322201 0.19046827
v -0.31744879 -0.53930700 0.11020487
v -0.00810219 -0.53732622 0.06702390
v -0.64824998 0.00246276 -0.06484795
v -0.12353496 -0.46796632 0.19691938
v 0.09254209 0.39528677 0.32756314
v 0.26013705 0.19741569 0.19065678
v -0.06996222 0.37704685 -0.26422220
v -0.60952848 0.21337909 0.32842332
v -0.37540203 -0.00431505 -0.31401083
v -0.19996332 0.46911803 -0.06283282
v -0.68760329 -0.18862361 0.40118650
v 0.10676190 -0.37706006 -0.30154619
v 0.21604727 -0.01936768 -0.36321899
v -0.05139409 -0.52587944 0.41757086
v -0.21932027 -0.46598306 -0.05230166
v -0.29625490 -0.21114582 -0.41260830
v -0.16772950 0.33945787 -0.30123967
v 0.34013692 -0.22786520 -0.08517131
v -0.68985087 -0.21663514 0.26908636
v 0.27028775 -0.26021078 -0.25007695
v -0.44693711 0.43991676 0.41356260
v 0.00712073 -0.49897242 0.42181084
v 0.53323835 0.14444163 -0.02603076
v 0.31980440 -0.00596039 0.38061512
v -0.12727554 0.47195488 0.06585177
v -0.32501087 0.47639790 -0.26276132
v 0.34659195 -0.12003177 -0.22353464
v 0.29539785 -0.01973218 -0.13712215
v -0.13917617 -0.49855122 0.39687037
v 0.28879115 -0.31850353 -0.09056258
v -0.41971454 -0.21129759 -0.30283189
v 0.21127494 0.37714055 0.41428101
v -0.46677652 0.02069311 -0.42156115
v 0.42566860 0.17849390 0.26880467
v 0.45306101 0.16730858 0.31975353
v -0.15022776 0.47950819 -0.29115078
v 0.03485115 0.51648194 -0.07471298
v 0.51016527 0.14394796 0.35127684
v 0.66873795 0.15267232 0.29233062
v -0.66217124 0.00194622 0.32793027
v 0.12304418 0.33630088 -0.18841895
v -0.38937131 0.49727193 0.41204154
v -0.16142567 -0.49770978 0.39993185
v -0.65102375 -0.22835469 0.40872771
v 0.25095427 -0.37506849 0.16436899
v 0.21715386 0.25931394 -0.06414081
v -0.66878170 -0.12507769 -0.24154262
v -0.45303020 -0.38039663 0.27126929
v -0.60345650 0.20609543 0.27019277
v 0.06693663 -0.50072187 0.39444819
v -0.25852647 -0.09741431 -0.31645572
v -0.23175558 -0.01069564 -0.31606829
v -0.02669203 0.08067116 -0.31318560
v 0.65295672 -0.02681959 0.08764709
v -0.68919903 -0.12448800 0.41119331
v -0.21289815 0.33437011 -0.30209559
v 0.41711009 0.08071250 -0.21888171
v -0.14232555 -0.37476498 -0.27707458
v -0.72364575 0.11422750 0.17608930
v -0.01501826 -0.53858244 0.18858807
v -0.50023288 -0.09463184 -0.29307100
v 0.29834974 0.19561610 0.41011155
v -0.04402247 -0.29288912 -0.41072330
v -0.46665645 0.36873055 0.16835828
v 0.11732107 0.43593851 -0.22645113
v 0.64513266 -0.01371149 0.14151974
v 0.26530507 0.19707961 -0.08459412
v -0.29411957 0.54528815 0.02201945
v -0.60613346 -0.11576675 -0.31962982
v 0.05549826 -0.38700685 -0.17488523
v 0.04948176 -0.22573708 -0.41325456
v -0.45210245 -0.37951609 0.12446660
v 0.16812252 -0.44922963 0.01700062
v -0.52159697 0.16643947 -0.26821610
v 0.35629854 0.20346855 0.04126544
v 0.52042031 0.06438299 -0.02620247
v -0.59702820 -0.20955937 0.13183063
v 0.30971983 0.18308979 0.41732764
v 0.10193305 -0.38852331 0.06956405
v 0.09695077 0.41439298 0.39663759
v -0.66456348 0.18315046 0.41064700
v 0.02951171 0.38727775 -0.19080207
v 0.02013943 -0.43106782 -0.29781055
v 0.38732180 0.06152767 0.38439864
v -0.17762981 -0.22235273 -0.39523992
v -0.45261973 -0.38282105 0.01515932
v 0.03400625 0.33187723 -0.26775566
v 0.14906156 0.38726130 0.41534817
v 0.10885492 -0.38273287 0.21929851
v 0.23370561 0.04122781 -0.24223679
v 0.59568530 0.02200642 0.06876929
v -0.58404344 0.25431708 0.35835892
v 0.31007844 -0.20567670 0.41747874
v -0.05795759 -0.23710611 -0.31576902
v 0.44036940 -0.04656002 -0.13324247
v -0.71538001 0.05329997 -0.14475217
v 0.65916675 0.14642620 -0.01042448
v -0.64731503 0.00016231 0.20559378
v -0.63520199 0.31899416 0.18014902
v 0.31480515 -0.24651942 -0.17477466
v -0.40916276 -0.44967732 -0.24765700
v 0.30596074 -0.04892407 0.08721287
v 0.16474462 0.32118973 -0.06552152
v 0.06253798 -0.13335694 -0.30960226
v -0.32458833 0.53695220 0.26860219
v -0.67376888 -0.24741250 0.06236037
v -0.31209701 0.45434448 0.04392120
v -0.20451842 -0.53744447 -0.18010475
v 0.16138549 0.44867921 0.15908596
v -0.60566610 0.18690710 0.10013008
v -0.22097479 -0.42349896 -0.21832033
v -0.68038392 0.02717114 0.39728144
v 0.63003820 -0.02859630 0.05022053
v 0.32542998 0.25030175 0.38092121
v 0.29835039 0.30893379 0.11784957
v -0.50675654 -0.38861358 0.41057462
v 0.05234650 -0.22111824 -0.30717763
v -0.62979537 -0.31617936 -0.01223379
v -0.08410454 0.17679676 -0.31859016
v -0.31260434 0.45192716 0.12574069
v -0.45251602 -0.37749866 0.21947664
v 0.52788848 0.02711554 0.36159557
v 0.02906224 0.43994021 0.39850557
v -0.63717371 0.05755023 -0.06616916
v -0.55607533 0.40698552 0.03170125
v -0.52996427 -0.29399431 -0.03967485
v -0.31057137 -0.51603055 -0.18953650
v 0.49672395 0.17194882 0.33295956
v 0.32744405 0.17817743 -0.23632081
v -0.01195180 -0.14573896 -0.40305743
v 0.24823534 0.19959937 -0.14218357
v 0.08635695 0.48188886 -0.15457150
v 0.61769682 0.18976885 0.05570085
v 0.14646280 -0.45547464 0.39701149
v 0.30850631 -0.14698675 0.39896688
v -0.72666776 -0.00028915 0.39664167
v 0.26401642 0.19604084 0.11711250
v -0.39979517 -0.36855868 -0.20112492
v -0.31010604 0.44186333 -0.11627278
v 0.49316525 0.12855716 -0.04793969
v -0.41399327 0.44371688 -0.25487828
v 0.34370452 0.07305995 -0.24807210
v -0.44359839 -0.40546116 0.35428500
v -0.42665002 -0.11044357 -0.42269841
v 0.07578750 -0.45314527 -0.24009618
v -0.72363669 -0.08301765 0.38563183
v -0.01559473 -0.24881209 -0.41517016
v -0.59862041 -0.21390063 -0.03784360
v 0.24160548 0.37458363 -0.08132300
v -0.71937537 -0.08367971 -0.08686820
v 0.32001650 -0.28415143 0.20308872
v -0.16826506 -0.55454361 -0.08770726
v 0.26738548 0.19484311 0.05843834
v -0.33328614 -0.52383828 0.39633849
v -0.13074325 -0.47579864 -0.03310667
v -0.18240443 -0.20560049 -0.32172218
v 0.37329951 -0.00026610 0.41767228
v 0.22094156 0.32960302 0.42181972
v -0.43914950 0.23522334 -0.29545522
v 0.21435265 0.32214251 -0.26109356
v -0.72661430 0.05878609 -0.03202853
v -0.64352310 -0.17500055 0.39513043
v 0.59270942 0.11257369 -0.10478086
v 0.24530241 -0.20133786 -0.17223187
v 0.02470119 0.34351748 -0.35722363
v -0.21944569 0.46140131 0.27932546
v 0.19044197 0.27770334 0.22960788
v 0.27997878 -0.11451924 -0.30612978
v 0.59525543 0.15045293 0.34402239
v -0.64486092 0.25874373 0.40883306
v -0.16043757 -0.45991117 -0.30726537
v -0.60758036 -0.00753049 -0.21816586
v -0.01782065 -0.50114822 -0.22350907
v -0.25913253 -0.20438497 -0.31770471
v -0.03458828 0.22666185 -0.40858200
v 0.54611766 -0.01959678 -0.13204113
v 0.05656065 0.20294639 -0.29086575
v 0.22780095 -0.21064484 -0.31702024
v 0.62226611 0.18235786 0.19104601
v 0.44370294 0.09294853 0.18681914
v -0.37321022 -0.42911887 0.31658414
v -0.64750558 -0.00007917 0.14581130
v 0.37956607 0.12100076 -0.01550726
v -0.65944088 -0.27770030 0.17518583
v 0.17760226 0.42079058 -0.15645996
v 0.65601873 -0.01650799 -0.01000036
v -0.61289614 0.17002456 0.25608343
v 0.37788773 0.02204295 0.41546011
v 0.05631637 0.29999855 -0.27284589
v 0.04426369 0.45925009 0.41998380
v 0.35173824 0.20395298 0.32176825
v -0.33333960 -0.39178854 -0.23137707
v -0.12167776 0.21845126 -0.31081975
v 0.27072859 -0.31861138 -0.17718767
v -0.26853946 0.54463542 -0.09339236
v 0.28241774 0.06864160 0.22185607
v 0.11867120 -0.36039174 -0.16274825
v -0.03663938 0.44491363 -0.06393635
v 0.41451997 -0.07282106 0.19908012
v 0.27218989 -0.06103999 -0.19950216
v 0.45779911 0.17732708 -0.11671382
v 0.24018888 -0.23219469 -0.05152110
v -0.51268244 -0.05791479 -0.38105115
v 0.39198023 0.08394969 0.03612365
v -0.52814209 -0.28853229 0.20323195
v -0.37050253 0.01306741 -0.41124058
v 0.09016768 -0.49829614 0.06020788
v 0.24230306 -0.23251754 0.03632284
v -0.48902929 0.33169159 -0.31084630
v -0.45710808 0.37744063 0.07934073
v 0.30746815 -0.04377284 0.00580648
v 0.70497912 0.16729407 0.11159176
v 0.10162368 -0.34604469 -0.20596588
v 0.59197253 0.18237145 0.26600116
v -0.26827452 -0.30541131 -0.28804991
v -0.60412621 0.19291222 0.16020782
v -0.08418023 0.16944434 -0.39101014
v -0.61212713 0.33906800 -0.04619716
v 0.10258275 -0.38793156 0.10976084
v 0.00679631 -0.42060864 0.23833087
v 0.03582559 0.41864923 -0.06479142
v 0.39497146 0.17656997 0.20580247
v -0.04795517 0.40504783 -0.21998410
v 0.13706768 -0.44751090 -0.17482147
v -0.36059916 -0.01829359 -0.39408329
v -0.45211512 -0.35475552 -0.14727105
v -0.03434246 0.26918021 -0.41759470
v 0.10461105 0.38567540 0.06598464
v -0.39383730 0.40945432 0.25760445
v -0.31136855 -0.44848308 0.19740672
v -0.11250051 -0.45792109 -0.13878407
v 0.59476084 0.18182683 -0.05856938
v -0.29961345 0.47033805 0.35629681
v -0.59300119 -0.03930400 -0.22695717
v 0.07707100 0.17684923 -0.41469780
v 0.30476683 -0.05883513 0.20504297
v -0.11931062 -0.22531945 -0.38890088
v -0.10982210 0.06950375 -0.38636890
v 0.54054660 0.12511854 -0.00858001
v 0.33830190 -0.24600872 0.02376318
v -0.23031804 -0.49996877 -0.25697455
v -0.65018588 0.16144852 0.39602712
v 0.23963417 -0.23038204 -0.09890580
v 0.30375633 -0.05956820 0.15679595
v -0.05867923 0.54547852 -0.04935986
v -0.57299095 -0.09309895 -0.23105733
v -0.09055571 -0.08171291 -0.31909695
v -0.48486221 0.33143348 0.03835255
v 0.09456628 0.38338548 0.22691482
v -0.50147462 -0.22276096 -0.26277465
v -0.00103066 0.35344079 -0.25933793
v 0.60701942 0.17397115 0.07355670
v 0.07648692 0.50043529 0.15093039
v -0.62901098 -0.20680356 -0.25870004
v 0.23592064 -0.09027680 -0.24597082
v -0.37135381 0.38598591 -0.20524207
v 0.55715001 -0.00325292 -0.01376783
v -0.45601004 0.47401369 -0.09250737
v -0.57527363 0.19257821 -0.17460050
v -0.58267248 -0.35633397 0.40419763
v 0.21265142 -0.39337528 0.41129100
v -0.59868890 0.18726738 -0.30362487
v -0.55883324 -0.36043465 -0.20376636
v -0.25665501 0.53134298 0.41285899
v -0.09412395 -0.38615865 -0.35800418
v -0.59581614 -0.20959100 0.16866632
v -0.37354594 0.11309615 -0.42210850
v -0.45166078 -0.02494027 -0.42258266
v 0.39591455 0.11453038 -0.08121841
v -0.49948007 -0.44689828 -0.04296844
v 0.72065002 0.02598237 0.22812432
v -0.49892625 -0.32765898 0.27085075
v -0.48427227 -0.32317123 -0.31687230
v 0.12220216 0.47690916 0.04654764
v 0.22507675 -0.33231089 -0.24237531
v 0.29220834 -0.18352813 -0.26976898
v -0.64845192 -0.00057833 0.08699904
v 0.72342545 0.02609962 0.10225954
v 0.52664912 -0.03653312 0.27904919
v 0.04386092 0.47080672 -0.23639224
v -0.59804296 -0.20965964 0.09523223
v -0.37555948 0.51402754 0.39456540
v -0.70139939 0.16699485 -0.06766850
v 0.73335886 0.07075886 0.14499043
v 0.34871078 0.19547565 0.39829439
v -0.46562555 0.37548223 -0.00760478
v 0.20551957 0.40831563 0.28123537
v -0.61881155 -0.13918190 -0.04917083
v 0.58375990 0.17288947 -0.08415832
v -0.62233365 0.33378670 0.06868319
v -0.40548328 -0.50193322 -0.05815472
v 0.27203381 0.06587140 -0.31977397
v 0.69775689 0.09921816 0.04101658
v -0.33619401 -0.53206539 0.01611019
v -0.66596931 -0.07273684 0.39488116
v 0.05922140 -0.51029176 -0.04645346
v -0.12388352 -0.50988984 -0.24425602
v -0.12634511 0.47450593 -0.00020804
v -0.33767632 0.41691050 -0.32036203
v 0.26105052 0.32951283 0.41133940
v 0.21430463 0.10283495 -0.24856667
v 0.14422658 -0.36153561 0.34203285
v 0.48292002 0.06198964 0.35646611
v 0.49765912 0.01688865 -0.04720639
v -0.68648386 0.16536009 -0.16821161
v 0.04548332 0.22549134 -0.41350374
v -0.68524164 -0.21305139 -0.04927000
v 0.28912961 0.06798492 0.30203852
v 0.34886581 0.20220110 -0.09760274
v -0.29434285 -0.53828192 -0.09778644
v -0.46531564 0.34049925 -0.16712119
v -0.29229954 0.28573927 -0.41311938
v -0.49065018 -0.43554902 -0.16729559
v -0.49163672 0.43295100 -0.17519426
v 0.26609498 -0.35530427 0.27361205
v -0.08716653 -0.53852725 -0.16052590
v -0.67156476 0.25695401 0.09567928
v 0.70978153 -0.01800653 0.17906643
v -0.05130615 -0.48481444 0.41115117
v 0.30350441 -0.04495250 -0.08647805
v -0.52697629 0.15133746 -0.36380649
v -0.11899695 0.45450529 -0.15524836
v 0.27368081 0.11673021 -0.13819315
v -0.37826359 -0.39853850 -0.31750160
v 0.42626062 0.14477703 0.32094142
v 0.30650276 -0.05944907 0.25604233
v 0.27473536 0.16709550 0.31869155
v -0.19998884 0.54245132 -0.16310605
v -0.12730999 -0.48680171 0.36008817
v -0.12259397 -0.08264598 -0.38287759
v 0.11216883 0.37740794 0.30737647
v -0.56852722 -0.38261846 -0.09375734
v -0.53374344 0.29853526 0.29359090
v -0.70209873 -0.18523337 0.15065457
v 0.19301566 -0.28154042 -0.14857340
v -0.44835472 0.25658807 -0.36919194
v 0.23872438 0.38027623 0.19224390
v -0.13431558 0.36519828 -0.28106460
v 0.61474228 -0.01429085 0.21689105
v -0.54084277 0.41391289 -0.06977879
v 0.18769000 0.13774209 -0.36441672
v -0.07324039 -0.52004552 0.41994882
v -0.55167240 0.01095924 -0.27225715
v -0.12694411 0.47516900 0.32203680
v -0.73060918 -0.03442543 0.02524543
v 0.24392675 -0.38364822 0.06852552
v 0.24466574 -0.23231657 0.12427937
v -0.31137413 0.45258141 0.26336917
v -0.05304340 0.48592487 -0.26575673
v -0.22165707 -0.07965957 -0.39789003
v -0.32585549 -0.47565955 -0.26133791
v 0.32303593 0.11749693 0.41802773
v 0.05123101 0.48074296 0.41817787
v -0.63734049 0.00438194 -0.11011518
v 0.26090920 0.19800305 0.25573894
v -0.41903347 0.37960330 -0.31665531
v -0.53211981 0.32035211 0.36292300
v 0.62493670 0.18449697 0.08922305
v -0.70569324 -0.04975207 -0.18482086
v 0.08072799 -0.24033961 -0.27284199
v -0.11606866 0.13321114 -0.39405227
v -0.11371918 -0.44519547 -0.18517773
v -0.22596821 -0.55517071 0.00610826
v 0.08965346 0.39745951 -0.29517847
v -0.13096006 -0.00517177 -0.38194582
v 0.16144134 -0.45540938 0.12698591
v -0.01198610 0.18225050 -0.30985564
v 0.14236355 0.46078688 -0.06070875
v 0.61470699 0.10068370 0.11429225
v -0.29592529 0.37121522 -0.26337546
v 0.26130840 0.35070956 0.28777725
v -0.63511544 -0.29449993 -0.12010354
v 0.21580504 -0.11383802 -0.25244117
v 0.21543105 0.40589270 0.01036783
v -0.51426661 0.26181972 -0.21153098
v -0.31184986 -0.45035365 0.11816604
v -0.47900364 0.46759024 0.03046108
v -0.56319338 -0.22054541 -0.31813282
v -0.07467747 -0.30583042 -0.40961927
v 0.23530513 0.35387030 -0.18526407
v 0.11576800 0.26804551 -0.26382697
v -0.05056915 0.44301561 0.29549676
v -0.07853120 0.26136243 -0.41462156
v -0.63774765 0.09240500 0.30828705
v -0.21356417 0.38440880 -0.36332536
v 0.49751878 0.00250516 -0.17889881
v -0.48308167 -0.39253640 -0.26068637
v 0.09575193 -0.39265719 -0.08038807
v -0.57966715 -0.20055656 -0.14053890
v 0.31866986 -0.28581139 0.11416639
v -0.70840216 0.16530281 0.05697308
v -0.56603694 -0.39408097 0.02615409
v -0.12804458 -0.47326258 0.04320934
v 0.30771187 -0.07330499 0.30728799
v 0.23039307 0.39153969 0.09869022
v -0.12515301 -0.47054079 0.12369025
v -0.05639763 -0.43012348 -0.17267674
v -0.21489818 0.43069661 -0.21040763
v 0.29039624 -0.03028161 -0.30926698
v -0.68127245 -0.18419126 -0.16231394
f 1590 1750 1907
f 1945 1750 1590
f 1696 1959 1750
f 1761 1750 1945
f 1718 1932 1992
f 1357 1854 1396
f 1854 1978 1396
f 2000 1357 1972
f 1972 1863 1932
f 1357 1863 1972
f 1907 1972 1718
f 1718 1972 1932
f 1854 1647 1669
f 1669 1978 1854
f 1647 1854 2000
f 2000 1854 1357
f 1888 1989 1138
f 1750 2000 1907
f 1907 2000 1972
f 1888 1748 1480
f 1888 1086 1748
f 1989 1480 151
f 1888 1480 1989
f 1475 1669 1647
f 1475 1501 1669
f 1959 1647 2000
f 1750 1959 2000
f 1959 1475 1647
f 629 1888 1138
f 629 132 1888
f 831 132 629
f 1834 93 629
f 93 831 629
f 1772 93 1834
f 23 1772 1834
f 1954 1603 132
f 1603 1537 132
f 831 1954 132
f 1863 1913 1932
f 1913 1863 1987
f 1992 1932 1870
f 1932 1913 1870
f 1396 1987 1863
f 1978 1873 1396
f 1987 1396 1873
f 1978 211 1873
f 153 1161 1850
f 1863 1357 1396
f 783 151 1036
f 72 1036 153
f 1036 1452 153
f 72 153 1850
f 1452 196 1500
f 1452 1500 153
f 151 1480 1726
f 1480 1748 1726
f 1748 1086 1726
f 1036 1726 1452
f 151 1726 1036
f 196 1726 1826
f 1452 1726 196
f 1438 1726 1394
f 1726 1686 1394
f 1826 1726 1438
f 1429 1040 211
f 1669 1429 1978
f 1429 211 1978
f 326 1184 685
f 1850 1184 72
f 103 1184 1850
f 685 1184 103
f 1096 326 685
f 103 1850 1275
f 1275 1850 1161
f 1220 1096 685
f 1074 1989 783
f 1074 1138 1989
f 1074 783 1118
f 326 1138 1074
f 151 783 1989
f 1184 1118 72
f 1074 1118 1184
f 326 1074 1184
f 783 72 1118
f 783 1036 72
f 1803 1429 1669
f 1231 1039 1803
f 1803 1312 1429
f 1312 1040 1429
f 1803 1193 1312
f 1039 1193 1803
f 1501 1803 1669
f 1501 1231 1803
f 1572 1834 1846
f 1943 1834 1572
f 1943 23 1834
f 1096 1846 326
f 1661 1846 1096
f 1572 1846 1661
f 1281 1943 1572
f 190 1281 1572
f 1661 1096 1220
f 1846 629 1138
f 1834 629 1846
f 1846 1138 326
f 1727 948 1951
f 1701 1951 948
f 654 1870 1891
f 1924 1987 1873
f 1987 1924 1701
f 1924 1951 1701
f 1701 1913 1987
f 948 1913 1701
f 1826 1438 1484
f 1237 1738 464
f 1826 1738 1237
f 1826 1484 1738
f 1738 1484 799
f 1870 948 1891
f 1870 1913 948
f 1686 1446 1394
f 1438 1394 1446
f 1438 1446 1484
f 211 981 1873
f 981 211 820
f 820 971 981
f 735 1500 551
f 1500 735 1161
f 1873 981 1924
f 551 1500 464
f 464 350 551
f 954 735 551
f 464 1277 350
f 1277 464 799
f 350 1277 1056
f 1216 551 350
f 1216 954 551
f 196 1826 1237
f 1500 196 1237
f 153 1500 1161
f 464 1500 1237
f 464 1738 799
f 211 1040 668
f 668 603 211
f 211 603 820
f 1040 1744 668
f 1744 1354 668
f 603 288 820
f 668 288 603
f 668 1354 288
f 1220 103 1275
f 1220 685 103
f 1220 1275 1631
f 1631 1161 735
f 1631 1275 1161
f 1245 1220 1631
f 1380 1220 1245
f 954 1631 735
f 1631 954 1245
f 1039 1868 1193
f 1312 1744 1040
f 1312 268 1744
f 1193 268 1312
f 1868 268 1193
f 1868 106 268
f 1052 106 1868
f 268 1354 1744
f 106 1354 268
f 106 1825 1354
f 980 1661 1220
f 980 1572 1661
f 190 1572 980
f 1322 190 980
f 656 190 1322
f 980 1220 1380
f 1322 980 1339
f 1339 980 1380
f 1609 1322 1339
f 1609 656 1322
f 1910 948 1727
f 1841 1727 1951
f 1910 1727 1708
f 1708 1727 1841
f 1910 1891 948
f 1894 1891 1910
f 1963 1894 1910
f 282 1588 408
f 282 1924 1588
f 408 931 282
f 1277 799 1792
f 282 1951 1924
f 1792 1005 1277
f 1005 1792 10
f 1951 282 1841
f 10 909 1095
f 1095 1005 10
f 1484 1253 799
f 1253 1484 1130
f 799 1253 1792
f 1484 1089 1130
f 1253 10 1792
f 1130 10 1253
f 1130 909 10
f 1446 242 1089
f 1446 1089 1484
f 242 1615 1089
f 971 848 981
f 1588 981 848
f 1924 981 1588
f 848 1568 1588
f 1588 1568 408
f 1216 350 1056
f 1277 1005 1056
f 1815 1056 1005
f 1815 1216 1056
f 1774 1216 1815
f 1815 1005 1095
f 288 971 820
f 288 1616 971
f 288 1299 1616
f 1354 1299 288
f 971 1616 848
f 1616 1568 848
f 1616 1302 1568
f 1299 1302 1616
f 1264 1245 954
f 1380 1245 1264
f 1264 954 1216
f 1216 1774 1264
f 1651 1264 1774
f 1825 1299 1354
f 1825 1241 1299
f 1241 1038 1299
f 1038 1950 1299
f 1038 1187 1950
f 1586 1609 1339
f 1651 1380 1264
f 1339 1380 1651
f 1586 1339 1651
f 1652 1586 1651
f 1897 1841 1771
f 1897 1708 1841
f 1916 1752 1708
f 1916 1708 1897
f 1752 1910 1708
f 1963 1910 1752
f 1752 519 1963
f 282 1865 1771
f 931 1865 282
f 931 761 1865
f 1865 761 1554
f 909 1711 1095
f 282 1771 1841
f 1504 1711 376
f 1711 1504 1095
f 1658 1504 376
f 376 1288 1658
f 1288 1412 1658
f 1130 1711 909
f 1089 1711 1130
f 1089 1615 1711
f 1615 376 1711
f 1615 1831 376
f 1831 1962 376
f 1288 376 1962
f 1831 1615 1395
f 1395 1615 1755
f 408 1570 931
f 1568 1570 408
f 1302 1570 1568
f 1302 1685 1570
f 1570 761 931
f 1570 1490 761
f 1685 1490 1570
f 1490 1554 761
f 1490 646 1554
f 1685 646 1490
f 1685 1837 646
f 1756 1774 1815
f 1504 1815 1095
f 1287 1815 1504
f 1756 1815 1287
f 183 1756 1287
f 1287 1504 1658
f 1299 1950 1302
f 1950 1685 1302
f 1950 275 1685
f 275 1837 1685
f 1651 1774 1756
f 1950 1930 275
f 1187 1930 1950
f 1187 1965 1930
f 1847 1651 1756
f 1847 1652 1651
f 1897 1771 518
f 1773 1897 518
f 1916 1897 1773
f 1583 1916 1773
f 1583 1535 1916
f 1535 1752 1916
f 519 1752 1535
f 1412 687 1658
f 518 1771 1865
f 1865 1683 518
f 518 1683 1773
f 1683 1865 310
f 1288 1962 1412
f 1831 1997 1962
f 1962 1997 1412
f 687 1997 639
f 1997 687 1412
f 1997 1013 639
f 639 1013 1527
f 1755 1532 1395
f 1532 1831 1395
f 1532 1997 1831
f 1532 1013 1997
f 1532 949 1013
f 1554 877 1865
f 646 877 1554
f 646 32 877
f 1837 32 646
f 1865 877 1979
f 32 1979 877
f 32 1363 1979
f 1837 1363 32
f 1837 1367 1363
f 1363 1663 1979
f 1363 29 1663
f 1367 29 1363
f 1979 310 1865
f 1979 1663 310
f 1367 1747 29
f 29 1215 1663
f 29 1747 1215
f 1663 1215 310
f 1287 1658 687
f 639 1287 687
f 1694 183 1287
f 1527 1287 639
f 1694 1287 1527
f 1462 1527 1121
f 1341 1527 1462
f 1341 1694 1527
f 275 1367 1837
f 275 319 1367
f 319 1730 1367
f 1367 1356 1747
f 1730 1356 1367
f 1847 1756 183
f 1423 1847 183
f 1423 183 1694
f 1423 1694 1341
f 1930 319 275
f 1965 561 1930
f 1930 561 319
f 561 1292 319
f 319 1292 1730
f 785 1847 1423
f 1653 1847 785
f 1352 1590 1934
f 1172 1352 1934
f 266 1172 1619
f 749 1172 266
f 749 695 1172
f 1248 749 266
f 58 749 1248
f 236 1945 1352
f 1352 1945 1590
f 953 1352 1172
f 695 953 1172
f 1746 695 749
f 900 695 1746
f 801 1746 447
f 801 900 1746
f 309 900 801
f 1736 900 309
f 613 749 58
f 679 749 613
f 679 1746 749
f 740 1746 679
f 447 1746 740
f 485 309 801
f 755 309 485
f 253 1736 309
f 253 309 755
f 1194 1408 860
f 878 1194 269
f 878 1127 1194
f 1706 1907 1718
f 1597 1706 1718
f 1597 1718 1992
f 1784 1706 1597
f 1784 1597 860
f 1408 1784 860
f 1619 1784 1408
f 662 1619 1408
f 612 1619 662
f 612 662 245
f 662 1408 1127
f 1127 1408 1194
f 449 612 245
f 245 662 661
f 110 245 661
f 110 449 245
f 1 449 110
f 1133 662 1127
f 661 662 1133
f 597 661 529
f 597 110 661
f 1 110 597
f 1133 1127 386
f 195 661 1133
f 195 1133 341
f 195 529 661
f 781 597 529
f 781 1 597
f 386 1127 878
f 1021 1133 386
f 341 1133 1021
f 428 195 341
f 11 195 428
f 11 529 195
f 781 11 172
f 11 781 529
f 781 172 1085
f 1542 269 1860
f 1542 878 269
f 1542 386 878
f 1542 1021 386
f 471 341 1021
f 873 428 471
f 428 341 471
f 11 428 873
f 1314 172 873
f 172 11 873
f 844 172 1314
f 844 1085 172
f 1590 1907 1706
f 1934 1590 1706
f 21 1086 1888
f 1619 1172 1934
f 1934 1706 1784
f 1619 1934 1784
f 1459 1258 1866
f 1677 1459 1866
f 266 1619 369
f 369 1619 612
f 1424 1406 1232
f 1424 424 1406
f 1459 1506 1424
f 1506 424 1424
f 682 1424 1387
f 1424 1232 1387
f 1459 682 1258
f 1459 1424 682
f 1611 266 369
f 822 266 1611
f 822 1248 266
f 1655 58 1248
f 840 612 124
f 840 369 612
f 1611 369 840
f 171 822 1611
f 171 1611 930
f 927 822 171
f 69 822 927
f 69 1248 822
f 1655 1248 69
f 124 612 449
f 729 1611 840
f 729 840 419
f 729 930 1611
f 567 930 1064
f 567 171 930
f 927 171 567
f 382 572 69
f 572 1655 69
f 1644 124 449
f 1644 449 1
f 419 124 1644
f 419 840 124
f 68 729 419
f 1064 729 68
f 1064 930 729
f 1762 567 1064
f 576 567 1762
f 576 927 567
f 576 69 927
f 424 382 576
f 382 69 576
f 1644 1 235
f 235 419 1644
f 233 68 235
f 68 419 235
f 1406 1762 233
f 1762 68 233
f 1762 1064 68
f 424 1762 1406
f 424 576 1762
f 1085 235 781
f 235 1 781
f 615 233 1085
f 233 235 1085
f 1406 615 1232
f 1406 233 615
f 615 1085 844
f 615 844 1232
f 1537 1306 132
f 132 21 1888
f 132 1306 21
f 1306 1877 21
f 1877 1881 21
f 1782 1698 1459
f 1881 1459 1677
f 1877 1459 1881
f 1877 1782 1459
f 1506 1895 348
f 748 1895 1506
f 501 1640 1506
f 1640 748 1506
f 1506 348 424
f 1698 1506 1459
f 1698 28 1506
f 28 501 1506
f 613 58 1655
f 587 447 740
f 893 447 587
f 893 801 447
f 485 801 893
f 572 613 1655
f 556 613 572
f 556 679 613
f 587 679 556
f 587 740 679
f 805 485 893
f 1077 485 805
f 1077 755 485
f 1077 253 755
f 348 556 572
f 1895 556 348
f 1895 587 556
f 805 587 1895
f 805 893 587
f 748 1077 805
f 348 382 424
f 572 382 348
f 805 1895 748
f 1597 1992 1411
f 1411 1992 654
f 1992 1870 654
f 860 1597 1411
f 1194 860 1402
f 1402 860 1411
f 1411 654 619
f 1402 1411 619
f 269 1194 258
f 481 258 1194
f 481 1194 393
f 24 481 393
f 1455 393 1194
f 1455 1194 1402
f 1455 1402 1580
f 667 808 764
f 1860 269 544
f 544 258 143
f 544 269 258
f 22 544 541
f 22 1860 544
f 143 258 481
f 541 544 143
f 541 143 1242
f 379 22 541
f 13 24 490
f 13 481 24
f 13 143 481
f 1242 143 13
f 1113 541 1242
f 379 541 1113
f 490 393 855
f 490 24 393
f 1146 1242 13
f 1113 1242 1146
f 193 1113 1146
f 379 1113 193
f 393 1455 725
f 855 393 725
f 476 490 855
f 337 490 476
f 337 13 490
f 1716 13 337
f 1716 1146 13
f 176 1146 1716
f 193 1146 176
f 725 1455 1117
f 48 855 725
f 48 476 855
f 197 476 48
f 337 476 197
f 1097 1716 337
f 176 1716 1097
f 178 725 1117
f 178 48 725
f 1087 48 178
f 1087 197 48
f 139 197 1087
f 139 337 197
f 1097 337 139
f 667 1097 808
f 176 1097 667
f 1086 21 1726
f 127 1805 1672
f 21 127 1726
f 21 1881 127
f 1881 1805 127
f 1726 127 1686
f 1866 1258 1805
f 1866 1805 1677
f 1677 1805 1881
f 1805 208 1672
f 1805 1721 208
f 1805 1872 1721
f 1232 844 1387
f 844 465 1387
f 844 671 465
f 1258 465 1805
f 1258 682 465
f 1387 465 682
f 671 1410 465
f 465 1410 1872
f 1805 465 1872
f 1872 667 764
f 1410 667 1872
f 1872 1648 1721
f 1872 764 1648
f 578 1860 22
f 578 1542 1860
f 566 1542 578
f 566 1021 1542
f 471 1021 566
f 1343 873 471
f 1314 873 1343
f 844 1314 671
f 1003 578 22
f 566 578 1003
f 332 471 566
f 1343 471 332
f 1314 1343 671
f 1017 22 379
f 1003 22 1017
f 850 566 1003
f 332 850 487
f 332 566 850
f 671 332 487
f 1343 332 671
f 1017 379 773
f 773 1003 1017
f 487 850 773
f 850 1003 773
f 487 1410 671
f 193 773 379
f 222 773 193
f 773 222 487
f 1410 487 222
f 222 176 667
f 222 193 176
f 1410 222 667
f 1894 654 1891
f 619 1894 1601
f 619 654 1894
f 1580 1402 619
f 581 1580 619
f 581 619 1601
f 1455 1580 325
f 276 1455 325
f 313 325 1580
f 203 1580 581
f 203 313 1580
f 999 276 325
f 999 59 276
f 378 59 999
f 1185 999 325
f 1185 378 999
f 443 1185 325
f 1141 1185 443
f 443 325 313
f 1499 1141 443
f 697 1141 1499
f 135 443 313
f 135 1499 443
f 1566 1499 135
f 403 1499 1566
f 403 697 1499
f 250 1566 135
f 257 1566 250
f 257 403 1566
f 1686 1325 1446
f 127 1325 1686
f 127 1976 1325
f 1672 1976 127
f 1721 1197 208
f 208 1976 1672
f 208 1830 1976
f 1197 1830 208
f 808 1743 764
f 764 1197 1648
f 764 1743 1781
f 1648 1197 1721
f 764 1781 1197
f 276 1117 1455
f 59 1117 276
f 475 1117 59
f 184 1117 475
f 184 178 1117
f 274 184 475
f 1468 178 184
f 1468 1087 178
f 139 1087 1468
f 1097 139 808
f 347 475 59
f 347 59 378
f 347 274 475
f 1164 184 274
f 1164 1468 184
f 139 1743 808
f 139 1164 1743
f 1164 139 1468
f 553 347 378
f 553 274 347
f 1164 861 1743
f 861 1164 553
f 1164 274 553
f 122 378 1185
f 553 122 1291
f 122 553 378
f 553 1291 861
f 262 1185 1141
f 262 122 1185
f 122 262 1291
f 1291 241 861
f 1781 861 241
f 861 1781 1743
f 304 1141 697
f 304 262 1141
f 1291 1404 241
f 1404 262 304
f 1404 1291 262
f 304 403 1404
f 403 304 697
f 241 1404 1252
f 1781 241 1252
f 1404 257 1252
f 403 257 1404
f 1601 1894 1963
f 244 1601 1963
f 581 1601 244
f 511 581 244
f 747 313 203
f 511 203 581
f 377 747 203
f 377 203 511
f 1754 135 313
f 150 135 1754
f 150 250 135
f 140 250 150
f 257 140 634
f 140 257 250
f 1754 313 747
f 239 150 1754
f 786 150 239
f 786 140 150
f 634 140 786
f 1179 1754 747
f 1179 239 1754
f 219 239 1179
f 219 786 239
f 259 169 932
f 634 169 259
f 169 786 219
f 169 634 786
f 815 1179 747
f 624 1179 815
f 624 219 1179
f 169 219 624
f 73 815 747
f 1317 815 73
f 1045 815 1317
f 1045 624 815
f 895 624 1045
f 169 683 932
f 169 895 683
f 895 169 624
f 73 747 533
f 388 1317 73
f 512 1317 388
f 512 1045 1317
f 841 1045 512
f 841 895 1045
f 895 841 683
f 377 533 747
f 546 73 533
f 546 388 73
f 802 388 546
f 802 512 388
f 841 512 802
f 582 546 533
f 1016 546 582
f 802 546 1016
f 754 841 802
f 841 754 683
f 1325 242 1446
f 1325 1615 242
f 1830 1559 1976
f 1197 1453 1830
f 1781 1453 1197
f 1781 457 1453
f 1252 457 1781
f 1252 932 457
f 932 683 457
f 1830 1453 1559
f 1453 177 1559
f 457 177 1453
f 683 177 457
f 257 259 1252
f 259 257 634
f 1252 259 932
f 244 1963 519
f 1560 244 519
f 1560 511 244
f 287 511 1560
f 683 1579 177
f 1579 1556 177
f 784 377 511
f 1556 1243 177
f 784 511 287
f 1556 1929 1243
f 939 533 377
f 939 582 533
f 1016 582 939
f 765 802 1016
f 754 802 765
f 754 1579 683
f 920 939 377
f 417 939 920
f 417 1016 939
f 765 1016 417
f 754 765 1579
f 625 920 377
f 417 920 625
f 765 417 100
f 765 100 1579
f 278 377 784
f 278 625 377
f 1393 625 278
f 1393 417 625
f 417 1393 100
f 1579 100 1556
f 391 278 784
f 1393 278 391
f 1393 1643 100
f 100 1643 1556
f 821 391 784
f 573 391 821
f 573 1393 391
f 1393 573 1643
f 422 821 784
f 335 821 422
f 335 573 821
f 573 1629 1643
f 573 335 1629
f 1643 1929 1556
f 1643 1629 1929
f 1058 422 784
f 335 422 1058
f 335 887 1629
f 1629 887 1929
f 1325 1993 1615
f 1976 1993 1325
f 1976 1996 1993
f 1615 1993 1755
f 1976 1559 1996
f 1559 1604 1996
f 177 421 1559
f 421 177 1243
f 421 1604 1559
f 1602 1560 519
f 1602 519 1535
f 1660 287 1560
f 1660 1560 1602
f 946 784 287
f 1929 192 1243
f 1496 946 287
f 1496 287 1660
f 733 1058 784
f 277 1058 733
f 277 335 1058
f 335 55 887
f 55 335 277
f 887 192 1929
f 887 55 192
f 102 784 946
f 102 733 784
f 277 733 102
f 1010 55 277
f 55 1010 192
f 477 102 946
f 1942 102 477
f 1942 277 102
f 1010 277 1942
f 1010 536 192
f 592 477 946
f 1942 477 592
f 997 1010 1942
f 1010 997 536
f 1614 1942 592
f 213 1942 1614
f 213 997 1942
f 997 1919 536
f 1919 997 213
f 536 1919 1079
f 854 592 946
f 854 1614 592
f 213 1614 854
f 993 1919 213
f 1919 993 1079
f 617 854 946
f 138 854 617
f 138 213 854
f 993 213 138
f 594 617 946
f 138 617 594
f 993 928 1079
f 928 993 138
f 1993 1532 1755
f 1993 949 1532
f 1993 1403 949
f 1996 1403 1993
f 1996 1679 1403
f 1996 1819 1679
f 1604 1820 1996
f 1996 1820 1819
f 1243 774 421
f 192 774 1243
f 421 1820 1604
f 421 774 1820
f 536 774 192
f 536 1079 774
f 1079 928 699
f 1079 699 774
f 1761 1696 1750
f 1883 1696 1761
f 1883 1905 1696
f 467 1501 1475
f 354 1051 467
f 467 1051 1501
f 467 1475 1959
f 1696 467 1959
f 1905 467 1696
f 831 1724 1954
f 918 93 1772
f 1270 93 918
f 1270 831 93
f 1344 831 1270
f 1355 1724 831
f 1344 1355 831
f 918 1772 23
f 1954 1724 1603
f 1724 1537 1603
f 354 1862 1051
f 1347 1862 354
f 1905 354 467
f 1905 1347 354
f 1503 1347 1905
f 1001 1355 1344
f 1001 979 1355
f 721 1001 1344
f 1503 1905 1883
f 1883 1329 1503
f 1498 867 1355
f 979 1498 1355
f 979 1088 1498
f 1088 523 1498
f 523 867 1498
f 198 1347 1503
f 198 653 1347
f 1329 1818 1503
f 1818 198 1503
f 1921 1251 1231
f 1231 1633 1039
f 1251 1633 1231
f 1921 945 1251
f 1051 1231 1501
f 918 23 1943
f 1270 918 1943
f 1051 1921 1231
f 514 1270 1943
f 859 1270 514
f 859 956 1270
f 514 1943 775
f 623 956 859
f 1943 1281 775
f 775 1281 190
f 1308 623 859
f 956 1344 1270
f 1921 217 945
f 1862 1921 1051
f 1451 721 956
f 709 1921 1862
f 1674 956 623
f 1674 1451 956
f 1212 1451 1674
f 264 1674 623
f 709 1936 1921
f 1975 1212 1674
f 1349 1674 264
f 430 1674 1349
f 430 1975 1674
f 264 623 1308
f 721 1344 956
f 1859 1001 721
f 96 1859 721
f 1481 979 1001
f 96 721 1451
f 1481 1001 1859
f 1212 1859 96
f 1150 1859 1212
f 1150 1481 1859
f 1212 96 1451
f 1482 979 1481
f 1482 1088 979
f 523 1088 1482
f 627 867 523
f 1482 627 523
f 1347 709 1862
f 653 709 1347
f 653 1809 709
f 1809 1936 709
f 1759 1975 430
f 1444 1975 1759
f 1975 1150 1212
f 1975 1271 1150
f 1271 1481 1150
f 1271 1223 1481
f 1444 1271 1975
f 1525 1271 1444
f 1525 1911 1271
f 1911 1223 1271
f 1495 1223 1911
f 1223 1482 1481
f 1297 627 1482
f 812 627 1297
f 1223 1297 1482
f 653 853 1809
f 198 853 653
f 1940 1914 198
f 198 1914 853
f 1940 198 1818
f 1725 1940 1818
f 1977 1940 1725
f 1858 1914 1940
f 1977 1858 1940
f 423 1297 1223
f 423 990 1297
f 990 812 1297
f 990 1886 812
f 1633 1868 1039
f 1251 788 1633
f 945 788 1251
f 1633 1052 1868
f 1633 788 1052
f 945 1867 788
f 1052 1806 106
f 788 1806 1052
f 1806 1825 106
f 788 1867 1806
f 656 775 190
f 514 775 656
f 1308 859 514
f 1308 514 656
f 1399 656 1609
f 1399 1308 656
f 1936 217 1921
f 1936 1598 217
f 1936 1382 1598
f 217 1867 945
f 1598 1867 217
f 1598 1382 1867
f 800 1349 264
f 430 1349 800
f 800 264 1308
f 1029 430 800
f 1759 430 1029
f 187 1759 1029
f 1399 800 1308
f 187 1029 800
f 187 800 1399
f 1472 187 1399
f 1936 1199 1382
f 1956 1199 1936
f 1545 1444 1759
f 1328 1545 1759
f 1809 1956 1936
f 1328 1759 187
f 1041 1531 1545
f 1472 1328 187
f 701 1328 1472
f 701 1545 1328
f 595 1545 701
f 595 1041 1545
f 969 1041 595
f 1531 1911 1525
f 1531 1444 1545
f 1531 1525 1444
f 853 1956 1809
f 853 1741 1956
f 1741 1899 1956
f 648 969 595
f 1741 1626 1899
f 1914 1741 853
f 738 1741 1914
f 969 1531 1041
f 969 1911 1531
f 969 1495 1911
f 1495 969 1856
f 1856 969 648
f 1739 1856 1373
f 423 1223 1495
f 296 1886 990
f 296 990 423
f 296 423 1495
f 1856 296 1495
f 296 1856 1739
f 1858 738 1914
f 1858 923 738
f 738 1626 1741
f 837 1858 1977
f 1858 837 923
f 1806 1241 1825
f 1867 1241 1806
f 960 1241 1867
f 960 1038 1241
f 960 1187 1038
f 1399 1609 1586
f 1652 1399 1586
f 1382 960 1867
f 1382 1229 960
f 1229 1483 960
f 1544 1472 1399
f 1544 1399 1069
f 1199 1229 1382
f 1899 1912 1199
f 1956 1899 1199
f 1199 1912 1229
f 1912 1483 1229
f 1912 1508 1483
f 1544 701 1472
f 1132 701 1544
f 1132 595 701
f 1970 1132 228
f 1970 595 1132
f 228 1132 1544
f 228 1544 1069
f 1109 228 1069
f 1899 1985 1912
f 1985 1508 1912
f 648 595 1970
f 1301 648 1970
f 1301 189 648
f 1626 524 1899
f 1109 1970 228
f 1033 1301 1970
f 524 1985 1899
f 1033 1970 1109
f 189 1856 648
f 1373 1856 189
f 1373 189 1301
f 416 1301 1033
f 416 1373 1301
f 1739 1373 416
f 1456 296 1739
f 1547 1456 1739
f 1626 1538 524
f 1200 1538 1626
f 738 1200 1626
f 923 1200 738
f 923 1795 1200
f 1795 1928 1200
f 1200 1928 1538
f 837 1795 923
f 837 1668 1795
f 960 1961 1187
f 1961 1838 1187
f 1187 1838 1965
f 1420 1399 1652
f 1420 1652 1847
f 1483 1961 960
f 1483 1441 1961
f 768 1441 1483
f 1441 768 1006
f 1069 1399 1420
f 1793 1069 1420
f 1719 1793 1420
f 1508 768 1483
f 1508 1155 768
f 1985 1155 1508
f 1155 577 768
f 768 577 1006
f 577 1065 1006
f 1656 1109 1069
f 1656 1069 19
f 19 1069 1793
f 1617 1656 19
f 950 1617 19
f 1985 577 1155
f 1985 1065 577
f 1985 62 1065
f 1033 1109 1656
f 483 1033 1656
f 483 1656 1617
f 1938 483 1617
f 524 1636 1985
f 1440 483 1938
f 1183 1440 1938
f 1636 62 1985
f 1938 1617 950
f 1183 1938 1226
f 1998 1033 483
f 1998 416 1033
f 1998 1739 416
f 1610 1739 1998
f 1610 1547 1739
f 1440 1998 483
f 1333 1998 1922
f 1333 1610 1998
f 1922 1998 1440
f 1922 1440 565
f 565 1440 1183
f 1538 1636 524
f 1538 297 1636
f 1928 297 1538
f 1928 1564 297
f 1668 1213 1795
f 1795 1213 1928
f 942 1610 1333
f 1898 1610 942
f 1213 1564 1928
f 1838 561 1965
f 1961 1575 1838
f 1838 1575 561
f 561 1575 1292
f 1653 1420 1847
f 1441 1817 1961
f 1961 1817 1575
f 1441 1775 1817
f 1817 1285 1575
f 1775 1285 1817
f 1775 1169 1285
f 1719 1420 1653
f 1967 1719 1653
f 1006 1983 1441
f 1065 1983 1006
f 1065 1047 1983
f 1983 1775 1441
f 1983 1827 1775
f 1047 1827 1983
f 1775 543 1169
f 1827 543 1775
f 1047 1765 1827
f 596 950 19
f 159 596 19
f 1967 1793 1719
f 1300 1793 1967
f 1300 19 1793
f 1300 159 19
f 1851 159 1300
f 62 1047 1065
f 62 1765 1047
f 596 1938 950
f 1226 1938 596
f 1607 1226 596
f 1607 596 159
f 1823 1226 1607
f 1823 1607 159
f 1949 1348 62
f 1578 1823 159
f 62 1348 1765
f 1851 1578 159
f 555 1183 1226
f 555 565 1183
f 1922 565 555
f 1823 555 1226
f 495 1922 555
f 1333 1922 1798
f 495 555 1823
f 1798 1922 495
f 495 1823 1578
f 942 1333 1798
f 1798 1898 942
f 1636 1949 62
f 297 1949 1636
f 1564 1321 297
f 297 1321 1949
f 1213 1845 1564
f 1564 1845 1321
f 1845 1637 1321
f 236 1761 1945
f 1991 1761 236
f 953 236 1352
f 1659 236 953
f 1296 1659 953
f 1296 953 695
f 243 695 900
f 243 1296 695
f 1736 243 900
f 1540 1296 243
f 188 243 1736
f 316 243 188
f 1263 243 316
f 175 243 1263
f 829 243 175
f 1540 243 829
f 528 1736 253
f 1022 1736 528
f 1022 188 1736
f 315 1022 528
f 316 188 1022
f 316 1022 315
f 231 829 175
f 231 314 829
f 1991 1883 1761
f 1659 1991 236
f 1336 1991 1659
f 549 1336 1659
f 549 1659 1296
f 1540 549 1296
f 82 549 1540
f 314 1540 829
f 992 1540 314
f 562 82 1540
f 562 1540 992
f 1724 1306 1537
f 1306 1724 1355
f 1355 964 1306
f 964 248 1306
f 248 1877 1306
f 248 1710 1877
f 1782 1239 1698
f 1710 1782 1877
f 1710 1239 1782
f 1984 1640 501
f 1984 727 1640
f 1239 28 1698
f 28 1984 501
f 1239 1984 28
f 849 316 315
f 849 1263 316
f 516 1263 849
f 516 175 1263
f 231 175 516
f 231 225 314
f 727 1077 748
f 727 141 1077
f 141 253 1077
f 141 528 253
f 727 1712 141
f 1712 528 141
f 1712 315 528
f 1592 315 1712
f 1592 849 315
f 185 231 516
f 185 225 231
f 1640 727 748
f 1592 1712 727
f 472 849 1592
f 472 516 849
f 472 185 516
f 885 185 472
f 1984 1592 727
f 1984 472 1592
f 1984 665 472
f 665 885 472
f 1991 1329 1883
f 1917 1329 1991
f 867 964 1355
f 1336 1917 1991
f 1710 1816 1239
f 1816 1523 1239
f 1523 1787 1239
f 1026 549 82
f 1419 1336 549
f 1026 1419 549
f 1206 665 1984
f 1787 1984 1239
f 1787 204 1984
f 204 1206 1984
f 1608 1206 204
f 1523 1649 1787
f 1649 204 1787
f 1608 204 1649
f 874 1649 1523
f 874 1608 1649
f 992 314 225
f 675 562 992
f 562 1581 82
f 60 562 675
f 60 1581 562
f 99 82 1581
f 43 1026 82
f 43 82 99
f 1103 225 185
f 8 225 1103
f 8 992 225
f 675 992 8
f 99 1581 60
f 53 43 99
f 677 1026 43
f 865 1026 677
f 1103 185 885
f 174 675 8
f 174 60 675
f 1681 60 174
f 1681 99 60
f 53 99 1681
f 677 43 53
f 665 1103 885
f 665 8 1103
f 1842 8 665
f 1842 174 8
f 97 174 1842
f 97 1681 174
f 97 53 1681
f 445 53 97
f 445 677 53
f 689 677 445
f 689 865 677
f 1206 1842 665
f 1206 97 1842
f 1206 1020 97
f 1020 445 97
f 119 445 1020
f 119 689 445
f 1608 707 1206
f 707 1020 1206
f 707 119 1020
f 532 119 707
f 1890 1329 1917
f 1890 1818 1329
f 1699 1917 1336
f 1419 1699 1336
f 1917 1699 1890
f 1026 280 1419
f 779 1419 280
f 1323 1699 1419
f 779 1323 1419
f 1311 1323 779
f 865 280 1026
f 1370 280 865
f 1370 865 689
f 1370 1770 280
f 479 280 1770
f 1574 280 479
f 779 280 1574
f 676 689 119
f 676 1370 689
f 1770 1370 676
f 1102 1574 479
f 27 779 1574
f 532 676 119
f 722 676 532
f 722 1770 676
f 1102 1770 722
f 1102 479 1770
f 1102 27 1574
f 27 294 779
f 294 1311 779
f 453 722 532
f 713 722 453
f 713 1102 722
f 871 1102 713
f 871 27 1102
f 294 27 871
f 635 1311 294
f 1692 707 1608
f 453 707 1692
f 453 532 707
f 1286 713 453
f 871 713 1286
f 858 294 871
f 635 294 858
f 1725 1818 1890
f 657 1890 1699
f 1323 237 1699
f 237 657 1699
f 1311 6 1323
f 6 134 1323
f 167 1311 635
f 167 6 1311
f 627 964 867
f 627 248 964
f 248 38 1710
f 38 248 627
f 1848 38 627
f 1848 627 812
f 1338 38 1848
f 38 1816 1710
f 1523 1816 38
f 38 874 1523
f 38 1933 874
f 1582 1933 38
f 1664 1582 38
f 84 1664 38
f 874 1692 1608
f 1933 1692 874
f 708 1692 1933
f 1933 1957 708
f 1582 1154 1933
f 1154 1463 1933
f 1463 1957 1933
f 1286 453 1692
f 708 1286 1692
f 708 700 1286
f 700 871 1286
f 700 858 871
f 741 858 700
f 741 635 858
f 167 635 741
f 922 700 708
f 922 741 700
f 116 741 922
f 116 167 741
f 1957 922 708
f 1957 620 922
f 620 116 922
f 803 116 620
f 1957 343 620
f 343 803 620
f 1210 343 1957
f 1890 657 1725
f 657 1536 1725
f 1536 1977 1725
f 1886 1848 812
f 1886 1473 1848
f 1473 1338 1848
f 1338 84 38
f 237 1536 657
f 868 1536 237
f 1323 134 237
f 134 868 237
f 1463 886 1957
f 397 868 134
f 397 251 868
f 76 6 167
f 966 6 76
f 76 167 116
f 6 905 134
f 966 905 6
f 803 76 116
f 966 76 803
f 905 966 155
f 160 803 343
f 160 966 803
f 155 966 160
f 246 905 155
f 905 397 134
f 905 246 397
f 1210 160 343
f 965 160 1210
f 965 155 160
f 246 155 965
f 246 154 397
f 886 1210 1957
f 886 1124 1210
f 1124 965 1210
f 892 246 965
f 154 246 892
f 154 545 397
f 517 545 154
f 886 1445 1124
f 1445 965 1124
f 892 965 1445
f 517 154 892
f 545 251 397
f 1445 886 1428
f 1136 892 1445
f 1136 517 892
f 517 436 545
f 436 517 1136
f 466 545 436
f 545 466 251
f 1473 1810 1338
f 1810 84 1338
f 296 1473 1886
f 1810 1473 296
f 1707 1810 296
f 1720 1810 1707
f 1707 296 1456
f 1829 1582 1664
f 1810 1720 84
f 1720 1664 84
f 1720 977 1664
f 977 1829 1664
f 298 886 1463
f 298 1463 1154
f 1829 1154 1582
f 298 1154 1829
f 1430 298 1829
f 1425 1430 1829
f 1428 886 298
f 712 1445 1428
f 712 1136 1445
f 365 1136 712
f 365 436 1136
f 466 436 365
f 1208 1428 298
f 1208 712 1428
f 1621 365 712
f 1621 466 365
f 586 466 1621
f 63 712 1208
f 201 712 63
f 201 1621 712
f 290 1621 201
f 290 586 1621
f 63 1208 298
f 605 201 63
f 290 201 605
f 1430 63 298
f 1076 63 1430
f 1076 605 63
f 1159 605 1076
f 1159 290 605
f 998 1076 1430
f 998 1159 1076
f 1178 1159 998
f 973 1178 998
f 882 1977 1536
f 882 837 1977
f 868 221 1536
f 1536 221 882
f 251 1180 868
f 1180 221 868
f 1180 1705 221
f 525 251 466
f 525 466 586
f 586 290 525
f 525 1180 251
f 290 94 525
f 525 730 1180
f 730 525 94
f 883 290 1159
f 883 94 290
f 94 883 730
f 1178 883 1159
f 883 1642 730
f 1642 883 1178
f 730 1882 1180
f 730 1642 1882
f 633 1642 1178
f 1642 633 1882
f 301 1178 973
f 301 633 1178
f 633 989 1882
f 989 633 301
f 1707 1456 1547
f 1948 1829 977
f 1425 1829 1948
f 1766 1948 977
f 1766 1425 1948
f 1833 1425 1766
f 817 1430 1425
f 817 998 1430
f 107 998 817
f 107 973 998
f 1833 817 1425
f 882 1668 837
f 882 1464 1668
f 1464 1080 1668
f 221 1464 882
f 221 1705 1464
f 1705 202 1464
f 1882 1705 1180
f 1882 364 1705
f 364 706 1705
f 706 202 1705
f 234 1833 1766
f 301 973 107
f 463 989 301
f 989 364 1882
f 989 463 364
f 1034 107 817
f 1034 301 107
f 166 301 1034
f 166 463 301
f 463 166 364
f 1111 1034 817
f 380 1034 1111
f 380 166 1034
f 166 133 364
f 133 166 380
f 1111 817 1833
f 912 380 1111
f 772 380 912
f 772 133 380
f 133 706 364
f 133 772 706
f 967 1111 1833
f 912 1111 967
f 54 772 912
f 772 54 706
f 482 912 967
f 300 912 482
f 300 54 912
f 54 876 706
f 54 300 876
f 1182 967 1833
f 482 967 1182
f 5 300 482
f 300 1864 876
f 1864 300 5
f 234 1182 1833
f 1002 482 1182
f 272 482 1002
f 272 5 482
f 1864 823 876
f 1864 272 823
f 272 1864 5
f 876 823 706
f 1610 1707 1547
f 1625 1707 1610
f 1625 1720 1707
f 1567 1720 1625
f 1625 1610 1898
f 1567 977 1720
f 891 977 1567
f 1766 977 891
f 1415 1766 891
f 1944 1766 1415
f 1668 1080 1213
f 1080 1365 1213
f 104 1365 1080
f 202 104 1464
f 104 1080 1464
f 104 202 1502
f 706 328 202
f 823 328 706
f 234 1766 1944
f 303 234 1944
f 328 1502 202
f 1002 1182 234
f 852 272 1002
f 272 261 823
f 261 272 852
f 509 1002 234
f 852 1002 509
f 994 261 852
f 823 994 328
f 261 994 823
f 374 852 509
f 1131 852 374
f 1131 994 852
f 994 1131 328
f 1458 509 234
f 374 509 1458
f 186 1131 374
f 1131 186 328
f 303 1458 234
f 305 374 1458
f 186 374 305
f 1070 1458 303
f 1384 1458 1070
f 1384 305 1458
f 179 305 1384
f 179 186 305
f 186 179 328
f 461 1384 1070
f 638 1384 461
f 638 179 1384
f 179 638 328
f 339 303 1944
f 90 303 339
f 90 1070 303
f 15 1070 90
f 15 461 1070
f 720 461 15
f 720 638 461
f 638 616 328
f 638 720 616
f 1625 1898 1798
f 1324 1567 1625
f 1828 1625 1798
f 1493 1625 1828
f 1324 1625 1493
f 1324 891 1567
f 1982 1944 1415
f 1589 1944 1982
f 1982 891 1324
f 1982 1415 891
f 1147 1589 1982
f 604 1982 1324
f 168 1982 604
f 168 1147 1982
f 902 1589 1147
f 368 902 1147
f 711 1147 168
f 711 368 1147
f 975 368 711
f 1365 1845 1213
f 1845 1365 1084
f 1129 1084 1365
f 104 1129 1365
f 1502 1129 104
f 1502 1485 1129
f 328 616 1502
f 616 373 1502
f 373 1485 1502
f 373 1186 1485
f 170 90 339
f 170 15 90
f 1418 15 170
f 720 1418 616
f 1418 720 15
f 1589 339 1944
f 987 170 339
f 1320 170 987
f 455 170 1320
f 455 1418 170
f 1418 726 616
f 1418 455 726
f 987 339 1589
f 44 1320 987
f 710 1320 44
f 710 455 1320
f 455 710 726
f 616 726 373
f 902 987 1589
f 568 987 902
f 568 44 987
f 1105 44 568
f 710 44 1105
f 726 628 373
f 710 628 726
f 628 710 1105
f 368 568 902
f 957 568 368
f 1587 568 957
f 1587 1105 568
f 628 570 426
f 570 1105 1587
f 570 628 1105
f 628 426 373
f 426 1186 373
f 331 368 975
f 331 957 368
f 130 957 331
f 130 1587 957
f 426 130 1186
f 570 130 426
f 130 570 1587
f 1583 1773 1745
f 1824 1583 1745
f 1479 1583 1824
f 1896 1602 1535
f 1896 1535 1583
f 1479 1896 1583
f 1683 1745 1773
f 310 1612 1683
f 1745 1683 1612
f 1527 1013 1385
f 1385 1121 1527
f 1013 1670 1385
f 1670 1813 1385
f 1478 1797 1670
f 1813 1670 1797
f 949 1670 1013
f 949 1246 1477
f 949 1478 1670
f 949 1988 1478
f 1477 1988 949
f 1747 1409 1215
f 1215 1409 310
f 1409 162 310
f 1671 162 1409
f 760 1341 1462
f 1462 1121 1385
f 1341 760 1238
f 1341 1238 1717
f 1346 1462 1385
f 760 1462 1346
f 498 760 1346
f 1960 1238 760
f 1960 760 498
f 310 162 1612
f 1346 884 498
f 413 498 884
f 413 1960 498
f 1813 1346 1385
f 1346 1813 884
f 1356 1409 1747
f 1730 530 1356
f 1356 1671 1409
f 1356 530 1671
f 1730 1225 530
f 1730 719 1225
f 719 575 1225
f 530 1266 1671
f 530 86 1266
f 1225 86 530
f 1266 162 1671
f 1225 982 86
f 575 982 1225
f 1266 86 162
f 575 869 982
f 491 1423 1341
f 491 1341 1717
f 1704 1423 491
f 1960 1717 1238
f 1261 1717 1960
f 1261 491 1717
f 1704 491 1261
f 1292 719 1730
f 1292 1383 719
f 719 444 575
f 1383 444 719
f 444 869 575
f 1165 1276 444
f 1383 1165 444
f 785 1423 1704
f 1673 1896 1479
f 1612 120 1745
f 120 1612 3
f 1824 1745 120
f 1037 1824 120
f 1037 1479 1824
f 1037 120 1875
f 557 1673 1479
f 1037 557 1479
f 162 3 1612
f 1259 1960 413
f 1259 413 1386
f 3 1875 120
f 162 1778 3
f 3 1620 1875
f 1778 1620 3
f 1386 413 884
f 1797 1350 1813
f 1386 884 1813
f 1350 1386 1813
f 1350 1935 1386
f 1386 1279 1259
f 1386 1935 1279
f 1486 1279 1935
f 1478 1350 1797
f 1988 1350 1478
f 1477 1350 1988
f 1802 1350 1477
f 1546 1477 1246
f 1546 1802 1477
f 1802 1935 1350
f 1802 1843 1935
f 1843 1486 1935
f 86 1778 162
f 982 1778 86
f 869 1778 982
f 1528 1778 869
f 1528 1768 1778
f 1149 1261 1960
f 1149 1960 1259
f 1149 1704 1261
f 1279 1149 1259
f 1563 1973 1149
f 983 1149 1279
f 1563 1149 983
f 1973 1563 787
f 1764 1279 1486
f 1764 983 1279
f 787 1563 983
f 1764 787 983
f 1528 869 444
f 1276 1528 444
f 1165 558 1276
f 1276 1613 1528
f 558 1613 1276
f 1704 1432 785
f 1432 1204 785
f 1432 1704 1149
f 1973 1432 1149
f 1139 1432 1240
f 1613 1768 1528
f 753 1973 1855
f 753 1432 1973
f 1240 1432 753
f 1037 1630 557
f 1875 1794 1037
f 1794 1630 1037
f 1794 1875 1620
f 1620 1700 1794
f 1700 1630 1794
f 1630 486 557
f 1700 1618 1630
f 1618 486 1630
f 1840 486 1618
f 1768 1876 1778
f 1620 1778 1876
f 1627 216 1876
f 1768 1627 1876
f 1843 1764 1486
f 1534 787 1764
f 1534 1764 1843
f 1522 787 1534
f 1876 216 1620
f 1700 1620 216
f 216 489 1700
f 489 1618 1700
f 1627 489 216
f 1522 1534 1843
f 1802 1522 1843
f 1920 1522 1802
f 1295 1920 1802
f 1295 1802 1546
f 1811 1295 1546
f 1613 1999 1768
f 384 1139 1240
f 1999 1053 1768
f 1999 12 1053
f 1053 1627 1768
f 1053 929 1627
f 787 1855 1973
f 1522 1855 787
f 1800 1855 1522
f 1800 753 1855
f 1800 1240 753
f 384 1240 1800
f 1628 384 1800
f 1522 439 1800
f 1628 1800 439
f 1920 439 1522
f 1920 1628 439
f 1618 402 1840
f 489 402 1618
f 489 210 402
f 1053 702 929
f 12 702 1053
f 1316 489 1627
f 929 1316 1627
f 1316 692 489
f 692 210 489
f 163 692 1316
f 692 41 210
f 814 1316 929
f 163 1316 814
f 814 929 1255
f 702 1255 929
f 515 163 814
f 1106 163 515
f 1106 692 163
f 1106 41 692
f 117 41 1106
f 940 41 117
f 702 795 1255
f 515 814 770
f 1255 770 814
f 1230 1255 795
f 1255 1230 770
f 915 515 770
f 329 515 915
f 329 1106 515
f 1695 1106 329
f 1695 117 1106
f 770 1230 915
f 1695 940 117
f 33 940 1695
f 590 329 915
f 554 329 590
f 554 1695 329
f 468 1695 554
f 590 915 600
f 1230 600 915
f 318 600 1230
f 210 1168 402
f 631 1168 210
f 1318 210 41
f 1318 631 210
f 1140 1168 631
f 1318 41 940
f 694 631 1318
f 39 1318 940
f 39 694 1318
f 1140 631 694
f 1107 39 940
f 33 1107 940
f 513 1107 33
f 468 33 1695
f 1449 33 468
f 513 33 1449
f 1361 513 1449
f 1437 554 590
f 468 554 1437
f 452 1437 590
f 600 452 590
f 1175 468 1437
f 600 1986 452
f 1175 1437 917
f 978 1437 452
f 917 1437 978
f 1986 978 452
f 1776 978 835
f 1776 917 978
f 1776 1116 917
f 1449 468 1175
f 1122 1361 1449
f 917 1091 1175
f 1091 1449 1175
f 1122 1449 1091
f 505 1904 1122
f 791 1122 1091
f 505 1122 791
f 1116 1091 917
f 791 1091 1116
f 70 505 791
f 1059 791 1116
f 70 791 1059
f 704 505 70
f 1857 505 704
f 182 1059 1116
f 406 70 1059
f 61 70 406
f 704 70 61
f 182 1116 1776
f 1110 182 1776
f 351 1059 182
f 406 1059 351
f 598 704 61
f 1162 704 598
f 1162 1857 704
f 1054 406 351
f 1054 61 406
f 520 61 1054
f 520 598 61
f 1028 598 520
f 1028 1162 598
f 1307 182 1110
f 182 1307 351
f 780 1054 351
f 1307 780 351
f 359 520 1054
f 52 520 359
f 52 1028 520
f 91 1028 52
f 359 1054 780
f 780 1257 359
f 1257 1377 359
f 1377 52 359
f 1786 91 52
f 91 1786 1492
f 1377 1786 52
f 1807 1602 1896
f 1673 1807 1896
f 1274 1660 1602
f 1496 1660 1274
f 1274 1602 1807
f 1966 1274 1807
f 330 1496 1274
f 1650 1496 330
f 585 1650 330
f 594 946 1496
f 1622 138 594
f 928 138 1622
f 632 594 1496
f 632 1622 594
f 456 1622 632
f 456 928 1622
f 1650 632 1496
f 1145 456 632
f 7 456 1145
f 432 632 1650
f 432 1145 632
f 7 1145 432
f 137 432 1650
f 137 7 432
f 442 137 1650
f 585 442 1650
f 655 442 585
f 1403 1246 949
f 1820 1073 1819
f 1820 1689 1073
f 774 1514 1820
f 769 1514 774
f 1820 1497 1689
f 1514 1497 1820
f 928 389 699
f 389 928 456
f 389 456 7
f 389 769 699
f 699 769 774
f 249 389 7
f 389 249 769
f 46 7 137
f 46 249 7
f 249 996 769
f 249 46 996
f 45 137 442
f 45 46 137
f 996 46 45
f 996 358 769
f 769 1548 1514
f 769 358 1548
f 265 996 45
f 996 265 358
f 655 45 442
f 263 45 655
f 263 265 45
f 265 293 358
f 293 265 263
f 358 293 1548
f 811 1274 1966
f 330 1274 811
f 1734 585 330
f 392 655 585
f 1673 1966 1807
f 1946 1966 1673
f 557 1946 1673
f 1645 811 1966
f 1946 1645 1966
f 1514 1902 1497
f 1734 330 1128
f 1128 330 811
f 1128 811 1915
f 1734 392 585
f 263 655 392
f 548 293 263
f 293 856 1548
f 856 293 548
f 1902 1514 1548
f 340 392 1734
f 340 263 392
f 1066 263 340
f 1066 548 263
f 152 548 1066
f 152 856 548
f 1267 856 152
f 856 1421 1548
f 1421 856 1267
f 1421 1902 1548
f 896 340 1734
f 896 1066 340
f 152 1066 896
f 57 1902 1421
f 31 1734 1128
f 1342 896 1734
f 31 1342 1734
f 312 896 1342
f 312 152 896
f 1345 152 312
f 1345 1267 152
f 1345 1421 1267
f 57 1421 1345
f 312 1342 31
f 321 1345 312
f 650 1345 321
f 650 57 1345
f 405 312 31
f 405 321 312
f 164 321 405
f 164 650 321
f 924 650 164
f 1011 650 924
f 1011 57 650
f 1128 292 31
f 292 405 31
f 1861 405 292
f 1861 164 405
f 924 164 1861
f 645 1861 292
f 645 924 1861
f 686 924 645
f 686 1011 924
f 1808 1246 1403
f 1808 1546 1246
f 1808 1403 1679
f 778 1808 1679
f 778 1679 1819
f 1947 778 1819
f 1553 1073 1689
f 1073 1947 1819
f 1073 1553 1417
f 1417 1947 1073
f 1573 1417 1553
f 1497 1553 1689
f 1902 1553 1497
f 1902 1330 1553
f 1416 1553 1330
f 493 1573 1553
f 1553 1360 493
f 1416 1360 1553
f 1209 1360 1416
f 1330 1902 57
f 57 157 1330
f 157 57 1011
f 404 157 1011
f 818 157 404
f 818 1330 157
f 818 1416 1330
f 404 1011 686
f 818 602 1416
f 486 1946 557
f 1915 811 1645
f 292 1128 1915
f 1915 1309 292
f 1915 1191 1309
f 1309 645 292
f 1309 371 645
f 371 686 645
f 486 1990 1946
f 1840 1990 486
f 1645 1946 1990
f 1751 1915 1645
f 1751 1645 1990
f 1191 1915 742
f 1751 742 1915
f 759 1191 742
f 742 894 759
f 608 686 371
f 608 404 686
f 256 404 608
f 256 818 404
f 602 818 256
f 602 279 1416
f 602 589 279
f 279 1209 1416
f 995 371 1309
f 608 371 995
f 20 602 256
f 589 602 20
f 870 279 589
f 108 1209 279
f 469 1309 1191
f 469 995 1309
f 469 608 995
f 149 608 469
f 149 256 608
f 20 256 149
f 958 589 20
f 870 589 958
f 279 1439 108
f 1439 279 870
f 149 469 1191
f 897 20 149
f 731 20 897
f 731 958 20
f 291 958 731
f 291 870 958
f 1439 870 291
f 344 108 1439
f 897 149 1191
f 759 897 1191
f 759 731 897
f 833 731 759
f 833 291 731
f 446 291 833
f 446 1439 291
f 344 1439 446
f 539 833 759
f 539 446 833
f 1366 446 539
f 1366 344 446
f 539 759 894
f 894 1366 539
f 723 1366 894
f 1702 1808 778
f 1702 988 1808
f 1595 778 1947
f 1595 1702 778
f 988 1546 1808
f 988 1811 1546
f 1840 593 1990
f 1434 1417 1573
f 1844 1595 1947
f 1844 1947 1417
f 1836 1844 1417
f 1434 1836 1417
f 322 1836 1434
f 1434 1573 493
f 1360 1434 493
f 1379 1360 1209
f 322 1434 1360
f 1379 322 1360
f 108 1379 1209
f 1198 108 344
f 1198 1379 108
f 1294 1379 1198
f 1294 322 1379
f 1557 322 1294
f 1693 1294 1198
f 690 1294 1693
f 1557 1294 1735
f 1735 1294 690
f 212 344 1366
f 212 1198 344
f 1693 1198 212
f 215 1735 690
f 607 1735 215
f 607 1557 1735
f 723 212 1366
f 121 212 723
f 121 1693 212
f 64 1693 121
f 64 690 1693
f 215 690 64
f 938 723 894
f 938 121 723
f 938 387 121
f 387 64 121
f 89 64 387
f 89 215 64
f 609 215 89
f 609 607 215
f 1926 1836 322
f 322 1994 1926
f 1557 1994 322
f 806 1994 1557
f 1369 1926 1994
f 806 1369 1994
f 1624 1369 806
f 1171 1557 607
f 1584 1557 1171
f 1584 806 1557
f 845 1584 1171
f 789 806 1584
f 1624 806 789
f 115 1624 789
f 1511 1624 115
f 398 607 609
f 398 1171 607
f 1431 1171 398
f 845 1171 1431
f 789 1584 845
f 131 789 845
f 115 789 131
f 402 593 1840
f 947 593 402
f 1751 1990 593
f 1799 1751 593
f 1799 1195 1751
f 1799 191 1195
f 1550 1799 593
f 1304 894 742
f 1195 1304 742
f 1195 742 1751
f 199 1195 191
f 1304 938 894
f 1304 1173 938
f 1173 387 938
f 1173 89 387
f 1262 89 1173
f 459 89 1262
f 459 609 89
f 398 609 459
f 1304 1262 1173
f 1304 459 1262
f 1304 207 459
f 207 398 459
f 947 1244 593
f 1244 1550 593
f 1168 947 402
f 947 1115 1244
f 1090 1799 1550
f 1244 1334 1550
f 1334 1090 1550
f 1115 1334 1244
f 1115 743 1334
f 1090 1063 1799
f 1063 1090 1334
f 1334 458 1063
f 1081 1799 1063
f 1799 1081 191
f 458 563 1063
f 743 458 1334
f 1081 1063 563
f 563 1166 1081
f 563 659 1166
f 1195 752 1304
f 199 1235 1195
f 1235 680 1195
f 680 752 1195
f 680 1335 752
f 538 1335 680
f 538 78 1335
f 67 78 538
f 67 1284 78
f 793 209 1284
f 113 680 1235
f 113 538 680
f 793 1284 67
f 669 1235 199
f 1081 1293 191
f 1293 199 191
f 1293 669 199
f 113 1235 669
f 14 538 113
f 14 67 538
f 14 793 67
f 260 793 14
f 1507 113 669
f 1507 14 113
f 839 669 1293
f 763 669 839
f 1114 669 763
f 1114 1507 669
f 1166 1293 1081
f 1166 839 1293
f 1062 1507 1114
f 1062 14 1507
f 1062 260 14
f 336 845 1431
f 131 845 336
f 42 115 131
f 42 1511 115
f 794 398 207
f 794 1431 398
f 223 1431 794
f 223 336 1431
f 92 336 223
f 462 336 92
f 462 131 336
f 1273 131 462
f 1460 131 1273
f 1460 42 131
f 1757 42 1460
f 752 207 1304
f 752 794 207
f 385 794 752
f 385 223 794
f 385 92 223
f 125 92 385
f 125 462 92
f 125 1273 462
f 1284 385 78
f 1284 209 385
f 209 1392 385
f 1392 125 385
f 1392 1460 125
f 1460 1273 125
f 1392 777 1460
f 777 1757 1460
f 1335 385 752
f 78 385 1335
f 510 1114 763
f 438 839 1166
f 438 474 839
f 474 763 839
f 836 1114 510
f 836 1062 1114
f 659 862 1166
f 862 438 1166
f 510 763 47
f 474 47 763
f 926 474 438
f 825 1062 836
f 862 926 438
f 1046 1062 825
f 429 510 47
f 429 836 510
f 825 836 429
f 618 429 47
f 1879 47 474
f 618 47 1879
f 955 429 618
f 937 429 955
f 937 825 429
f 926 1879 474
f 926 1157 1879
f 828 1879 1000
f 828 618 1879
f 626 618 828
f 626 955 618
f 626 937 955
f 1157 1000 1879
f 1157 968 1000
f 1381 937 626
f 286 828 1000
f 968 1487 1000
f 888 286 1000
f 410 828 286
f 1260 828 410
f 1260 626 828
f 1000 1487 888
f 1381 626 1260
f 937 1046 825
f 1162 1028 1120
f 1433 1162 1120
f 1433 1024 1162
f 473 1024 1433
f 1120 1028 91
f 1713 1433 503
f 1713 473 1433
f 503 1120 91
f 503 1433 1120
f 1104 473 1713
f 357 473 1104
f 1196 357 559
f 383 91 1492
f 383 503 91
f 396 503 383
f 381 503 396
f 381 1713 503
f 1104 1713 381
f 1654 357 1104
f 559 357 1654
f 1207 1104 381
f 1207 1654 1104
f 1280 1654 1207
f 1280 559 1654
f 1786 1202 1492
f 1202 383 1492
f 584 383 1202
f 584 396 383
f 584 381 396
f 1207 381 584
f 1520 1207 584
f 1072 1207 1520
f 1072 1280 1207
f 696 1280 1072
f 289 1939 672
f 1939 1153 571
f 672 571 698
f 672 1939 571
f 1530 901 1666
f 698 901 1530
f 698 571 901
f 559 1524 1196
f 1666 1524 559
f 1272 698 1530
f 180 698 1272
f 180 672 698
f 470 559 1280
f 470 1666 559
f 1530 1666 470
f 1272 1530 1048
f 1032 180 1272
f 1048 1530 470
f 431 1280 696
f 431 470 1280
f 1048 470 431
f 1918 1272 1048
f 1032 1272 1918
f 986 180 1032
f 771 286 888
f 410 286 771
f 1214 1487 311
f 1487 1214 888
f 353 888 1214
f 771 888 353
f 959 410 771
f 1214 691 670
f 1214 311 691
f 959 1260 410
f 284 1260 959
f 591 1214 670
f 353 1214 591
f 1174 771 353
f 1174 959 771
f 289 691 1939
f 691 289 670
f 284 959 1174
f 1099 289 672
f 1099 670 289
f 591 670 1099
f 1174 353 591
f 363 591 1099
f 363 1174 591
f 724 1174 363
f 724 284 1174
f 180 1099 672
f 1158 1099 180
f 363 1099 1158
f 1422 1019 1158
f 1019 363 1158
f 1019 724 363
f 1422 180 986
f 1422 1158 180
f 1520 792 1072
f 792 696 1072
f 425 1048 431
f 1918 1048 425
f 1151 1032 1918
f 986 1032 1151
f 696 1457 431
f 1457 425 431
f 1575 1383 1292
f 1575 739 1383
f 1575 1201 739
f 1575 1160 1201
f 739 1165 1383
f 1160 1278 1201
f 1160 1405 1278
f 1359 1653 785
f 1359 785 1204
f 1098 1653 1359
f 1285 1160 1575
f 1169 1906 1285
f 1285 1835 1160
f 1285 49 1835
f 1906 49 1285
f 1835 147 1160
f 147 1405 1160
f 49 147 1835
f 881 1967 1653
f 1777 1967 881
f 881 1653 1098
f 944 881 1098
f 1375 881 944
f 1375 1777 881
f 460 1777 1375
f 460 1375 488
f 1765 543 1827
f 543 1906 1169
f 543 1765 1906
f 1906 1555 49
f 1765 1555 1906
f 1300 1967 1777
f 1789 1300 1777
f 1687 1851 1300
f 1687 1300 1789
f 1465 1789 1777
f 401 1789 1426
f 401 1687 1789
f 460 1465 1777
f 1426 1789 1465
f 1981 1465 460
f 1981 1426 1465
f 1551 401 1641
f 1641 401 1426
f 1044 1851 1687
f 401 1044 1687
f 1348 1964 1765
f 1880 1964 1348
f 1880 1665 1964
f 1964 1555 1765
f 1682 495 1578
f 1821 495 1682
f 1044 1578 1851
f 1682 1578 1044
f 1391 1821 1682
f 1551 1044 401
f 1551 1682 1044
f 1494 1682 1551
f 1391 1682 1494
f 1732 1665 1880
f 1494 1551 1641
f 1821 1798 495
f 1599 1821 1569
f 1569 1821 1391
f 1949 1880 1348
f 1321 1880 1949
f 1637 1732 1321
f 1321 1732 1880
f 1084 1637 1845
f 1084 1874 1637
f 1637 1968 1732
f 1874 1968 1637
f 739 558 1165
f 739 1517 558
f 1201 1517 739
f 1278 1517 1201
f 1517 1613 558
f 1278 1941 1517
f 1941 1613 1517
f 1941 1892 1613
f 767 1098 1359
f 1359 1204 1432
f 767 1359 1432
f 1139 767 1432
f 1221 767 1139
f 1901 767 1221
f 1461 767 1901
f 1690 1221 1139
f 1901 1221 85
f 1060 1901 85
f 147 1941 1405
f 49 1941 147
f 165 1941 49
f 1405 1941 1278
f 944 1098 767
f 488 1375 944
f 488 944 767
f 17 460 488
f 1461 488 767
f 17 488 1222
f 1222 488 1461
f 334 17 1222
f 688 1222 1461
f 334 1222 688
f 65 688 1461
f 1060 1461 1901
f 65 1461 1060
f 165 1474 1941
f 1326 688 65
f 1326 334 688
f 1148 334 1326
f 1326 65 1060
f 1148 1326 136
f 1731 1148 136
f 1555 165 49
f 1981 460 17
f 375 1760 1555
f 1555 1760 165
f 1760 1188 165
f 412 1426 1981
f 1641 1426 412
f 206 1981 17
f 412 1981 206
f 1703 1641 412
f 1703 1494 1641
f 206 17 334
f 412 206 1450
f 1703 412 1450
f 1148 206 334
f 1450 206 1148
f 1450 1148 1731
f 1646 1450 1731
f 1391 1494 1703
f 1703 1450 1646
f 1964 375 1555
f 1665 375 1964
f 1732 1785 1665
f 1665 1785 375
f 1785 1980 375
f 1980 1760 375
f 1749 1980 1785
f 1703 1569 1391
f 1599 1569 1703
f 1732 1968 1785
f 1968 1749 1785
f 1968 1974 1749
f 85 1221 1690
f 1892 1999 1613
f 1892 1401 1249
f 1999 1518 12
f 1892 1518 1999
f 1892 1742 1518
f 1249 1742 1892
f 1690 1139 384
f 161 1690 384
f 161 85 1690
f 1923 85 161
f 161 384 1628
f 1923 161 1448
f 161 1628 1920
f 1448 161 1920
f 1448 1920 1295
f 1448 1295 1811
f 1941 1474 1892
f 165 1188 1474
f 1188 663 1474
f 1474 1401 1892
f 663 1401 1474
f 663 1729 1401
f 136 1326 1060
f 1923 1060 85
f 136 1060 1923
f 283 136 1923
f 1731 136 283
f 1176 1729 663
f 1176 497 1729
f 1729 148 1401
f 1378 497 1176
f 1667 1646 1731
f 1667 1731 283
f 1577 1646 1667
f 1667 283 1923
f 1577 1923 1448
f 1577 1667 1923
f 1980 1188 1760
f 1980 1181 1188
f 1749 1181 1980
f 1188 1176 663
f 1181 1176 1188
f 1181 1378 1176
f 1181 569 1378
f 1749 1205 224
f 1749 224 1181
f 1181 1909 569
f 224 1909 1181
f 224 411 1909
f 1974 1205 1749
f 12 795 702
f 1518 795 12
f 1518 1657 795
f 1742 1657 1518
f 1249 1657 1742
f 1249 1400 1657
f 795 318 1230
f 1657 318 795
f 1400 1543 1657
f 1657 1491 318
f 1543 1491 1657
f 1140 1539 1168
f 560 1539 1140
f 427 1539 560
f 1390 1539 427
f 1390 1783 1539
f 898 694 39
f 898 1413 694
f 1413 1140 694
f 1593 1140 1413
f 1593 560 1140
f 1521 560 1593
f 1254 560 1521
f 1254 427 560
f 441 427 1254
f 320 427 441
f 320 1390 427
f 1228 1390 320
f 714 1390 1228
f 714 1869 1390
f 898 39 1107
f 984 1413 898
f 984 1593 1413
f 1521 1593 984
f 816 441 1254
f 816 320 441
f 1488 320 816
f 1488 1228 320
f 1488 714 1228
f 513 898 1107
f 984 898 513
f 952 1521 984
f 952 1254 1521
f 816 1254 952
f 1361 984 513
f 952 984 1361
f 1476 952 1361
f 1476 816 952
f 1476 1488 816
f 1012 1488 1476
f 1401 148 1249
f 497 148 1729
f 148 1400 1249
f 497 972 148
f 1378 972 497
f 1378 796 972
f 569 796 1378
f 148 673 1400
f 148 972 673
f 972 1218 1337
f 972 796 1218
f 972 1337 673
f 796 1327 1218
f 673 1543 1400
f 673 804 1543
f 1337 804 673
f 1337 448 804
f 1218 448 1337
f 1218 908 448
f 1327 908 1218
f 1327 496 908
f 804 448 1332
f 804 1332 1543
f 448 352 1332
f 908 352 448
f 1801 352 908
f 1909 411 1443
f 1443 1783 2
f 1443 1509 1783
f 1909 796 569
f 1909 651 796
f 1443 651 1909
f 1509 1443 411
f 1869 1783 1390
f 2 1783 1869
f 651 2 71
f 651 1443 2
f 30 1869 714
f 372 1869 30
f 372 2 1869
f 218 71 372
f 71 2 372
f 651 1327 796
f 651 218 1327
f 218 651 71
f 30 714 1488
f 218 1203 1327
f 1203 218 372
f 496 1327 1203
f 390 30 1488
f 390 372 30
f 1203 372 390
f 1012 390 1488
f 1558 1203 390
f 630 1558 390
f 496 1558 908
f 1558 496 1203
f 1801 908 1558
f 630 390 1012
f 1558 630 1801
f 220 1801 630
f 318 1986 600
f 1491 1986 318
f 1543 1234 1491
f 1986 835 978
f 1491 835 1986
f 1234 1519 1491
f 1491 1519 835
f 1519 985 835
f 835 1110 1776
f 985 1110 835
f 1519 1763 985
f 1476 1361 1904
f 1740 1012 1476
f 1904 1361 1122
f 1676 1476 1904
f 718 1476 1676
f 718 1740 1476
f 1676 1904 1436
f 1436 1904 505
f 1436 505 1857
f 1526 1676 1436
f 718 1676 1526
f 1839 718 1526
f 1801 1466 352
f 1332 1234 1543
f 1332 1101 1234
f 352 1101 1332
f 352 1466 1101
f 1466 1057 1101
f 1101 355 1234
f 1057 1265 1101
f 1234 355 1519
f 1101 1265 355
f 355 1763 1519
f 1012 588 630
f 1801 220 1466
f 1740 588 1012
f 630 550 220
f 588 550 630
f 220 1057 1466
f 220 550 1057
f 746 588 1740
f 588 158 550
f 746 158 588
f 550 232 1057
f 550 158 232
f 1623 1740 718
f 746 1740 1623
f 746 1331 158
f 232 1265 1057
f 158 1331 232
f 1623 718 1839
f 480 746 1623
f 916 480 1623
f 232 1083 1265
f 232 642 1083
f 1331 642 232
f 1331 480 642
f 480 1331 746
f 916 1623 1839
f 1265 579 355
f 1265 1083 579
f 916 744 480
f 642 1167 1083
f 642 247 1167
f 480 247 642
f 480 744 247
f 1083 1167 579
f 247 194 1167
f 744 194 247
f 1282 744 916
f 750 1282 916
f 579 1763 355
f 1167 1889 579
f 194 1889 1167
f 194 255 1889
f 744 255 194
f 744 66 255
f 1282 66 744
f 985 1585 1110
f 1585 1307 1110
f 1763 1585 985
f 1307 1257 780
f 1585 1257 1307
f 1763 1565 1585
f 1585 1119 1257
f 1565 1119 1585
f 1119 1377 1257
f 1377 1371 1786
f 1371 1377 1119
f 1565 1697 1119
f 1119 1211 1371
f 1697 1211 1119
f 1697 1893 1211
f 579 1889 1763
f 255 1832 1889
f 66 1832 255
f 1282 87 66
f 750 87 1282
f 1889 1031 1763
f 1832 1031 1889
f 1832 1290 1031
f 66 1290 1832
f 87 1290 66
f 1031 1565 1763
f 1290 1009 1031
f 1290 1094 1009
f 87 1094 1290
f 1031 1009 1565
f 1094 37 1009
f 1094 1407 37
f 1009 1697 1565
f 1009 37 1697
f 1828 1821 1599
f 1828 1798 1821
f 504 1324 1493
f 1571 1324 504
f 1849 1324 1571
f 1849 1571 409
f 1849 604 1324
f 168 604 1605
f 976 604 1849
f 1605 604 976
f 716 168 1605
f 1931 1605 976
f 409 976 1849
f 1170 1605 1931
f 711 168 1723
f 50 975 711
f 1723 50 711
f 1790 50 1723
f 508 1723 168
f 1414 1723 508
f 1414 1790 1723
f 508 168 716
f 1217 1790 1414
f 664 1414 508
f 664 1217 1414
f 173 1217 664
f 716 1605 1170
f 1680 508 716
f 913 508 1680
f 913 664 508
f 606 664 913
f 552 664 606
f 552 173 664
f 346 716 1170
f 346 1680 716
f 941 1680 346
f 941 913 1680
f 745 913 941
f 1067 913 745
f 1067 606 913
f 552 1067 540
f 1067 552 606
f 1853 1874 1084
f 1485 83 1129
f 1129 1853 1084
f 83 1853 1129
f 83 240 1853
f 1186 83 1485
f 1186 911 83
f 83 911 240
f 526 975 50
f 331 975 526
f 478 130 331
f 130 1014 1186
f 1014 130 478
f 25 331 526
f 478 25 1014
f 25 478 331
f 146 50 1790
f 146 526 50
f 25 526 146
f 1014 678 1186
f 25 678 1014
f 1953 146 1790
f 25 1953 678
f 1953 25 146
f 678 911 1186
f 34 1790 1217
f 34 1953 1790
f 678 34 911
f 1953 34 678
f 173 34 1217
f 34 552 911
f 173 552 34
f 552 540 911
f 1828 1599 1703
f 1828 1703 1753
f 1828 1753 1134
f 1493 1134 1737
f 1493 1828 1134
f 1753 1703 1646
f 1753 1646 943
f 409 1571 1767
f 1767 1571 504
f 1767 1493 1737
f 1767 504 1493
f 832 1767 1737
f 1606 1767 832
f 1767 1606 56
f 1055 409 1767
f 1298 715 1055
f 1082 1055 81
f 1298 1055 1082
f 81 1055 1767
f 1767 56 1955
f 81 1767 1955
f 1489 715 1298
f 506 1489 1298
f 522 1298 1082
f 522 506 1298
f 610 1489 506
f 1082 81 349
f 522 1082 349
f 736 522 349
f 1758 506 522
f 1018 506 1758
f 1018 610 506
f 349 81 864
f 736 349 1389
f 394 522 736
f 1758 522 394
f 1315 1018 1758
f 1874 1974 1968
f 1874 1995 1974
f 1709 1995 1874
f 240 1887 1709
f 1887 1937 1709
f 1995 1709 1937
f 1931 976 409
f 1931 409 1055
f 875 1055 715
f 875 1931 1055
f 875 1170 1931
f 240 797 757
f 540 797 240
f 240 757 1887
f 1887 1192 1015
f 757 1192 1887
f 1887 1015 1971
f 346 1170 875
f 1512 346 875
f 356 346 1512
f 921 346 356
f 921 941 346
f 601 941 921
f 601 745 941
f 890 745 601
f 890 1067 745
f 540 1067 890
f 1512 875 95
f 356 1512 1688
f 914 921 356
f 728 921 914
f 728 601 921
f 890 728 797
f 728 890 601
f 797 540 890
f 95 875 715
f 95 1688 1512
f 205 356 1688
f 492 356 205
f 492 914 356
f 827 914 492
f 827 728 914
f 797 728 827
f 95 715 1489
f 903 95 1489
f 1075 95 903
f 1075 1688 95
f 1189 1688 1075
f 1189 205 1688
f 846 205 1189
f 846 492 205
f 757 827 846
f 827 757 797
f 827 492 846
f 345 903 1489
f 583 903 345
f 433 903 583
f 433 1075 903
f 962 1075 433
f 962 1189 1075
f 757 962 1192
f 846 962 757
f 962 846 1189
f 798 1489 610
f 798 345 1489
f 1004 345 798
f 1004 583 345
f 637 583 1004
f 637 433 583
f 962 637 1192
f 637 962 433
f 144 610 1018
f 144 798 610
f 1632 798 144
f 1632 1004 798
f 1505 1632 35
f 637 1632 1505
f 1632 637 1004
f 1192 1505 1015
f 1192 637 1505
f 1549 1018 1315
f 1549 144 1018
f 35 144 1549
f 35 1632 144
f 1505 35 1015
f 1853 1709 1874
f 240 1709 1853
f 911 540 240
f 1796 1702 1595
f 1796 1448 1702
f 1737 1448 1796
f 1737 1134 1448
f 1134 1753 1448
f 988 1448 1811
f 1702 1448 988
f 1796 832 1737
f 1844 1796 1595
f 1796 1844 1836
f 1796 1836 1926
f 1908 1926 1369
f 1908 1796 1926
f 1624 1908 1369
f 1233 1908 1624
f 200 1908 1233
f 1233 1624 1023
f 1190 1233 1023
f 1144 1233 1190
f 1071 1233 1144
f 1071 200 1233
f 1952 200 1071
f 1023 1624 1511
f 693 1071 1144
f 1952 1071 693
f 906 1023 1511
f 970 1023 906
f 970 1190 1023
f 703 1190 970
f 703 1144 1190
f 454 1144 703
f 454 693 1144
f 644 693 454
f 36 693 644
f 36 1952 693
f 1753 943 1448
f 943 1577 1448
f 411 1675 1509
f 1606 832 1796
f 56 1606 1796
f 1247 81 1955
f 1927 1796 1908
f 1955 56 1796
f 1927 1955 1796
f 1247 1955 1927
f 1269 1247 1927
f 622 1269 1927
f 1927 1908 200
f 542 1269 622
f 925 542 622
f 790 542 925
f 1552 1927 200
f 622 1927 1552
f 925 622 1552
f 26 925 1662
f 26 790 925
f 1236 1552 200
f 18 1552 1236
f 1662 925 1552
f 1678 1552 18
f 1678 1662 1552
f 527 790 26
f 1236 200 1952
f 367 1662 1678
f 270 1662 367
f 270 26 1662
f 847 26 270
f 847 527 26
f 1447 1236 1952
f 935 1236 1447
f 935 18 1236
f 758 18 935
f 414 18 758
f 414 1678 18
f 1035 1678 414
f 1035 367 1678
f 1035 270 367
f 963 847 1035
f 847 270 1035
f 1447 1952 36
f 499 414 758
f 1885 1035 499
f 1035 414 499
f 440 963 1885
f 963 1035 1885
f 963 440 1714
f 943 1646 1577
f 224 1675 411
f 224 1205 1675
f 1205 1561 1675
f 1205 1715 1561
f 1715 1937 933
f 705 933 1600
f 933 1049 1600
f 1715 705 1561
f 1715 933 705
f 81 1247 1269
f 1937 1971 933
f 362 547 361
f 933 1971 362
f 1971 547 362
f 362 361 1714
f 1791 1714 440
f 933 1143 1049
f 933 362 1143
f 362 1112 1143
f 362 1791 1112
f 362 1714 1791
f 542 81 1269
f 542 864 81
f 1389 349 864
f 1389 864 1123
f 1250 736 1389
f 1250 394 736
f 991 394 1250
f 991 1758 394
f 991 1315 1758
f 1123 864 542
f 80 1389 1123
f 273 1389 80
f 273 1250 1389
f 1900 1250 273
f 1900 991 1250
f 254 991 1900
f 790 1123 542
f 762 1123 790
f 112 1123 762
f 112 80 1123
f 934 80 112
f 1078 80 934
f 1078 273 80
f 547 1900 813
f 1900 547 254
f 1900 1078 813
f 1900 273 1078
f 782 762 790
f 826 762 782
f 366 762 826
f 366 112 762
f 1470 112 366
f 1470 934 112
f 813 934 1470
f 813 1078 934
f 547 813 361
f 1163 790 527
f 1163 782 790
f 826 782 1163
f 1470 366 843
f 361 1470 843
f 813 1470 361
f 1135 527 847
f 1135 1163 527
f 227 1135 809
f 227 1163 1135
f 227 826 1163
f 843 227 1714
f 366 227 843
f 227 366 826
f 361 843 1714
f 1714 809 963
f 809 847 963
f 809 1135 847
f 227 809 1714
f 1974 1995 1205
f 1205 1995 1715
f 1937 1715 1995
f 1937 1887 1971
f 1971 1015 547
f 1549 991 254
f 1549 1315 991
f 1015 35 1549
f 1015 254 547
f 1549 254 1015
f 1539 947 1168
f 1539 1115 947
f 1539 1515 1115
f 1804 1515 1539
f 1804 484 1515
f 1783 1804 1539
f 342 484 1804
f 1515 743 1115
f 484 302 1515
f 1050 302 484
f 1515 302 743
f 302 1305 743
f 1050 1780 302
f 1305 458 743
f 302 1780 1305
f 1305 563 458
f 563 621 659
f 1305 621 563
f 1305 399 621
f 1780 399 1305
f 1780 494 399
f 1780 1358 494
f 647 209 793
f 647 1427 209
f 614 1427 647
f 907 1427 614
f 1007 1256 907
f 652 1256 1007
f 40 1256 652
f 142 271 40
f 77 271 142
f 658 907 614
f 658 1007 907
f 652 1007 658
f 838 40 652
f 838 142 40
f 640 142 838
f 640 77 142
f 260 647 793
f 260 614 647
f 658 614 260
f 838 652 658
f 1046 260 1062
f 1903 260 1046
f 1903 658 260
f 1903 838 658
f 737 838 1903
f 737 640 838
f 906 1511 42
f 307 703 970
f 502 36 644
f 1757 906 42
f 1788 906 1757
f 1788 970 906
f 252 970 1788
f 252 307 970
f 79 307 252
f 128 307 79
f 128 703 307
f 1596 703 128
f 1596 454 703
f 857 454 1596
f 857 644 454
f 502 644 857
f 1427 1392 209
f 1427 281 1392
f 281 777 1392
f 281 1788 777
f 1788 1757 777
f 907 281 1427
f 281 252 1788
f 1256 281 907
f 1256 1684 281
f 1684 79 281
f 79 252 281
f 1684 128 79
f 1684 1596 128
f 271 1256 40
f 271 1219 1256
f 1219 1684 1256
f 1219 857 1684
f 857 1596 1684
f 77 1219 271
f 1675 1561 1397
f 1509 342 1783
f 1509 1675 342
f 1675 1397 342
f 1561 1008 1397
f 1783 342 1804
f 342 1050 484
f 1397 1008 342
f 705 1008 1561
f 705 1061 1008
f 1600 1061 705
f 1600 1822 1061
f 1600 1049 1822
f 1008 1050 342
f 1008 961 1050
f 1008 1061 961
f 1061 1822 961
f 961 1510 1050
f 1822 1510 961
f 1822 450 1510
f 1510 1780 1050
f 450 899 1510
f 1510 1358 1780
f 1510 1319 1358
f 899 1319 1510
f 440 1594 1791
f 1049 1143 1442
f 1143 1351 1442
f 1112 1351 1143
f 1351 1791 830
f 1791 1351 1112
f 1791 145 830
f 1791 1594 145
f 123 1533 77
f 105 1533 123
f 830 145 105
f 145 1533 105
f 1442 1822 1049
f 1351 830 324
f 872 105 123
f 830 872 324
f 872 830 105
f 1442 450 1822
f 1351 324 1442
f 640 123 77
f 1925 123 640
f 872 123 1925
f 285 324 872
f 226 285 872
f 1442 1634 450
f 324 1634 1442
f 324 285 1634
f 226 872 1925
f 1634 599 450
f 285 1227 1634
f 974 1925 640
f 1635 1925 974
f 599 899 450
f 226 1635 118
f 1635 226 1925
f 1634 1227 599
f 285 118 1227
f 118 285 226
f 863 118 1635
f 974 640 737
f 599 1368 899
f 599 500 1368
f 1227 500 599
f 118 500 1227
f 118 863 500
f 834 36 502
f 834 1447 36
f 114 834 74
f 114 1447 834
f 114 935 1447
f 660 935 114
f 660 758 935
f 1594 1885 660
f 660 499 758
f 440 1885 1594
f 1885 499 660
f 1219 74 857
f 74 502 857
f 74 834 502
f 1533 74 1219
f 1533 114 74
f 145 1594 1533
f 1594 114 1533
f 1594 660 114
f 1533 1219 77
f 111 1436 1857
f 1526 1436 111
f 1374 1526 111
f 1454 1526 1374
f 1454 1839 1526
f 111 1857 1162
f 1024 111 1162
f 1691 111 1024
f 1374 111 1691
f 659 756 862
f 621 756 659
f 621 641 756
f 399 641 621
f 494 338 399
f 1358 338 494
f 1358 1030 338
f 756 926 862
f 399 1152 641
f 338 1152 399
f 756 1157 926
f 756 968 1157
f 641 968 756
f 1152 968 641
f 1030 1152 338
f 1030 129 1152
f 1152 323 968
f 1152 1268 323
f 129 1268 1152
f 129 1398 1268
f 323 1467 968
f 968 1310 1487
f 968 1467 1310
f 1722 1903 1046
f 1722 1046 937
f 1541 1903 1722
f 1541 737 1903
f 1381 1722 937
f 1529 1541 1722
f 1529 1722 1381
f 1529 1381 267
f 1513 1541 1529
f 1224 916 1839
f 1224 1839 1454
f 734 916 1224
f 734 750 916
f 889 1224 1454
f 109 734 1224
f 889 109 1224
f 899 521 1319
f 899 1368 521
f 500 333 1368
f 238 1635 974
f 500 1283 333
f 863 1283 500
f 863 238 1283
f 238 863 1635
f 1319 1030 1358
f 1319 521 1030
f 1638 974 737
f 1368 415 521
f 333 415 1368
f 1728 974 1638
f 1283 531 333
f 1728 238 974
f 521 129 1030
f 521 415 129
f 333 531 415
f 1283 16 531
f 238 16 1283
f 1728 16 238
f 415 1177 129
f 531 1177 415
f 531 684 1177
f 1516 1728 1638
f 16 684 531
f 1728 1516 16
f 1177 1353 129
f 564 1638 1137
f 564 1516 1638
f 684 1093 1177
f 684 674 1093
f 16 674 684
f 1516 564 16
f 129 1353 1398
f 1177 1093 1353
f 16 370 674
f 564 370 16
f 1093 1340 1353
f 370 564 1137
f 674 1340 1093
f 674 611 1340
f 370 611 674
f 1353 88 1398
f 1340 88 1353
f 810 1137 1769
f 810 370 1137
f 370 819 611
f 370 810 819
f 1638 737 1541
f 1137 1638 1541
f 1513 1137 1541
f 1769 1137 1513
f 1691 1024 473
f 1969 1374 98
f 299 1374 1969
f 299 1454 1374
f 98 1691 1196
f 98 1374 1691
f 1969 98 360
f 1196 473 357
f 1196 1691 473
f 1371 1202 1786
f 1371 1211 1202
f 1202 230 584
f 230 1520 584
f 1211 230 1202
f 323 535 229
f 1268 535 323
f 1268 776 535
f 1398 776 1268
f 1398 910 776
f 1025 1153 1939
f 229 1153 1025
f 535 1289 1153
f 535 1153 229
f 776 1289 535
f 910 1027 1289
f 910 1289 776
f 1153 901 571
f 1153 636 901
f 1303 1196 1524
f 1303 98 1196
f 1388 98 1303
f 1289 1303 636
f 1289 1388 1303
f 1289 636 1153
f 360 98 1388
f 1289 360 1388
f 1027 1969 360
f 1027 360 1289
f 1303 1524 1666
f 636 1666 901
f 636 1303 1666
f 1310 311 1487
f 267 1381 1260
f 1467 1025 1310
f 1467 229 1025
f 323 229 1467
f 1310 1939 691
f 1310 1025 1939
f 1310 691 311
f 267 1260 284
f 1435 267 284
f 1591 267 1435
f 580 1513 1591
f 1435 284 724
f 1019 1435 724
f 879 1591 1435
f 580 1591 879
f 879 1435 1019
f 181 580 879
f 75 1019 1422
f 75 879 1019
f 1362 181 75
f 181 879 75
f 1591 1529 267
f 1513 1529 1591
f 889 1454 299
f 1852 889 299
f 734 87 750
f 734 649 87
f 734 109 649
f 824 299 1969
f 880 299 824
f 880 1852 299
f 109 1372 649
f 889 1372 109
f 889 1733 1372
f 1852 1733 889
f 880 1958 1852
f 1852 1958 1733
f 1471 1958 880
f 649 1094 87
f 649 1407 1094
f 1372 1407 649
f 643 1733 1958
f 1471 434 1958
f 1372 214 1407
f 1372 435 214
f 1733 435 1372
f 1733 643 435
f 534 643 1958
f 434 534 1958
f 1407 1100 37
f 1407 214 1100
f 435 507 214
f 435 308 507
f 643 308 435
f 1100 1697 37
f 1100 1068 1697
f 1100 507 1068
f 507 1100 214
f 507 308 537
f 308 751 537
f 643 751 308
f 643 717 751
f 534 717 643
f 534 732 717
f 1697 1068 1893
f 507 537 1068
f 751 1125 537
f 751 717 1125
f 717 51 1125
f 732 51 717
f 732 9 51
f 1068 101 1893
f 537 1125 1068
f 1125 101 1068
f 1125 1812 101
f 1125 51 1812
f 51 9 1812
f 681 1027 910
f 807 681 910
f 1364 681 807
f 126 1364 807
f 1092 1364 126
f 1027 824 1969
f 919 824 1027
f 681 919 1027
f 919 880 824
f 1471 880 919
f 400 1471 919
f 681 400 919
f 1364 1779 681
f 766 400 681
f 1779 766 681
f 1364 437 1779
f 1092 437 1364
f 437 1469 1779
f 327 1471 400
f 327 434 1471
f 400 766 327
f 1779 1469 766
f 327 407 434
f 434 407 534
f 766 407 327
f 766 1156 407
f 1469 1156 766
f 1469 420 1156
f 437 420 1469
f 451 420 437
f 407 732 534
f 407 306 732
f 1156 306 407
f 451 842 420
f 451 295 842
f 306 9 732
f 1156 666 306
f 420 666 1156
f 420 1043 666
f 420 842 1043
f 9 1142 1812
f 306 1142 9
f 842 936 1043
f 295 936 842
f 306 666 1142
f 1398 807 910
f 88 807 1398
f 88 126 807
f 866 126 88
f 1340 866 88
f 1814 866 1340
f 611 1814 1340
f 611 1376 1814
f 819 1376 611
f 1769 574 810
f 1092 126 866
f 1814 1092 866
f 1814 1313 1092
f 1376 1313 1814
f 819 574 1376
f 810 574 819
f 156 1769 1513
f 574 1769 156
f 1313 851 1092
f 574 1042 1376
f 851 437 1092
f 1376 1042 1313
f 156 1513 580
f 1042 418 395
f 574 418 1042
f 851 451 437
f 1313 395 851
f 1042 395 1313
f 418 156 1639
f 418 574 156
f 395 418 904
f 851 904 451
f 395 904 851
f 181 156 580
f 1639 156 181
f 4 418 1639
f 418 4 904
f 295 904 4
f 904 295 451
f 4 1639 317
f 295 4 317
f 317 181 1362
f 317 1639 181
f 936 295 317
f 230 792 1520
f 230 1878 792
f 1211 1108 230
f 1108 1878 230
f 1893 1108 1211
f 1893 101 1108
f 792 1457 696
f 792 1878 1457
f 101 1126 1108
f 1151 1871 986
f 425 1562 1918
f 1562 1151 1918
f 1457 1562 425
f 1562 1871 1151
f 1878 1884 1457
f 1884 1562 1457
f 1576 1871 1562
f 1108 1884 1878
f 1126 1884 1108
f 1126 951 1884
f 951 1576 1884
f 951 1362 1576
f 1884 1576 1562
f 1871 1422 986
f 1871 75 1422
f 1576 75 1871
f 1576 1362 75
f 1812 1126 101
f 951 936 1362
f 1812 1142 1126
f 1142 666 951
f 666 1043 951
f 1043 936 951
f 951 1126 1142
f 936 317 1362

